dest_country,shipper,value_norm_usd
Vietnam,Kide International Viet Nam Co. Ltd.,130178460.0
Vietnam,Cong Ty Tnhh Kide International Viet Nam,65089230.0
Brazil,Nan,49676248.0
United States,Mcwane India Pvt Ltd,25927764.26616768
Kenya,"Jingmen Hongtu Special Aircraft Manufacturing Co., Ltd.",18204113.81
Indonesia,Chart Energy & Chemicals Inc,11000000.0
United States,Cryolor Asia Pacific Pvt. Ltd.,9337428.391810173
Qatar,Hamilton Sundstrand Customer Support Centre (M) Sdn. Bhd.,8472770.7
Indonesia,"Huaxun Import & Export (Tongxiang) Co., Ltd.",8035275.0
Indonesia,Nortek Air Solutions Llc,6867000.0
Malaysia,Shanghai Envirotek Supplychain,6274264.72
Nigeria,Tekfen Manufacturing And Engineering Joint Stock Company,5642747.53
Malaysia,Shenzhen Envicool Technology Co Ltd,5509868.55
Malaysia,Shanghai Envirotek Supplychain Management Co Ltd,5458346.25
United States,Inox India Pvt. Ltd.,5069893.49
Malaysia,Linde Malaysia Sdn Bhd,4885692.5
Indonesia,Nanjing Qiao Chemical Co. Ltd.,4869671.58
India,Chart Inc.,4806095.72
Malaysia,Ge Aerospace Er L Us,4535955.22
Malaysia,Sunburst Ventures Hk Limited,4391518.33
Malaysia,Bac Dalian Co Ltd,3114772.64
Malaysia,Pride Chem Industries Pte Ltd,3016694.17
Malaysia,Linde Malaysia Sdn. Bhd.,2901812.2
Indonesia,Truwater Cooling Towers Sdn Bhd,2827419.67
United Arab Emirates,Hamilton Sundstrand Csc (M) Sdn. Bhd.,2775650.99
Qatar,Hamilton Sundstrand,2760589.59
United States,Field Fastener Mexico S De Rl De Cv,2759299.45
Vietnam,Cong Ty Tnhh Techtronic Industries Viet Nam Manufacturing,2611440.0
Malaysia,Shanghai Envirotek Supplychain Management Co,2471391.12
Malaysia,Hamilton Sundstrand Csc M Sdn Bhd,2381907.31
Ghana,Bharat Tanks And Vessels Llp,2364150.59
Malaysia,Evapco Shanghai Refrigeration Equipment Co Ltd,2352491.7600000002
Philippines,Hangzhou Yuhang Zhangshan Steel Cyl,2296897.8
Uganda,Ogeco,2295262.0
Qatar,"Hamilton Sundstrand Customer, Support Center (M) Sdn. Bhd.",2255370.13
Indonesia,Kukens Industries Vietnam Co. Ltd.,2248263.24
Qatar,"Hamilton Sundstrand Customer, Support Center Maastricht B.V.",2245863.74
Indonesia,Kbk Chem Engineering Pvt Ltd,2202121.1
Indonesia,Panwater Engineering Sdn. Bhd.,2132179.6
Malaysia,Smc Corporation,2091685.81
United States,Vrv Asia Pacific Pvt. Ltd.,2084583.0
Malaysia,Topway Xiamen Material Technology Co Ltd,2038341.2999999998
United States,Acerotek S A De C V,1946993.0
Malaysia,Sinro Air Conditioning Fogang Co Ltd,1854224.52
United States,Taylor Warthon Malaysia Sdn Bhd,1772251.14
Malaysia,China Kide Engineering Corporation,1742732.25
Nigeria,Tekfen Imalat Ve Muhendislik A S,1739631.4309999999
Indonesia,Pci Private Limited,1720507.25
Saudi Arabia,Inox India Pvt. Ltd.,1655384.4195915195
United States,Taylor Wharton Malaysia Sdn Bhd,1607810.44
Indonesia,Zhejiang Yuxi Rubber & Plastic Technology,1593800.18
United States,Sin Razon Social,1554291.0
Nigeria,Sdp Services Ltd,1476130.654
India,Hamilton Sundstrand,1435066.75
Vietnam,Chongqing Tonghui Kefa Gas Co Ltd,1420000.0
Malaysia,Nantong Cimc Energy Equipment Co Ltd,1384833.7
Malaysia,Bruker M Sdn Bhd,1322563.81
United States,Cryogas Equipment Pvt. Ltd.,1319735.98
Brazil,Z To Order And Na,1308791.46
Saudi Arabia,Inox India Limited,1282681.69
Vietnam,Sheng Huei Engineering Technology Co. Ltd.,1263923.2207402908
South Africa,Bnh Gas Tanks Llp,1260215.92
Vietnam,Taylor Wharton Beijing Cryogenic Equipment Co Ltd,1236137.0
Vietnam,Luxshare Precision Ltd.,1225299.38
Indonesia,Truwater Cooling Towers Sdn Bhd Executive Suite 702 Block B,1223951.44
India,Wesmor Cyrogenics Llc,1223830.98
Indonesia,Chart Energy And Chemicals Inc,1207790.0
Brazil,Embraer Aircraft Customer Services Llc,1203417.1099999999
Brazil,Airbus Sa Miami,1194922.82
Vietnam,Rongwei Technology Co Ltd,1191164.3
Vietnam,Rongwei Technology Co Limited,1191164.3
Nigeria,Optech Engineering Pvt. Ltd.,1149770.02
United States,Aritas Cryogenic Industri Sanayi Ve Tic A S,1126449.47
United States,Nan,1115166.0
Philippines,Lowa Tech Ltd,1070698.9
Vietnam,Messer Hai Phong Industrial Gases Co. Ltd.,1061808.48297
Malaysia,Grand Fortress Global Ltd,1048999.9
Nigeria,Ahs Makina Dondu Busra Bilgic,1038279.103
Philippines,Hangzhou Yuhang Zangshan Steel Cylineder Co Limited,989550.3
Indonesia,Panwater Engineering Sdn,980285.04
Philippines,Shanghai Qilong High Pressure,980101.9
Vietnam,Shijiangzhuang Enric Gas Equipment Co Ltd,974000.0
Malaysia,Hamilton Sundstrand C S C M Sdn B,963541.28
Vietnam,Vrv Asia Pacific Pvt. Ltd.,937687.74
Indonesia,Panwater Engineering Sdn Bhd,933286.27
Indonesia,Ningbo Qulity International Supply Chain Co Ltd,914983.0
Malaysia,Air Liquide Global E C Solutions Japan Ltd,906889.12
Indonesia,Golden Phoenix Solar Energy Pte. Ltd.,902885.47
Malaysia,Industrial Company Ltd,895042.0
Malaysia,Bruker M Sdn. Bhd.,874371.3200000001
Vietnam,Fine Both Trading Wuxi Co Ltd,857102.95
United Arab Emirates,Inox India Limited,852383.14
Qatar,Air Liquide Global E&C Solutions India Pvt. Ltd.,839882.19
Vietnam,Oriental Ocean Chemical Technology Pte Ltd,839200.0
Vietnam,Pyramid Co Ltd,830899.1694
Nigeria,Sharaf Shipping Agency Ltd,830760.625
Vietnam,Pyramid Co Ltd No 5 Shao Hsing South Street Taipei Taiwan Tel Fax Attn Email,827178.23
United Arab Emirates,Cryolor Asia Pacific Pvt. Ltd.,815051.66
Vietnam,Cong Ty Tnhh Cong Nghe Cong Trinh Sheng Huei,807331.0698736241
Saudi Arabia,Vrv Asia Pacific Pvt. Ltd.,785167.32
Brazil,Liebherr Aerospace Transportation Sas,775953.2100000001
Nigeria,Nikkiso Cosmodyne India Pvt. Ltd.,774295.54
Vietnam,Guangxi Pingxiang City Feng Song Import & Export Trading Co. Ltd.,769070.0
Brazil,Fca Shanghai Auto Parts Trading Co,759728.39
Indonesia,Desmet Singapore Pte,758421.39
United States,Mexicali Directo Al Cliente S De Rl De Cv,757600.0
Vietnam,"Xinxiang Chengde Energy Technology Equipment Co., Ltd.",745120.0
Indonesia,Shanghai King Sun Cooling Equipment Co Ltd,743685.77
Brazil,Stellantis Europe S P A,738875.97
Brazil,Fca Shangai Auto Parts Trading Co,729380.4099999999
Indonesia,Seagull Cooling Technologies (Asia Pacific) Sdn. Bhd.,725000.0
Indonesia,Ebara (Thailand) Ltd.,720174.57
Vietnam,Fujian Unite Material Technology Co Ltd,720000.0
Vietnam,Shenzhen Pengyu Electromechanical Environmental Protection Equipment,717974.0
Malaysia,Evapco Shanghai Refrigeration,700416.31
Saudi Arabia,Cryolor Asia Pacific Pvt. Ltd.,699925.65
Indonesia,Zte Corporation,694920.6599999999
Malaysia,Hangzhou Hangyang Cryogenic Vessel Co Ltd,694096.59
Malaysia,Spx Cooling Technologies Inc,687614.32
Vietnam,Foshan Shunlong Electromechanical Equipment Co Ltd,686969.4
Vietnam,Tti Partners Spc,683708.4195
Malaysia,Tokyo Electron Ltd,679000.71
Canada,Inox India Pvt. Ltd.,676852.27
Vietnam,Samsung E&A Co. Ltd,668990.0
Brazil,Dana Global Products,665722.14
Vietnam,Weifang Golden Sail Gas Co Ltd,650000.0
United States,Yazaki Componentes De Mexico S De Rl De Cv,647654.32
Philippines,Hangzhou Xiangertai Import And Export Co Ltd,647081.0
United Arab Emirates,Hamilton Sundstrand Csc M Sdn Bhd,645837.52
Philippines,Hangzhou Xiangertai Importexport C,639443.6
Indonesia,Air Products And Chemicals Shanghai Co Ltd,634838.14
Vietnam,Seagull Cooling Technologies Thailand Co. Ltd.,633739.898
India,Thermo Fisher Scientific Asheville Llc,632416.88
Vietnam,"Shijiazhuang Enric Gas Equipment Co., Ltd",625500.0
Malaysia,Hawsin International Trade,613445.95
Brazil,Atlas Copco Airpower Nv,607849.48
United States,Messer Hai Phong Industrial Gases Co. Ltd.,601250.0
Brazil,Aisin Aw Co Ltd,589395.85
Malaysia,Tomoe Shanghai Specialty Gases Co Ltd,584172.3
Indonesia,Baltimore Aircoil Singapore Pte Ltd,581540.0
United Arab Emirates,Optech Engineering Pvt. Ltd.,579102.99
Brazil,Hi Tech Radiators Pvt Ltd,576067.75
Vietnam,Genius Premier Sdn Bhd No 11 2 Jalan Puteri 1,573400.0
Malaysia,Linde India Ltd.,571335.38
Brazil,Enviro Systems Inc,568619.89
Canada,Trinity Rail De Mexico S De Rl De Cv,566910.0
Vietnam,Appliancz International Inc.,565923.0
India,Technology Llc,556076.26
Brazil,Daimler Truck Ag,555907.69
Vietnam,Cryolor Asia Pacific Pvt. Ltd.,551436.72
Brazil,Ufi Filters Mexico S De Rlde Cv,550481.02
Malaysia,Thermatron Engineering Inc,550335.73
Vietnam,Thuy Thanh Chemical Gas Import Export And Trading Company Limited,550000.0
India,He24 Me Gaz A S,549890.0
Malaysia,Ecodyneuet De Mexico S De Rl De Cv,547421.46
Brazil,Shenyang Tiantong Electricity Co Ltd,545489.13
Brazil,Fpt Industrial S P A,545325.43
South Africa,Vrv Asia Pacific Pvt. Ltd.,544473.890478407
Malaysia,Jiangsu Seagull Cooling Tower Co Ltd,541698.83
Vietnam,King Sun Industry Viet Nam Co. Ltd.,527965.1963403288
Vietnam,Cong Ty Tnhh King Sun Industry Viet Nam,527965.1963403288
Ethiopia,Hamilton Sundstrand Csc M S B,525595.13
Brazil,Ttp Techonologies Private Ltd,519086.11
Vietnam,Andritz China Ltd,510420.0
Malaysia,Asia Propel Sdn Bhd,508605.01999999996
Malaysia,Taylor Wharton Beijing Cryogenic Equipment Co Ltd,506316.16
United States,Liang Chi Ii (Vietnam) Industry Co. Ltd,500216.99
United States,Taylorwharton Malaysia Sdn. Bhd.,494787.74
United States,Trinity Rail De Mexico S De Rl De Cv,493901.0
Vietnam,Hongfu International Trading Hong Kong Co Ltd,488969.4
Saudi Arabia,Spark Engineers,488058.95
India,China Triumph International En,487079.62
Malaysia,Jiangsu Tenpower Lithium Co Ltd,472814.61
Vietnam,Shen Zhen Zhizhi Evergreen Technology Co. Ltd,467997.6
Vietnam,"Hangzhou Heyi M&E Engineering Co., Ltd.",462260.0
Vietnam,Jony Air Conditioning Engineering Co Ltd,455000.0
Vietnam,Shanghai Liang Chi Cooling Equipment Co Ltd,454955.0
Vietnam,"Guangzhou Laxun Technology Exploit Co., Ltd.",453000.0
United Arab Emirates,Vrv Asia Pacific Pvt. Ltd.,451210.19
Indonesia,Nihon Spindle Cooling Towers Sdn Bhd,450694.0
Nigeria,Heritage Maritime Services Limited,449946.474
Vietnam,Zhongheng Viet Nam Manufacturing Co. Ltd.,447866.2132
Nigeria,Heritage Maritime Services Ltd,445122.31500000006
Vietnam,Fine Both Trading (Wuxi) Co Ltd,444946.58
Vietnam,International Transportation Service Corporation,440000.0
Philippines,Shanghai Qilong High Pressure Container Co Ltd,438220.1
Vietnam,Hyundai Engineering & Construction Co. Ltd.,437541.0
Malaysia,China Construction Installation Group Construction Development Co Ltd,436183.07
Malaysia,Hamilton Sundstrand Csc M S B,434311.16
Malaysia,Benchmark Electronics M Sdn Bhd,434177.13
Malaysia,Coolplus Systems Sdn. Bhd.,422000.58
Philippines,Hangzhou Yumang Zhangshan Steel,413219.30000000005
Vietnam,Topstar Worldwide Group Ltd,412925.29
Vietnam,Balchem N V,412864.44250999996
Uganda,Aguliar Salas Torres,412367.27
Brazil,Chery Automobile Hong Kong Trade Co Ltd,411969.70999999996
Vietnam,Nihon Spindle Cooling Towers Sdn Bhd,401586.0
Thailand,Tomoe Malaysia Sdn Bhd,400573.38
Vietnam,"Zhejiang Oict International Supply Chain Co., Ltd.",400000.0
Indonesia,Shanghai Liang Chi Cooling Equipment Co Ltd,396946.0
United States,Hamilton Sundstrand,396178.01
Brazil,Haasen Sa,393584.0
Vietnam,Hd Hyundai Mipo Co. Ltd,391655.9436
Malaysia,Jiangsu Win Faith International Trade Co Ltd,389848.44
Vietnam,Yunnan Xiangfeng Tonghui New Material Technology Co. Ltd,380000.0
Vietnam,Super Gas Company Ltd.,379665.08262
Indonesia,Shanghai Envirotek Supplychain Management Co Ltd,377646.12
Nigeria,Agri Chemicals Ltd,376257.655
Malaysia,A R Engineering Co Inc,375586.01
Malaysia,Advantest Corporation 1 6 2 Marunou,373140.35000000003
Brazil,Swep Technology Suzhou Co Ltd,372204.13
Malaysia,Suzhou Alton Electrical,372074.94
Indonesia,"Shuangliang Eco-Energy Systems Co., Ltd.",371674.0
Nigeria,Paresa Spa,369628.564
Malaysia,Air Products Malaysia Sdn. Bhd.,365042.56
Vietnam,Daikin Fluorochemical (China) Co. Ltd.,360000.0
Brazil,Kaori Heat Treatment,359138.28
Vietnam,Nihon Spindle Cooling Towers Sdn. Bhd.,358770.19
Vietnam,Huizhou Dashun Air Conditioing Engineering Co Ltd,358324.0
Vietnam,Nantong Cimc Energy Equipment Co Ltd,358000.0
Vietnam,Astro Tech Co. Ltd.,358000.0
Malaysia,Deleum Oilfield Services Sdn Bhd,354654.85
Vietnam,Joint Sino Development Ltd,353843.0
Indonesia,Truwaters Cooling Towers Sdn. Bhd.,350462.22
United States,Inox India Limited,349866.25
Vietnam,Shenzhen Zhongshengxin Import And Export Trading Co Ltd,347361.97500000003
Malaysia,Taizhou Hbkang Trading Co Ltd,347113.16000000003
Indonesia,"Evapco (Shanghai) Refrigeration Equipment Co., Ltd.",346276.25
Nigeria,Advanced Gases Ltd,345231.528
Indonesia,Hangzhou Yangtong Technology Co. Ltd.,344795.72000000003
Malaysia,Spx Cooling Technologies Suzhou Co Ltd,344545.55
Malaysia,Texas Instruments Malaysia Sdn Bhd,334794.93
Malaysia,Spx Cooling Technologies Suzhou,330047.99
Vietnam,Cong Ty Tnhh Thuong Mai Dai Thuan,329854.17602
Malaysia,Real Quality International Trading Tianjin Co Ltd,328679.89
Vietnam,Nanjing C Hope Cement Engineering Group Co Ltd,323612.0
Vietnam,Liang Chi Ii (Vietnam) Industry Co. Ltd,323388.4661
Vietnam,Tai Shan Gases Co. Ltd.,323220.0
Vietnam,"Pingxiang New Hope Foreign Trade Co., Ltd.",320403.00771
Nigeria,Yilteks Energy Heat Machinery Manufacturing Industry And Foreign Trade Limited Company,320180.0
Vietnam,Dai Thuan Trading Co Ltd,319972.30176
Philippines,Hainan Yongan Trade Co Ltd,319894.3
Oman,Inox India Pvt. Ltd.,319871.82
Malaysia,Sunburst Ventures Hk Ltd,319862.93
Vietnam,Ningbo Ninghai Wensui Automatic Machinery Co Ltd,319476.454
Nigeria,Houpu Clean Energy Co Ltd,317315.856
Vietnam,Inox India Pvt. Ltd.,315835.47
Malaysia,Suzhou Alton Electrical Mechanical Industry Co Ltd,314498.1
Vietnam,Genius Premier Sdn. Bhd.,314103.97
Vietnam,Cong Ty Tnhh Tomoe Vietnam,312983.03173
Vietnam,Ningbo Eastar Import Abd Export Co Ltdadd Rm 6516 Building No 6 Etopparkinternet Industrial Park Changxing Rdchina,311960.0
Indonesia,Hyunsung Cooling Tower Co. Ltd.,310950.0
Vietnam,Hd Hyundai Mipo Co Ltd,307842.7291
Indonesia,Ningbo Yixin Mining Co Ltd,306423.82
Vietnam,Air Liquide Thailand Ltd.,305700.0
Vietnam,Zhaoqing Leoch Battery Technology Co Ltd,305519.06
Vietnam,Danieli C Officine Meccaniche S P A,304888.7394
Malaysia,Real Quality International,301436.97
Vietnam,Cong Ty Tnhh Super Gas,300696.67
Brazil,Chery Automobile Hongkong Trade Co Ltd,300677.03
Vietnam,Cong Ty Tnhh Quoc Te Vinata Chi Nhanh,299933.7572666667
Malaysia,Vogt Power International Inc,299034.78
Brazil,Cfm International Inc,295184.0
Vietnam,Guangxi Hongfa Trading Co Ltd,294646.31296999997
Brazil,Shanghai Schulz Machinery Co Ltd,290312.38
Nigeria,Hongyang Group Co Ltd,289462.162
Vietnam,Wisdri Engineering Research Inc Ltd,288462.0
Brazil,Api Heat Transfer Suzhou Co Ltd,287156.19
Malaysia,Air Liquide Global E C Solutions,286287.33
Ethiopia,Hamilton Sundstrand Csc M Sdn Bhd,285877.0
Brazil,Swep North America Inc,285172.6
Vietnam,Zhongheng Vietnam Manufacturing Co. Ltd.,284143.0393
South Africa,Md Ic Ve Foreign Trade Joint Stock Company,279696.02999999997
Vietnam,Chart Cryogenic Engineering Systems (Changzhou) Co. Ltd.,278140.0
Vietnam,Air Liquide Vietnam Co. Ltd.,277596.8
Indonesia,Bac Dalian Co Ltd Suzhou Branch,276950.0
Vietnam,North Street Cooling Towers P Ltd,276000.0
Vietnam,Shenzhen Laun Clean Tech Co Ltd,274766.18
Vietnam,Truwater Cooling Towers Sdn Bhd,274049.82
Kenya,Yilteks Energy Heat Machinery Manufacturing Industry And Foreign Trade Limited Company,273420.0
Malaysia,Chart Cryogenic Engineering Systems (Changzhou) Co. Ltd.,271338.21
Vietnam,Ningbo Weizhe Supply Chain Management Co. Ltd,270669.45564
Vietnam,Tomoe Vietnam Co. Ltd.,270120.48654
Indonesia,Hyun Sung C T Co Ltd,270000.0
Vietnam,Huayuan Trading Ltd.,270000.0
Brazil,Tat Technologies Ltd,269776.0
Vietnam,Air Liquide Business Service Sdn Bhd,269596.8
Indonesia,Xiamen Jing Yi Export And Import Co. Ltd.,267614.27
Vietnam,Mve Biological Solutions Us Llc New Prague Mn 56071 Us,267545.988
Brazil,Alfa Laval Spa,266915.58
United Arab Emirates,Llp Caley Energy,263878.0
Vietnam,S.Power (Hk) Ltd.,262085.15898
Vietnam,Astro Tech Co. Ltd,262000.0
United States,Inds Gutierrez S A C V,261981.71000000002
Nigeria,Karbonsan Dry Ice And Pressure Vessels Industry Trade Joint Stock Company,260567.94
Indonesia,Lipico Technologies Pte Ltdheng Loong Building Singapore658078,260000.0
United Arab Emirates,Krison Engineering Works,259948.0
Indonesia,Solar Plaza Smart Energy Ltd Co,259007.0
Brazil,Ufi Filters Mexico S De R L De C,258453.45
Brazil,Qsc Corp,258316.0
Brazil,Caterpillar Sarl,257761.0
Malaysia,Nxp Malaysia Sdn. Bhd.,257556.32
Vietnam,Taylor-Wharton (Beijing) Cryogenic Equipment Co. Ltd,256000.0
United States,Compabia Arizlu S.A. De C.V.,254587.62
Vietnam,Siti B And T Group S.P.A.,252717.19619
Vietnam,Shanghai Lifen Gas,252617.4613
Indonesia,"Zhejiang Rays Oleo Technology Co., Ltd.",241414.4
Vietnam,Vinata International Co. Ltd,241212.08226666666
Vietnam,Guangdong Xunyuan Construction Investment Co Ltd,240107.0
Philippines,Hubei Daly Lpg Cylinder Manufacture Co Ltd,239851.5
Brazil,Alfa Laval Europe Ab,239705.93
Vietnam,Cong Ty Tnhh Khi Cong Nghiep Messer Binh Phuoc,239462.29806
Indonesia,Topway Xiamen Material Technology Co Ltd,239376.0
Vietnam,Guangdong Soxi Intelligent Equipment Co. Ltd,238362.41
Indonesia,Kuken Industries Co Ltd,238214.44
Kenya,Socar Shipping Agency S A R L,237122.16999999998
Vietnam,Xiamen Liang Chi Industry Co Ltd,232745.2
Indonesia,Spx Cooling Technologies Suzhou Co,232292.81
Canada,Taylor Wharton Malaysia Sdn Bhd,231895.3
Malaysia,Orient Greenland International Trade Co Ltd,230102.06
Vietnam,Huayuan Trading Ltd,230000.0
Nigeria,Jingmen Hongtu Special,228180.166
Philippines,Nohmi Bosai Ltd International Division,227671.3
United Arab Emirates,Cryogas Equipment Pvt. Ltd.,226104.78
Philippines,Sicgil India Ltd.,225150.0
Thailand,Dorado Resources Corporation,225000.0
Ghana,Ltp Solutions Pty Ltd,224662.92600000004
Vietnam,Jade Beauty Trading Investment Co Ltd,221500.0
Brazil,Honda Trading Corporation I Pvt Ltd,220909.22
Vietnam,Mega Alliance Gases Sdn Bhd,220000.0
United Arab Emirates,Inox India Pvt. Ltd.,219261.06
Malaysia,Air Product Malaysia Sdn Bhd,214870.98
Malaysia,Mexicali Directo Al Cliente S De Rl De Cv,213000.0
Nigeria,Lions Makine Muhendislik Limited Sirketi,212548.20500000002
Brazil,"Weihui Weiyou Machinery Manufacturing Co., Ltd.",211066.0
Vietnam,Fortune Bright Co. Ltd.,210576.0
Vietnam,Vi Na Industrial Gases Trading & Service Co. Ltd.,209500.0
Indonesia,Mass Worldwide Logistics Thailand Co Ltd,208019.0
Brazil,Guizhou Yonghong Heat Transfer Cooling Technology Company,207666.47
Vietnam,Hebei Runfeng Low Temperature Equipment Co Ltd,207052.0
United Arab Emirates,Hamilton Sundstrand,206575.0
Indonesia,Nihon Spindle Cooling Towers Sdn. Bhd.,205730.91999999998
Brazil,Deere And Company,203799.0
Indonesia,Nov Process Flow Technologies As,202717.8
Thailand,Tomoe Malaysia Sdn. Bhd.,200993.95
Philippines,Hangzhou Yuhang Zhangshan Steel Cylinder Co Ltd,199807.0
Vietnam,Brothers Gas Bottling & Distribution Co. Llc,199000.0
Nigeria,Services Machinery And Trucks Maurice Ltd,198915.037
Vietnam,Lg Electronics Wroclaw,197803.08
Brazil,Deere Company,197459.0
Vietnam,Sungbo Engineering Co Ltd,197356.3374
Vietnam,Cong Ty Tnhh Cong Nghiep Liang Chi Ii,197344.36850631915
Vietnam,"Zhangjiaga Cimc Sanctum Cryogenic Equipment Co., Ltd",196141.54
Brazil,Jiaxing Kai Tian Heat Exchanger Co Ltd,194981.0
Vietnam,Air Products Singapore Industrial Gases Pte. Ltd.,194300.0
United Arab Emirates,Truwater Cooling Towers Sdn Bhd,191528.41
Vietnam,"Qingdao Ruiming Blue Sky Energy Co., Ltd.",190499.9992
India,Nihon Spindle Cooling Towers Sdn,189997.63999999998
United States,Praxair Mexico S De Rl De Cv,188932.61
Vietnam,Sun Royal Ltd.,188500.0
Nigeria,Inox India Limited,187907.74
India,Industrias Gutierrez S.A. De C.V.,186235.84
Philippines,Bj Services M Sdn Bhd,184808.05
Vietnam,Cong Ty Co. Phan Dgc,184413.8703679671
Malaysia,Amkor Technology Malaysia Sdn Bhd,183413.92
Vietnam,Aj Mechanical Engineering Shanghai Co Ltd,181873.36132
Indonesia,"Wanxiang Refrigeration (Shanghai) Co., Ltd.",181148.0
Saudi Arabia,Hamilton Sundstrand C S C,180160.29
Nigeria,Solid Makina San Ve Dis Tic Ltd Sti,179858.093
Vietnam,Cong Ty Tnhh Ky Thuat He Thong Deousi Viet Nam,179148.22067
Canada,Sin Razon Social,178800.0
Brazil,Jiangsu Yuanzhuo Equipment Manufacturing Co Ltd,178049.0
Vietnam,Guangxi Qinghai Chemical Co Ltd,177064.0
Malaysia,King Sun Industry Co Ltd,176038.22999999998
Vietnam,Guangxi Yuchai International Trade Co Ltd,176002.98
Qatar,Hamilton Sundstrand C. S. C M Sdn. Bhd.,173374.12
Vietnam,Damen Workboats B.V.,173163.13439
Malaysia,"Cccc Tianjin Dredging Co., Ltd.",172206.9
Vietnam,Cong Ty Co Phan Tap Doan Cong Nghiep Viet Phong,172011.74866
Vietnam,Viet Industry Group Joint Stock Company,172011.74866
Vietnam,Hk Rongwei Technology Co Limited,172000.0
Vietnam,Gas Vietnam Co. Ltd,171717.96334000002
Kenya,Milkotronic Ltd Dhl Aero Expreso Sa,171710.78
Vietnam,Taian Strength Equipments Co Ltd,171600.0
Vietnam,Shenzhen Anxin Trading Co. Ltd.,171385.0
Vietnam,Cong Ty Tnhh Iwatani Viet Nam,170898.95731
Indonesia,Jiangsu Ocean Cooling Equipment Co. Ltd,170283.61
Senegal,Karbonsan Dry Ice And Pressure Vessels Industry Trade Joint Stock Company,167865.39
South Africa,Gokceler Domestic And Foreign Trade Cooling Systems Joint Stock Company,167272.6
Brazil,Carrier Transicold Limited Cap,166435.0
Vietnam,Cong Ty Tnhh Cong Trinh L & K Viet Nam Cong Ty Tnhh,165856.29028000002
Nigeria,Lions Machinery Engineering Ltd,165075.0
Vietnam,Forest Tavern International Co. Ltd.,165000.0
Vietnam,Hainan Yongan Trade Co Ltd,163576.39984
Vietnam,Guang Dong Foster Fluid Technology Co Ltd,163475.28
Philippines,Guangxi Qin An Technology Co Ltd,162093.0
Vietnam,Cong Ty Co Phan Nippon Sanso Viet Nam,161664.68270583168
United Arab Emirates,Guven Bombe And Pressure Vessels Joint Stock Company,161306.0
Malaysia,Changzhou Choice Imp Exp Co Ltd,161109.82
United States,Yingyi Hai Phong Machinery Co. Ltd.,160610.22
Vietnam,Vinacomin Mining Chemical Industry Holding Corporation Limited,160000.0
Vietnam,Yunnan Xiangfeng Tonghui New Material Technology Co Ltd,160000.0
Vietnam,Linggas Materials Tianjin Ltd,160000.0
Vietnam,J And E International China Co Ltd,160000.0
Brazil,Cummins Supply Chain Technologies And Management Shanghai,159682.08000000002
Oman,Yilteks Energy Heat Machinery Manufacturing Industry And Foreign Trade Limited Company,159350.0
Vietnam,Vinata International Co. Ltd.,159100.36666666667
Malaysia,Kunshan Fager Mechanical And Electrical Engineering Co Ltd,157311.1
Philippines,Hubei Yaoxing International Trading Co Ltd,156470.0
Malaysia,Jiangsu Seagull Cooling Tower Co,156364.62
Vietnam,Rk Engineering Co. Ltd.,156207.54
Vietnam,Cgn Dasheng Electron Accelerator Technology Co Ltd,155000.0
Brazil,Hongsheng Thermal System Ltd,153805.43
Brazil,Fpt Industrial Spa,153533.0
Brazil,Peugeot Cars,153514.81
Philippines,Inox India Pvt. Ltd.,153448.47999999998
Vietnam,Huatai Yongchuang Beijing Tech Co Ltd,152520.0
Malaysia,Nxp Malaysia Sdn Bhd,152478.65
Vietnam,Inox India Ltd.,151500.0
Indonesia,Bac Dalian Co Ltd,151308.0
Vietnam,Finn & Moa Industrial Co. Ltd.,150750.0
Philippines,Hangzhou Xiangertai Import Export,150392.0
Vietnam,Lowa Tech. Ltd.,150390.0
Indonesia,"Qingdao Huakun Engineering Co., Ltd.",150346.41
Indonesia,Encon International Limited 19 Cam,150300.0
Malaysia,Hua Yin Trading Development Co Ltd,149362.0
United Arab Emirates,Karbonsan Dry Ice And Pressure Vessels Industry Trade Joint Stock Company,148773.34
Vietnam,Appliancz International Inc,147886.0
Malaysia,Applied Material S E A Pte Ltd,147811.03
India,Nihon Spindle Cooling Towers Sdn. Bhd.,147326.38
United States,Industrias Gutierrez S.A. De C.V.,146417.46000000002
Uganda,Total Energies Marketing Afrique 92069 Paris La De,145364.0
Vietnam,Guangxi Pingxiang Futai Imp. & Exp. Trade Co Ltd,145227.18
Brazil,Airbus Sas,145109.59
Vietnam,Guangzhou Farwei Trading Co Ltd,144606.0
Saudi Arabia,Ak Steel Pipe Industry Joint Stock Company,144160.0
Brazil,Wuxi Passion Heat Exchanger,143975.39
Indonesia,Hunan Yuanheng Technology Co. Ltd,143720.0
Indonesia,Moon Enviroment Technology Co Ltd,143530.0
Vietnam,Cong Ty Tnhh Thiet Bi - He Thong L.P.G,141943.22271
Brazil,Parker Hydraulic Systems Division,141260.06
Vietnam,Alwayus Industry Co. Ltd.,141120.0
Vietnam,Reamor Industry Hong Kong Ltd.,141075.0
Vietnam,Cong Ty Tnhh Cong Trinh Xay Dung Tung Nhat,140045.93404
Vietnam,Jiangsu Aricen Electronic Materials Co Ltd,140000.0
Vietnam,Kunshan Rezota Co. Ltd.,139263.0
Malaysia,Bmw Asia Technology Centre Sdn Bhd,139087.28999999998
Malaysia,Fujian Changyi Industry Co Ltd,138276.04
Vietnam,Cong Ty Tnhh Xay Dung Zyf Viet Nam,138026.43057
United States,Liang Chi Ii Vietnam Industry Co Ltd Co Ltd,136453.67
Vietnam,Shengbo Electronics Co Ltd,136440.0
United States,Hamilton Sundstrand Customer Support Centre M Sdn Bhd,136072.52
Vietnam,Zyf Viet Nam Construction Company Ltd.,135983.98932
Vietnam,"Xingtai Jingpai Tranding Co., Ltd.",135000.0
Vietnam,Sei Electronic Components Vietnam Ltd,134818.5888
Vietnam,Iwatani Vietnam Co. Ltd.,134810.70387
Malaysia,Zhaoqing Leoch Battery Technology Co Ltd,134661.29
India,Smc Corporation,133827.89
Uganda,A. Silva Matos Metalomecanica S.A.,133071.35
Qatar,Karbonsan Dry Ice And Pressure Vessels Industry Trade Joint Stock Company,132955.52
Malaysia,Denso International Asia Pte Ltd,131622.58
Vietnam,Bhl Asia Acme Sdn. Bhd.,131425.13
Vietnam,Wuhan City Environment Protection Engineering Limited Company,131355.5
Brazil,Denso Marston Ltd,130808.0
Vietnam,Tung Nhat Construction Co. Ltd.,130496.45388
Indonesia,Grand Brilliance Industry Limited,130006.0
Vietnam,Tung Nhat Construction Co Ltd,129324.48258
Vietnam,Cong Ty Tnhh San Xuat Lop Xe Bridgestone Viet Nam,129243.78277
Malaysia,Siemens Energy Global Gmbh Co. Kg,128278.99
Malaysia,Dghh Exim Ltd,127256.48
Vietnam,Cryolor,127229.35636
Vietnam,Chinh Thuong Import Export Trading Investment Company Limited,126000.0
Indonesia,Air Products Chemicals Shanghai Co Ltd,125422.39
Malaysia,"Zhangjiagang Cimc Sanctum Cryogenic, Equipment Co Ltd",125292.01
Vietnam,Guangxi Nanning Vision Mechanical And Electrical Co Ltd,124408.17
Brazil,Gepr Energy Inc,124200.0
Vietnam,Visicons Construction And Investment Joint Stock Company,124077.41588425249
Vietnam,Tianchen Engineering Corp.,123910.52
United States,Hypro Engineers,123553.28
Vietnam,Cong Ty Tnhh Topscience Viet Nam,123498.37519
Vietnam,Skyworth Intelligent Equipment (Huizhou) Co. Ltd.,122960.45
Vietnam,Suretank Ltd,122840.8
Vietnam,Cryolor Asia Pacific Pvt Ltd,122753.0
Vietnam,Viet Nhat Technology And Construction Investment Joint Stock Company,122622.46874000001
Vietnam,Kunshan Rezota Co,122507.92
Vietnam,Patel International Ltd.,121080.0
Vietnam,Cooler Master Hui Zhou Co Ltd,120416.0
Vietnam,Kim Viet Phat Trading Joint Stock Company,120000.0
United Arab Emirates,Mig Company Ltd.,120000.0
Vietnam,Tough International Trading Co. Ltd.,120000.0
Brazil,Limco Airepair Inc,119981.0
Vietnam,Sed Hong Kong Company Limited,119924.41
Vietnam,"Shanghai Air Water International Trading Co., Ltd.",119600.0
Vietnam,Sheng Huei Engineering Technology Company Limited,119287.76698
Vietnam,Sopet Gas One Company Ltd.,119147.86321
Vietnam,Chart Cryogenic Engineer Systems Changzhou Co Ltd,117960.0
Malaysia,Beijing Tianhai Industry Co Ltd,117717.06
Malaysia,Krr Engineering Pvt Ltd,117488.41
Malaysia,Tianjin Zhongfu Recycling Science Technology Co Ltd,117435.94
Vietnam,Cong Ty Co Phan Dau Tu Xay Dung Va Cong Nghe Viet Nhat,117304.26544
Malaysia,Tianjin Oubaiwei Corp Ltd,117201.61
Vietnam,"Xiamen Liang Chi Industry Co., Ltd.",116570.0
Vietnam,Henan Xinlianxin Shenleng Energy Co Ltd,116375.0
Vietnam,Nippon Thermoener Co. Ltd.,116317.75056
United Arab Emirates,Industrias Gutierrez S.A. De C.V.,115439.48000000001
Malaysia,Sapura Drilling Asia Sdn Bhd,115255.3
Uganda,De Visser Trading Bv,114562.24
Brazil,Sikorsky Commerical Inc,114515.97
Indonesia,Suzhou Meigang Eng Tech Ltd.,114000.0
Brazil,Swep International Ab,113222.0
Nigeria,Hubei Chengli Special Automobile Co Ltd,112923.15
Vietnam,Deutsche Lufthansa Aktiengesellschaft,112906.54
Brazil,Shanghai Jingke Scentific Instrument Co Ltd,112121.0
United Arab Emirates,Cazgir Construction Heat Systems Trade And Industry Joint Stock Company,112000.0
Saudi Arabia,Taylor Warthon Malaysia Sdn Bhd,111814.99
Vietnam,Chart Cryogenic Distribution Equipment (Changzhou) Co. Ltd.,111730.0
Vietnam,Air Water Vietnam Co Ltd,111700.0
Vietnam,"Huatai Yongchuang (Beijing) Tech., Co. Ltd.",111488.0
Vietnam,Ningbo Jintian Import & Export Co. Ltd,111480.0
Indonesia,"Fuzhou Jingcheng Trade Co., Ltd.",111306.68
Brazil,Shiyan Enter Auto Parts Co Ltd,111118.0
Vietnam,Topscience Vietnam Company Limited,110897.18906
Vietnam,Haitian Huayuan Singapore Pte Ltd,110389.9
Vietnam,Inox India Private Liited,109100.0
Vietnam,Dongguan Mongomery Exhibition Decoration Engineering Co. Ltd.,109097.6
Vietnam,Jiangsu Newcoso Machinery Co. Ltd,108628.08
Malaysia,Air Product Malaysia Sdn. Bhd.,108498.79
Namibia,Oeg Offshore Uk Limited,108467.73
United Arab Emirates,Hamilton Sundstrand Csc (M) S/B,107873.8
Vietnam,"Evapco (Shanghai) Refrigeration Equipment Co., Ltd.",107571.3
Vietnam,Ningbo Mingxin Chemical Machinery Co Ltd,107300.0
Vietnam,Balchem Nv,107230.24700999999
Brazil,Atr Avions De Transport Regional,107027.52
Vietnam,Suzhou Oxygen Plant Co Ltd,107000.0
Vietnam,Deousi System Engineering Co Ltd,106204.74923999999
Malaysia,Nanjing Ndt Commercial Trading Co Ltd,106080.17
Brazil,Honda Trading Corporation,106046.16
Nigeria,Landi Renzo S P A And Ngv Systems,105727.13
Vietnam,Cong Ty Co Phan Xay Dung Va Dau Tu,105319.17323999999
Indonesia,Weifang Heng An Imp Exp Co Ltd,105286.0
Vietnam,Liang Chi Ii Vietnam Industry Co Ltd Co Ltd,105232.33110000001
Philippines,Nohmi Bosai Ltd,105034.8
Brazil,Scania Cv Ab Publ,104972.41
Malaysia,Csc Engineering Sdn Bhd,104674.89
Vietnam,Sei Electronics Components Vietnam Ltd,104049.68717
Vietnam,Global Gases Group Fze,104000.0
Malaysia,"Wanxiang Refrigeration (Shanghai) Co., Ltd.",103699.39000000001
Vietnam,Solarspace Technology (Laos) Sole Co. Ltd,103217.23
Vietnam,Ea Construction Hong Kong Co. Ltd.,102941.18
Oman,Mimmak Marketing Import Export Industry And Trade Ltd,102900.0
Vietnam,Fu Sheng Vietnam Industrial Co. Ltd.,102859.33064
Vietnam,Acton Development (Hong Kong) Ltd.,102680.0
Malaysia,Hangzhou Chengyingi Energy Technology Co Ltd,102628.51000000001
Brazil,Delta Techops,102334.39
Indonesia,Ha'Ng Zh'Ou Yu Hengyouchuang Trade Co. Ltd.,102300.0
Brazil,Atlas Copco Airpower N V,102126.91
Vietnam,Xiamen Boxu Supply Chain Management Co. Ltd,101987.56
Nigeria,Bdp International Uk Limited,101699.389
Malaysia,Nantong Cimc Energy Eqpt Co Ltd,101692.65
Indonesia,Broad Air Conditioning,101573.0
United States,Chandra Asri Pacific Tbk,101518.54000000001
Vietnam,Braden Uk Ltd.,101170.65562
Vietnam,Nippon Sanso Vietnam Joint Stock Co.,100766.5514297
Vietnam,Jointsino Development Ltd,100693.0
Vietnam,Hunan Zisheng Technology Co Ltd,100530.0
Vietnam,Biz T International Cambodia Co Ltd,100000.0
India,Tianjin Cement Industry Design Reserch Institute,99572.38
Vietnam,Regener International Ltd,99519.83
Brazil,Andritz Hydro Gmbh,99081.79
Vietnam,Ningbo Eagle Machinery & Technology Co. Ltd,99000.0
Brazil,Frigel 3C Ebara,98028.0
Brazil,Oesse Srl,97227.33
Vietnam,Chuang Xing International Construction Co. Ltd.,96925.17881000001
Vietnam,Cong Ty Tnhh Xay Dung Quoc Te Chuang Xing,96774.69847
Brazil,Jiangsu Baode Heat-Exchanger Equipment Co Ltd,96586.0
South Sudan,Tononka Steels Limited,96133.301
Vietnam,Cong Ty Co Phan Tap Doan Investcorp Co. Ltd.,95603.82852000001
Vietnam,Wensui Intelligent Equipment Inc,95556.76
Philippines,Linde Engineering Apac Co Ltd,95542.1
Philippines,Yangzhou Gao De Bao Gas Appliance M,95478.0
Vietnam,G Tech Optoelectronics Corporation,95285.46
Vietnam,Towin Mechanical And Trading Joint Stock Company,93917.70800000001
Vietnam,Shanghai Lianfeng Gas Co Ltd,93846.35463
Saudi Arabia,Guven Bombe And Pressure Vessels Joint Stock Company,93801.5
Vietnam,"Guangdong Tangshihoa Industry And Trade Co., Ltd.",93200.0
Vietnam,"Nanjing Ocean Industry Co., Ltd.",92965.0
Brazil,Aps Air Parts Services Supplies Ltd,92799.0
Brazil,"Wuxi Mashan Yonghong Heat Exchanger Co., Ltd.",92520.4
Vietnam,Asia Pacific Gas Enterprises Co. Ltd.,91700.0
Vietnam,Kashiwa Chemical Company Ltd.,91286.0
South Sudan,Tononka Steels Ltd,91051.969
Brazil,Ufi Green Technologies Jiaxing Co Ltd,90850.06
Vietnam,Vrv Asia Pacific Pvt Ltd,90255.0
Kenya,Optech Engineering Pvt. Ltd.,90135.41
Qatar,Vrv Asia Pacific Pvt. Ltd.,90051.5761662763
Vietnam,Astro Engineering Vietnam Company Limited,90000.0
Vietnam,Daikin Chemical International Trading Shanghai Co Ltd,90000.0
United Arab Emirates,Ak Steel Pipe Industry Joint Stock Company,89600.0
Vietnam,Gt Viet Nam Petrol Technology Joint Stock Company,89251.68325
Vietnam,Cong Ty Tnhh Cong Nghe Cong Trinh Sheng Huei Tang,89018.79906
Vietnam,Oriental Ocean Chemical Technology Pte. Ltd.,87400.0
Vietnam,Changya Newmaterial Technology Co Ltd,86440.0
Vietnam,"Guangxi Nanning Vision Mechanical & Electrical Co., Ltd.",86334.47
India,Flowserve Srl,85771.2
Malaysia,General Electric Switzerland Gmbh,85733.5
Vietnam,Isgec Heavy Engineering Ltd.,85410.0
Indonesia,Kuken Industries Co. Ltd.,84971.98000000001
Philippines,Jingmen Hongtu Special Aircraf,84928.5
Vietnam,Ea Construction Hong Kong Co Ltd,84819.32
Vietnam,Smart Gas Pte Ltd,84000.0
Malaysia,Liebherr Singapore Pte Ltd,83953.28
Vietnam,Guangxi Jinchen Import And Export Trade Co Ltd,83845.0
Vietnam,Ebara Refrigeration Equipment Systems China Co Ltd,83556.63842
Vietnam,L K Engineering Vietnam Co Ltd,83438.70808
Brazil,Modine Hungaria Kft,83321.49
Vietnam,L K Engineering Vietnam Co Ltd Limited,83137.47102
Brazil,Gtinternational Hk Limited,82365.0
Vietnam,Cong Ty Tnhh Tk P&S Vina,82352.94
Kenya,Gasgrup Enerji Sistemleri Ins Taah San Ve Tic As,82332.95999999999
Vietnam,"Guangxi Pingxiang City Feng Song Import & Export Trading Co., Ltd.",82300.0
Vietnam,Yingyi Hai Phong Machinery Co. Ltd.,82069.56
Vietnam,Pingxiang Baihang Foreign Trade Co Ltd,81562.04436
Vietnam,Linde Malaysia Sdn Bhd,81500.0
United Arab Emirates,Svifflug S De Rl De Cv,81427.02
Vietnam,"Quzhou Xinyue Machinery Equipment Co., Ltd.",81020.0
Vietnam,Bright Future International Trade Ltd.,81000.0
Kenya,Cryotechnic Pressure Vessels Machinery Engineering Project Construction Import Export Industry And Trade Ltd,81000.0
Vietnam,Ningbo Dsw International Co. Ltd.,80520.8
Nigeria,Industrial Medical Gases Nigeria Plc,80246.713
Malaysia,Xiamen Tengsheng Investment Co Ltd,80238.68
Vietnam,Xinxiang Chengde Energy Technology Equipment Co Ltd,80200.0
Vietnam,J E International China Co Ltd,80000.0
United Arab Emirates,Brams Gases Ltd Kenblest Premises,79974.845
Philippines,Linyi Yongquan Import Export Co,79946.0
Indonesia,Schneider Electric It Hong Kong Ltd,79919.0
Malaysia,Pt. Schneider Electric Indonesia,79919.0
Philippines,Inox India Limited,79817.05
Brazil,Chengdu Beluckey Techonology Co,79404.0
Malaysia,Anhua Intelligent Co Ltd,79150.35
Brazil,Danfoss Distribution Ii A S,79143.11
Vietnam,Fujian Jiuce Gas Co Ltd,79060.0
United Arab Emirates,Mimmak Marketing Import Export Industry And Trade Ltd,79000.0
Vietnam,Genius Premier Sdn Bhd,78969.02
Vietnam,Fuji Cac Joint Stock Company,78732.90681
United States,Mauria Udyog Ltd,78544.3
Vietnam,Cong Ty Trach Nhiem Huu Han Cong Nghiep Fu Sheng Viet Nam,78468.57526
Vietnam,Nanning Raintide Import And Export Trading Company,78000.0
Vietnam,Lixun Technology Co. Ltd,77347.0
Vietnam,Shenzhen Yongchaofu Import And Export Trading Co Ltd,76646.58
Malaysia,Guangdong Kun Wei Supply Chain,75959.73
Brazil,Ttp Technologies Private Limited,75943.51999999999
Vietnam,"Jinan Deyang Cryogenic Technology Co., Ltd.",75804.0
Vietnam,Ea Construction Hong Kong Co Limited,75731.61
United Arab Emirates,Betsima Engineering Industry And Trade Ltd,75500.0
Vietnam,Raybo Trading Co. Ltd.,75262.5
Vietnam,Chi Nhanh Cong Ty Tnhh Cong Trinh Dien Khi Hoa Thai Cong Ty Tnhh,74824.53705
Vietnam,Hoa Thai Electricity Construction Company Ltd.,74824.53705
Brazil,Meggitt Aerospace Ltd,74732.18
Vietnam,Tnd Trading Ltd,74628.0
Nigeria,Shangdong Kerui Petroleum Gas Equipment Co Ltd,74592.863
Malaysia,Shaoxing Bohui Import & Export Co.,74296.5
Vietnam,Guangxi Pingxiang Sitong Import And Export Trade Co Ltd,74027.44088
Indonesia,Sunflower Energy Cambodia Co Ltd,74000.0
Vietnam,Damen Workboats B V,73633.91018
Brazil,Airbus Americas Inc,73624.18
Vietnam,Shandong Grad Group Import Export Co Ltd,73579.99979999999
Vietnam,Precision Parts Uk Ltd.,73327.25943
Vietnam,Vietnam Deousi System Engineering Co. Ltd.,73041.78003
Malaysia,Jiangsu Qiulin Special Energy,73012.53
Malaysia,Geely Automobile International Corp,71995.79
Malaysia,Fujian Fangzhong Electromechanical Equipment Co Ltd,71894.81
Vietnam,Advanced Sciences Technologies Co Ltd,71731.89339
Vietnam,Cong Ty Co Phan Vat Tu Thiet Bi Y Te,71576.54061
Malaysia,Sr Technics Switzerland Ag,71537.72
Malaysia,Sr Technics Switzerland Ag Material Receiving,71537.72
Vietnam,Hong Kong Gangrong Trade Development Co Ltd,71445.0
Malaysia,Huizhou Snowman Coollng Equipment Co,71126.29
Philippines,Hangzhou Tianlong Steel Cylinder Co Ltd,70991.2
Malaysia,Advantest Singapore Pte Ltd,70985.2
Vietnam,Hefei Yiquan New Energy Co Ltd,70399.51
Vietnam,Toyo Machinery & Metal Co. Ltd.,69750.0
Vietnam,Seojin System Co Ltd,69364.45
Malaysia,Renesas Semiconductor Kl Sdn Bhd,68701.79000000001
Vietnam,Asia Pacific Gas Enterprises Co Ltd,68550.0
Philippines,Hangzhou Xiangertai Importexport Co Ltd,68353.0
Brazil,Thermokey S P A Heat Exchange Solutions,68190.3
Philippines,Hangzhou Xiangertai Import And Export Co,68174.0
Vietnam,Zhejiang New Wision Import Export Co Ltd,68000.0
Vietnam,Zhejiang Haicold Cooling Technology Co Ltd,68000.0
Vietnam,Bright Future International Trade Ltd,67600.0
Vietnam,V-Stars Unite International Ltd.,67550.0
United Arab Emirates,Auriga Gases Services Llp,67529.67
Malaysia,Eleet Cryogenics Inc,67500.92
Malaysia,Jiangsu Tianhongan Building,67181.19
India,Thermo Fisher Scientific,66905.37
Vietnam,Shandong Zhongneng Zhihua Energy Equipment Technology Co Ltd,66670.0
Brazil,Caterpillar Inc,66344.25
India,Shanghai Wsmos Fine Chemical Co.,66219.89
Malaysia,Siemens Energy Global Gmbh,65939.04
Oman,Tedsan Machinery Engineering Contracting Industry And Trade Ltd,65750.0
Malaysia,Lam Research Corp,65747.17
Vietnam,"Shandong Hongqiao Energy Equipment Technology Co., Ltd.",65600.0
Malaysia,Celestica Platform And Cloud,65483.41
United States,Ika Works (Asia) Sdn. Bhd.,65151.54
Vietnam,Denis Global International Co Limited,65118.46
Indonesia,Guntner Asia Pacific Pte. Ltd.,65062.0
Brazil,Hyundai Motor Company,64989.0
Kenya,Yilteks Enerji,64074.71
Vietnam,Huizhou Dashun Air Conditioning Engineering Co. Ltd.,64054.0
Indonesia,Suzhou Hanbai Environmental Technology Co. Ltd.,64000.0
Vietnam,"Wuxi Triumph Gases Equipment Co., Ltd.",64000.0
Indonesia,"Chengdu Dequan Trading Co., Ltd.",63773.87
Malaysia,Thermo Logical Engineering Sdn. Bhd.,63653.85
Malaysia,Omega Thermo Products,63258.66
Malaysia,Heatex Shanghai Co Ltd,63099.39
Philippines,Shanghai Qilong High Pressure Conta,63060.5
Malaysia,Shenzhen Top China Imp Export,62918.83
India,Acre Coking Refractory Engineering Consulting Corporation,62772.3
Saudi Arabia,Karbonsan Dry Ice And Pressure Vessels Industry Trade Joint Stock Company,62700.0
Vietnam,Long Hung Works Construction Trading Investment Development Ltd. Co.,62491.333333333336
Brazil,Newark,62491.26
United Arab Emirates,Nihon Spindle Cooling Towers Sdn. Bhd.,62414.09
Brazil,Baode Heat Exchangers Equipment Co Limited,62130.06
Vietnam,Dragon Waves Frozen Food Factory Co. Ltd.,62125.0
Vietnam,Nha Trang Bay Joint Stock Co Lot B13 1 St Suoi Dau Industrial Zone Cam Lam District,62125.0
Vietnam,Erixmar Srl Corso Plebisciti 2019Milano,61903.0
Vietnam,Hongkong Bao Zun International Co Limited,61715.0
Vietnam,Scw Hong Kong International Group Co Ltd,61601.0
Vietnam,Hongkong Kaibo International Group Ltd,61235.0
Vietnam,Advanced Sciences & Technologies Sa,60950.12614
Vietnam,Inox India Ltd,60900.0
Philippines,Cummins Power Generation Ltd,60818.6
Indonesia,Ef Cooling Ernst H Furerrer Ag,60604.0
Malaysia,Shanghai Jingke Scientific,60051.96
Vietnam,Leoch Battery Shenzhen Corp,60048.11
Vietnam,Huayuan Trading Ltd Ltd,60000.0
Vietnam,Jade Beauty Trading Investment Company Ltd.,60000.0
Vietnam,Vina Peak View Technology Co. Ltd.,60000.0
Vietnam,Nantong Hengtai Graphite Equipment System Co Ltd,59830.0
Vietnam,Shenzhen Huayue Brothers Technology Co Ltd,59567.80729
India,Md Ic Ve Foreign Trade Joint Stock Company,58832.450000000004
Indonesia,Mm Powertech Ltd.,58796.02
Malaysia,Ningbo Mingxin Chemical Machinery Co Ltd,58774.52
Brazil,Ingersoll Rand Industrial Limited,58593.02
Vietnam,Mk Chemical Co Ltd,58490.0
Vietnam,Wuxi Keling Weier Industrial Equipment Co. Ltd,58458.0
Qatar,Erkasis Engineering Cooling Industry Trade Joint Stock Company,58200.0
Vietnam,Asia Pacific Gas Enterprise Company Limited,58175.0
Vietnam,Ningbo Gemwin Import And Export Co Ltd,58150.0
Vietnam,Hongkong Hailiang Metal Trading Ltd.,57696.99
Vietnam,Smart Best Co. Ltd. Super Trade Overseas Co. Ltd.,57200.0
Vietnam,Smart Best Co. Ltd.,57200.0
India,Phuc Thanh Viet Nam Joint Stock Company Co.,57000.0
Malaysia,Jiangxi Oxygen Plant Co Ltd,56957.1
Indonesia,Hunan Yuanheng Technology Co Ltd,56810.0
Vietnam,Isgec Heavy Engineering Ltd,56700.0
Vietnam,Cong Ty Tnhh Cong Nghe Cong Trinh Sheng Hieu,56523.77968
Malaysia,Zjmz Import Export Co Ltd,56052.51
Brazil,Hofmann Beijing Engineering Technol,55991.0
Vietnam,Bs Shipping Pvt. Ltd.,55976.07536
Namibia,Anhui Cox Import Export Trading Co Ltd,55831.61
Vietnam,Azenta Uk Ltd,55231.0
Ghana,Flsmidth Inc.,55193.511999999995
Brazil,Jiangsu Feiyang Technology Corporation Limited,55151.99
Malaysia,Lufthansa Technik Ag,55087.22
Malaysia,Hrs Process Systems Ltd,54932.01
Vietnam,Kunjek Viet Nam Cage No 1 Joint Stock Company,54720.33710999999
Malaysia,Megade Chong Qing Trading Co Ltd,54445.52
Philippines,Hebei Runfeng Low Temperature,54430.1
South Africa,Bharat Tanks And Vessels Llp,54391.0
Brazil,Shanghai Qualiway Industry Co Ltd,53896.57
Philippines,Aarti Industries Ltd,53718.0
Nigeria,Dogumak Ic Ve Dis Ticaret Limited Sirketi,53572.735
Ghana,Karbonsan Kurubuz Ve Basincli Kaplar San. Tic. Ltd. Sti.,53319.372
Malaysia,Xiamen Liangyi Cooling Equipment,53309.2
Malaysia,Wuxi Triump Gases Equipment Co Ltd,53308.229999999996
United States,Pt Lotte Chemical Titan Nusantara,53291.6
Vietnam,Wuhan Rui Sunny Chemical Co Ltd,53280.0
Vietnam,Tianjin Golden Hugeline Co. Ltd.,53181.0
Brazil,Unison Industries Inc,53163.0
Vietnam,Cong Ty Tnhh Kobelco Compressors Viet Nam,53065.833889999994
Vietnam,Zilmet S P A,52953.45906
India,Nantong Cimc Energy Equipment Co Ltd,52894.0
Vietnam,"Tianjin Kaixin Century Refrigeration Equipment Engineering Co., Ltd.",52133.22
Vietnam,Cryotech Vietnam Joint Stock Company,51850.0
Vietnam,Spx Cooling Technologies Malaysia Sdn. Bhd.,51844.2
Vietnam,Nippon Sanso Vietnam Joint Stock Company,51738.124170809584
Kenya,Jinja,51274.08
Malaysia,Zhaoqing Leoch Battery,51266.659999999996
Indonesia,"Jingjiang Coolbit Machinery Co., Ltd.",51220.03
Vietnam,Stavian Viet Nam Holdings Co. Ltd.,51151.9747
Vietnam,Pingxiang New Hope Foreign Trade Co Ltd,51101.03195
Vietnam,Triple Golden Foam Technology Co. Ltd.,51000.0
Malaysia,K R R Engineering P Ltd,50998.07
Indonesia,Dongfang Electric International Corporation,50940.22
Vietnam,Beifa Group Co. Ltd.,50714.29
Indonesia,Kawata Pacific Pte. Ltd.,50430.0
Vietnam,Cisdi Thermal Environmental Engineering Co Ltd,50404.0
Vietnam,Cong Ty Tnhh May Moc Yingyi Hai Phong Lo,50216.82652
Vietnam,Nagoya Vietnam Industry Co. Ltd.,50189.113560000005
Philippines,Hangzhou Xiangertai Import And Export,50034.0
Vietnam,Cns Electronic Materials (Viet Nam) Company Ltd.,50000.0
Vietnam,Thuy Thanh Chemical Gas Import Export And Trading Company Ltd,50000.0
Indonesia,Fuzhou Julitaihe International Trad E Ltd,49913.869999999995
Malaysia,Cryolor Asia Pacific Pvt. Ltd.,49880.04
Indonesia,Pt Saipem Indonesia Pte Ltd,49861.25
India,Smc Corporation Of America,49690.659999999996
Vietnam,Co Asia Marine Technology Co Ltd,49500.0
Vietnam,Bhl Asia Acme Sdn Bhd,49432.770000000004
Vietnam,Cong Ty Tnhh Nacs Engineering Vietnam,49404.76188
Vietnam,Nacs Engineering Vietnam Co. Ltd.,49404.76188
Vietnam,Foshan Guicheng Ltd,49371.0
Saudi Arabia,Yilteks Energy Heat Machinery Manufacturing Industry And Foreign Trade Limited Company,49350.0
Vietnam,"Future Life Information Development Co., Ltd.",49300.0
Vietnam,Sopet Gas One Cong Ty Trach Nhiem Huu Han,49203.460609999995
Vietnam,Lowa Tech Ltd,49000.0
Vietnam,Gas Vietnam Co Ltd,49000.0
Vietnam,Lowa Tech Ltd Address Room 602,49000.0
Vietnam,Cong Ty Tnhh Thuong Mai Dich Vu Thien Binh,48888.97094
Vietnam,Thien Binh Bac Ninh Trading Services Co. Ltd.,48888.97094
Vietnam,Feng Jiang Vietnam Electro Mechanical Construction Co. Ltd.,48775.62722
Vietnam,Cong Ty Tnhh Ky Thuat Dien Xay Dung Feng Jiang (Viet Nam),48775.62722
Ghana,Steelcon Technovision Pvt Ltd,48702.4
Malaysia,Advantest,48652.91
Indonesia,B K K Cooling And Engineering Co. Ltd.,48609.85
Vietnam,D Warehouse International Import Export Co Ltd Co Ltd,48362.0
Vietnam,Pingxiang City Nanpak New Material,48260.0
Brazil,Bayco International Inc,48191.29
Brazil,Costante Sesino Spa,48030.0
Indonesia,Accent Cooling Towers Co.,47825.0
Nigeria,Yilteks Enerji Isi Makina Iml San Ve Dis Tic Ltd Sti,47699.465000000004
Philippines,Chart Cryogenic Engineering,47256.3
Vietnam,"Jiangsu Minsheng Heavy Industry Co., Ltd.",47254.78
Saudi Arabia,Mysore Ammonia Envirotech Private Limited,47144.38
Vietnam,Zhangjiagang Cimc Sanctum Cryogenic Equipment Co Ltd,47100.0
Vietnam,Pingxiang Junsheng Trading Co Ltd,47000.0
Vietnam,Castem Siam Co Ltd,46840.0
Brazil,Guangxi Liugong Mechinery Co Ltd,46772.0
Vietnam,Samsung C & T Corporation Engineering,46754.197
Vietnam,Dongguan Y. R. Trading Co. Ltd.,46733.0
Vietnam,Kobelco Compressors Vietnam Co Ltd,46566.931410000005
Brazil,Wuxi Fangsheng Heat Exchanger Corp. Ltd.,46369.49
Senegal,Vrv Asia Pacific Pvt. Ltd.,46227.65
Vietnam,Hk Shenzhongji Trade Ltd.,46200.0
Vietnam,Vsg Gas Production-Trading Services Co. Ltd.,46200.0
Vietnam,Alwayus Industry Co Limited,46200.0
Indonesia,Shenzhen Newin Machinery Co. Ltd,46072.54
Vietnam,Chongqing Yahua Auto Parts Co Ltd,45735.37
Malaysia,Avia Technics Dirgantara,45700.0
United States,Ika Works Asia Sdn Bhd,45669.29
Malaysia,Nantong Cimc Energy Equipment Co,45643.94
Malaysia,Advantest Europe Gmbh,45432.26
Vietnam,Changsha Ruijin Mechanical And Electrical Equipment Co Ltd,45402.0
Vietnam,Guang Dong Foster Fluid Technology Company Limited,45126.56
Vietnam,"Qingdao Sinoesco Energy Technology Co., Ltd.",45000.0
Nigeria,Dogumak Domestic And Foreign Trade Ltd,45000.0
Vietnam,Peak View International Ltd.,45000.0
Vietnam,Tai Yuan Gases Corporation,45000.0
Brazil,Klingenburg Gmbh,44866.11
Vietnam,Chi Nhanh Cty Co Phan Dau Tu Tm Thai Binh Tai,44785.71427
Vietnam,Vietnam Kandenko Co. Ltd,44785.71427
Philippines,Qingdao Hongyangyuhe Import And Export Co Ltd,44767.6
Vietnam,Guangzhou Hongming Air Conditioning Technology Co Ltd,44646.0
Vietnam,Jiangxi Phenix Imp. & Exp. Co. Ltd,44369.0
Brazil,Liaocheng Yes Motor Auto Parts Co Ltd,44228.630000000005
Philippines,Jingmen Hontu Special Aircraft,44000.1
Vietnam,Sperre Air Power As,43918.70192
Vietnam,Officine Di Cartigliano S P A,43819.90164
Vietnam,Innovation Precision Vietnam Co. Ltd.,43659.83229
India,Embraer Aviation International Eai Sas,43657.38
Vietnam,Cong Ty Trach Nhiem Huu Han Sopet Gas One,43561.4912
Vietnam,Ken Viet Nam Engineering Construction Joint Stock Company,43275.3728
Vietnam,Cong Ty Co Phan Ky Thuat Xay Dung Token Viet Nam,43275.3728
Vietnam,4K Metal Makine Imalat Insaat Nakliyat Muhendislik Ve Endustriyel Kont,43200.0
Brazil,Hibernia Marine Cv,43186.0
Vietnam,Jiangsu Meixinting International Trade Co Ltd,43112.0
Vietnam,Qingdao Baigong Industrial & Trading Co Ltd,43096.5
Indonesia,Boxu Hongkong International Trading Co Limited,43000.0
Vietnam,Shanghai Yuzhen Machinery Co Ltd,42956.0
Philippines,Hangzhou Tianlong Steel Cylinder Co,42812.0
Philippines,Shanghai Eternal Faith Industry,42600.0
Vietnam,Youcheng Environmental Technology Hong Kong Limited,42500.0
Vietnam,Vietnergy Company Ltd,42400.0
Brazil,John Deere Tianjin Co Ltd,42388.0
Vietnam,Pingxiang Hongyu Import And Export Trading Co Ltd,42320.0
Indonesia,Fuzhou Julitaihe International Trade Ltd Co,42073.05
Vietnam,Ta Shin F R P Co Ltd,41854.1
Vietnam,Huizhou Dashun Air Conditioning Engineering Co Ltd,41810.0
Vietnam,Kunshan Fulishun Environmental Protection Technology Co. Ltd,41390.0
Philippines,Chengdu Shichen Trading Co Limited,41280.0
Vietnam,Wenling Champion Trading Ltd,41217.01
Vietnam,Zamboo Industrial Ltd,41182.53954
Vietnam,Shen Mong Ultrasonic Co Ltd,41108.9418
Indonesia,Hangzhou Fuyang Industrial Co. Ltd,41101.5
Ethiopia,Hamilton Sundstrand Customer Suppor,41099.48
Uganda,Techno Africa Solutions Ltd,41090.39
Malaysia,Dalian Spindle Environmental Facilities Co Ltd,41071.16
Philippines,Henan Jianshen Metal Metenrial,41070.0
Indonesia,Nantong Adino Oil Chemical Co. Ltd.,40828.04
Vietnam,Dongguan Xinji Cooling Equipment Co Ltd,40638.96
Indonesia,Thai Agri Foods Public Co. Ltd.,40595.83
Vietnam,"Guangxi Wei Zhou International Trade Co., Ltd.",40500.0
Nigeria,Hubei Manten Automobile Co Ltd,40432.153000000006
Vietnam,Texhong (China) Investment Co. Ltd.,40377.0
Brazil,Liaocheng Detong Auto Parts Manufacturing Co Ltd,40357.0
Vietnam,K.M. Chemical Corporation Ltd.,40320.0
Vietnam,Guangxi Pingxiang Huadong Import Export Trade Co Ltd,40243.0
Philippines,Chengdu Cryostech Equipment Co Ltd,40114.3
Vietnam,Wuxi Weishi Industrial Complete Equipment Co. Ltd.,40002.8
Vietnam,Hi Tech Gas Equipments Harware,40000.0
Uganda,Carbacid Co2 Ltd,40000.0
Vietnam,International Transportation Serv,40000.0
Vietnam,Tien Anh Import Export Company Ltd.,40000.0
Uganda,Carbacid Co2 Limited,39982.946
Vietnam,Zhongheng Viet Nam Manufacturing Company Limited,39940.840000000004
Nigeria,Cheng Li Special Automobile Co Ltd,39873.908
Vietnam,Baihang Foreign Trade Co Ltd,39860.01287
Nigeria,Goa Reklam Dsi Tic Ltd,39790.494
Nigeria,Shandong Hongqiao Energy Equipment Technology,39775.197
Vietnam,Kaiying Trading (Yuhuan) Company Ltd.,39685.24
Malaysia,Turbopro Inc,39541.71
Vietnam,Ningbo Dsw International Co Ltd,39240.0
Thailand,Inox India Pvt. Ltd.,39209.42
India,Thermo Fisher Scientific Pte Ltd,39201.78
Malaysia,Suzhou Wipej Technology Co Ltd,39193.64
Oman,Lions Machinery Engineering Ltd,39000.0
Indonesia,Siemens Energy Global Gmbh And Co. Kg,38979.52
Vietnam,Deyang Shandong Chemical Co Ltd,38750.0
Vietnam,Cong Ty Tnhh Innovation Precision Viet Nam,38734.99371
Brazil,Goodrich Corp Customer Services Americas,38716.76
Vietnam,"Dongxing Ouxiang Import And Export Trade Co., Ltd.",38696.8
Vietnam,Guangxi Nanning Vision Mechanical Electrical Co Ltd,38527.33
Vietnam,Vivablast Thailand Co Ltd,38500.0
Vietnam,Bridgestone Tire Manufacturing Viet Nam Llc,38436.5403
Vietnam,Kun Shan Da Chuang Merchandise Trading Co Ltd,38434.5
United States,Linde Gas Chile S A,38407.0
Brazil,Ata Impex Pvt Ltd,38369.0
Malaysia,"Dalian Bingshan Engineering & Trading Co., Ltd.",38345.77
Brazil,Fca International Operations Llc,38329.05
Indonesia,Tongxiang Hongshi Trading Co Ltd,38273.02
Vietnam,Cong Ty Tnhh Hi-M Solutek Viet Nam,38253.14247
Vietnam,Hi-M Solutek Vietnam Co. Ltd.,38253.14247
Vietnam,Qingdao Pingdian Boiler Auxiliary Co Ltd,38118.0
Indonesia,Sichuan Xingzhijian Machinery Co Ltd,38113.4
Vietnam,Weifang Haiying Chemical Co Ltd,38000.0
Malaysia,Pacrim Investment International,37965.65
Indonesia,Kunshan Geng Xu International Trading Co.,37884.0
Vietnam,"Pingxiang Yuerong Trade Co., Ltd.",37836.0
Malaysia,Jiangsu Qiulin Special Energy Equipment Joint Stock Limited Co,37791.93
Qatar,Hamilton Sundstrand Csc (M) Sdn. Bhd.,37740.07
Malaysia,"Zhucheng Zhonggong Machinery Co., Ltd.",37675.91
Vietnam,Guangde Xiangyuan New Material Tech,37675.82
Vietnam,Yentec Co Ltd,37615.95744
Vietnam,Cryofortune Engineer Supply Co Ltd,37595.0
Nigeria,Gaslin Foreing Trade Company,37503.896
Nigeria,Sonmez Machine Automotive Electronics Industry Trade Ltd,37500.0
Vietnam,Risheng Import And Export Trade Co Ltd,37431.05
Philippines,Jiangsu Minnuo Group Co. Ltd,37171.9
Vietnam,Cong Ty Co Phan Ky Thuat Dau Khi Gt Viet Nam,37048.207259999996
Vietnam,Cong Ty Tnhh Ghs Vina,37035.44261
Vietnam,"Zhejiang New Vision Imp & Exp Co., Ltd.",37000.0
Nigeria,Yilteks Enerji Mikini Iml Ve Dis Tic Ltd Sti,36992.57
Philippines,Chart Cryogenic Engineering Systems (Changzhou) Co. Ltd.,36983.0
Vietnam,Guangzhou Riyu Mechanical Electronic Engineering Co Ltd,36969.9
Saudi Arabia,Cryogas Equipment Pvt. Ltd.,36771.31
Vietnam,Saifuer Gas Technology Jiangsu Co Ltd,36740.0
Malaysia,Ebp Engineering Services Pte Ltd,36508.26
United Arab Emirates,Mauria Udyog Ltd,36309.74
Vietnam,Regener International Ltd.,36256.11
Vietnam,Chantier Piriou,36120.820739999996
Vietnam,Atlas Copco Vietnam Co. Ltd.,36085.93614
Nigeria,Ceva Logistics Uae Llc,35973.128
Indonesia,Mitsubishi Electric Corporation,35846.020000000004
United Arab Emirates,Nihon Spindle Cooling Towers Sdn,35794.21
Vietnam,Cong Ty Tnhh Thiet Bi Co Dien Epsea Viet Nam,35786.3183
Vietnam,Epsea Electrical Equipment Co. Ltd.,35786.3183
Indonesia,Nortek Dcc,35745.07
Brazil,Triumph Motorcycles Limited,35707.04
Vietnam,Baoding Sunshine Machinery Imp Exp Co Ltd,35700.0
United Arab Emirates,Md Ic Ve Foreign Trade Joint Stock Company,35693.44
United States,Mehmet Ozen Machinery Industry And Trade Joint Stock Company,35075.0
Philippines,Precision Storage Vessels Pvt Ltd,35009.84
Malaysia,Orient Greenland International,35008.04
Uganda,United Gas Company Llc,34970.88
Vietnam,Seojin System Co. Ltd.,34923.83
Vietnam,"Zhongji Shengli (Fujian) Intelligent Technology Co., Ltd.",34918.0
Malaysia,Zhejiang Aoshuai Refrigeration Co. Ltd.,34703.79
Vietnam,Shenzhen Ocean Dragon Technology Co Ltd,34700.0
Vietnam,"Sei Electronic Components (Vietnam), Ltd.",34655.3715
Vietnam,Tomoe Vietnam Company Limited,34655.3715
Brazil,Saab Ab Aeronautics,34619.8
United Arab Emirates,Incryo Systems Pvt. Ltd.,34606.9
Indonesia,Bhl Asia Acme Sdn. Bhd.,34475.4
Indonesia,"Dalian Bingshan Engineering & Trading Co., Ltd.",34320.0
Vietnam,Hai Au International Joint Stock Company,34080.359339999995
Vietnam,Jiangsu Minsheng Heavy Industry Co Ltd,34020.0
Philippines,Shenzhen Junlai Supply Chain Co,33958.4
Indonesia,Jingjiang Coolbit Machinery Co Ltd,33826.87
Vietnam,Xingtai Jingpai Trading Co Ltd,33800.0
Vietnam,Wuxi Jinchen International Corp,33734.0
Indonesia,"Hubei Duoshengcai Trading Co., Ltd.",33500.0
Vietnam,Centec Joint Stock Company,33403.62617
Brazil,Spirax Sarco Srl,33401.85
Philippines,Jingmen Hongtu Special,33340.0
Brazil,Tetra Pak Packaging Solutions Ab,33334.08
Brazil,Poona Shims Private Limited,33311.49
Vietnam,Go - Higher Trading (Jiangsu) Co Ltd,33229.0
Vietnam,Dico Industrial Company Ltd,33214.28571
Vietnam,Cong Ty Tnhh Cong Nghiep Dicoso,33214.28571
Vietnam,Chuang Xing International Construction Co Ltd,33169.91122
Malaysia,Denso International Asia Pte Ltd 5,33115.68
Vietnam,Changya New Material Technology Co,33000.0
Brazil,Irizar S Coop,32937.24
Vietnam,Hai Phong Industry Gas Installation And Supply Company Limited,32884.09703
Indonesia,Nihon Spindle Cooling Towers Sdn,32853.8
Indonesia,Shanghai Baofeng Machinery Manufacturing Co Ltd,32800.0
Malaysia,Xiamen Intretech Inc,32769.36
Brazil,Dlab Scientific Co Ltd,32723.0
Philippines,Yangzhou Gao De Bao Gas Appliance Manufacture Co Ltd,32600.0
India,Ika Work Asia Sdn. Bhd.,32573.05
Vietnam,Cong Ty Tnhh Cung Cap Va Lap Dat Thiet Bi Khi Cong Nghiep Hai Phong,32537.54331
Vietnam,Pingxiang Hongyu Import Export Trading Co Ltd,32500.0
Philippines,Shandong Dl International Co Ltd,32347.0
Malaysia,Aprovis Energy Systems Gmbh,32302.38
Vietnam,Nihon Denkei Viet Nam Co. Ltd.,32200.0
Vietnam,Cns Electronic Materials Viet Nam Co. Ltd.,32000.0
Vietnam,"Zhongshan Weiqiang Technology Co., Ltd.",31939.27
Vietnam,Collab (Hk) Construction Ltd.,31862.7
Vietnam,Xianghe Zichen Auto Parts Co Ltd,31852.6
Vietnam,Cong Ty Co Phan Ky Thuong Csc,31536.38814
Vietnam,Csc Technical And Trade Joint Stock Company,31536.38814
Malaysia,Shandong Linrunfeng Int Trade Co Ltd,31512.82
Vietnam,Vinmed Industrial Equipment Material Equipment Joint Stock Company,31431.00708
Vietnam,"Guangxi Pingxiang Hengyi Trading Co., Ltd.",31381.0
Vietnam,Thriving Elite Int Ltd,31370.0
Vietnam,Cong Ty Tnhh Phat Trien Dau Tu Tm Xay Dung Cong Trinh Long Hung,31245.666666666668
Philippines,Ningbo Sintrue Medical Instruments Co Ltd,31222.0
United Arab Emirates,Yilteks Energy Heat Machinery Manufacturing Industry And Foreign Trade Limited Company,30900.0
Vietnam,Cong Ty Co Phan Co Khi Goodtech Thon Son Duxa Nguyen Khe,30837.1535
Vietnam,Integral Materials Investment Ltd.,30720.0
South Africa,Yilteks Energy Heat Machinery Manufacturing Industry And Foreign Trade Limited Company,30700.0
Vietnam,Hongkong Best Share Company Ltd.,30630.9947
Malaysia,B H Wordwide Sg Pte Ltd,30572.51
Malaysia,Jetstar Asia Airways Pte Ltd,30572.51
Malaysia,Essai Inc,30546.440000000002
Vietnam,Hengfu Business Ltd,30510.0
Malaysia,Hon Precision Inc,30389.9
South Sudan,Uangzhou Gloryman Import,30377.946
Brazil,Kunshan Foxtech Precision Component Co Ltd,30341.32
Vietnam,Vrv Asia Paciac Pvt. Ltd.,30100.0
Vietnam,Mountop Group Co. Ltd.,30065.0
Malaysia,Taylor Whorton Beijing Cryogenic,30064.89
Indonesia,Solar Turbines International,30037.31
Philippines,Guangzhou City Beileimo Trade Co Lt,30013.0
Vietnam,Zjmz Import And Export Co Ltd,30000.0
Vietnam,Daikin Fluorochemicals China Co Ltd Inabata Singapore Pte Ltd,30000.0
Malaysia,Isky Chemicals Co. Ltd.,29957.99
Qatar,Cryolor Asia Pacific Pvt. Ltd.,29940.0
Vietnam,Shenzhen Dali General Equipment Co Ltd,29923.0
Vietnam,Hong Quan Vietnam Commerce And Industry Ltd. Co.,29840.6368
Vietnam,Cong Ty Tnhh Thuc Nghiep Hong Quan Viet Nam,29823.66408
Indonesia,Ocean Cooling Tower Sdn. Bhd.,29758.08
Malaysia,Krr Engineering Pvt. Ltd.,29689.370000000003
Vietnam,"Guangxi Pingxiang Sheng Jia Import & Export Co., Ltd.",29660.1
Vietnam,Dongguan Fuzhi Trading Co Ltd,29640.0
Vietnam,"Dongguan Tongyi Plastic Machinery Manufacturing Co., Ltd.",29613.44
Vietnam,Cong Ty Tnhh Khi Cong Nghiep Messer Hai Phong Cn Yen Binh,29601.0
Malaysia,China Aircraft Service Ltd,29334.44
United States,Inoac Polytec De Mexico Sa De Cv,29188.72
Vietnam,Master Hero Manufacturing Co. Ltd.,29127.0
Vietnam,Nantong Sanshan Trading Co Ltd,29055.72
South Sudan,Ipt Offshore,29031.388
India,Beximco Pharmaceuticals Ltd.,29003.84
Vietnam,Pingxiang City Risheng Import & Export Trade Co Ltd,28802.98
Indonesia,Innio Waukesha Gas Engines Inc,28555.2
Brazil,Wuxi Jialong Heat Exchanger Manufacturing Company Ltd,28543.4
Vietnam,Taylor Warthon Malaysia Sdn Bhd,28470.0
Indonesia,Jiangsu Seagull Cooling Tower Co Ltd,28429.62
Vietnam,Briday Company Ltd.,28402.01252
Vietnam,Cong Ty Tnhh Xay Dung Hongloi,28402.01252
Vietnam,Goodtech Mechanical Joint Stock Company,28182.393500000002
Vietnam,Truong Van Muoi,28174.60316
Malaysia,Advantest Sg Pte Ltd,28154.02
Indonesia,Wuxi Sanjiu Cooling Equipment Co Ltd,28103.58
South Sudan,Pagarani General Trading Co,28053.819
Vietnam,Jiangsu Yayi Intelligent Equipment Co Ltd,28000.0
Indonesia,Hangzhou Shunfengyuan Technology Co Ltd,27856.56
Philippines,The Viking Corporation (Far East) Pte. Ltd.,27837.0
Vietnam,Nanjing Ocean Industry Co. Ltd.,27800.0
Philippines,Zjmz Import And Export Co Ltd,27701.1
Vietnam,Qingdao Fest International Trading Co Ltd,27656.75
Vietnam,Cong Ty Tnhh Fine Ms Vina,27551.84999
Kenya,Anema Trucks And Spare Parts,27524.47
Vietnam,"Nanning Gaoli Industrial And Trading Co., Ltd.",27363.85054
Vietnam,Chongqing Sunrise Trade Ltd.,27352.36
Indonesia,"Xiamen Sure Trading Co., Ltd.",27273.54
Vietnam,Shandong Rising International Trade Co Ltd,27246.0
Vietnam,Quang Minh Industrial Gas Trading Co. Ltd.,27189.12435
Vietnam,Cong Ty Tnhh Thuong Mai Khi Cong Nghiep Quang Minh,27189.12435
Indonesia,Velp Scientifica Srl,27091.33
Vietnam,Hunan High Goal Supply Chain Co Ltd,27005.0
Vietnam,Inno Air Co Ltd,27000.0
Vietnam,Mig Company Ltd.,27000.0
Philippines,Xinxiang Chengde Energy Technology Equipment Co Ltd,26944.0
Thailand,Lg Electronics Vietnam Hai Phong Coltd,26880.0
Philippines,Hangzhou Shanhai Supply Chain Co. Ltd,26800.899999999998
Malaysia,Dowell Schlumberger M Sdn Bhd,26772.34
Malaysia,Hefei Kefu Import And Export Trading Co Ltd,26704.07
Vietnam,Zamboo Industrial Ltd.,26700.200034
Saudi Arabia,Soylu Exhaust And Automotive Joint Stock Company,26693.75
Vietnam,Hong Kong Hailiang Metal Trading Ltd,26633.47
South Africa,Ergil Grup Construction Machinery Manufacturing Import Export Industry And Trade Ltd Co,26537.28
Vietnam,Cong Ty Tnhh Dau Tu & Che Tao Co Khi Ha Noi,26452.38094
Vietnam,Ha Noi Mechanical Investment Manufacturing Company Ltd,26452.38094
Philippines,Smart Gas Pte Ltd,26373.0
Philippines,Guangzhou Chuankong General,26241.2
Vietnam,Nihon Spindle Cooling Towers Sdn,26209.83
Vietnam,Cong Ty Co Phan Ky Thuat Dau Khi Gt,26184.05852
Nigeria,Maru Muhendislik Danismanlik Ithalat Ltd,26112.069
Kenya,Isisan Isi Sanayi Ve Tic As,26097.27
Nigeria,Maru Muhendislik Danismanlik Ihracat Ltd Sti,25980.165
Nigeria,Maru Muhendislik Danislik Ithalat Ihracat Ltd Sti,25920.226
Vietnam,Yancheng Longsheng Air Conditioning Equipment Co. Ltd.,25784.73
Vietnam,Guangxi Liexiangchaocheng Trade Co Ltd,25725.0
Nigeria,Greenville Liquefied Natural Gas Company Ltd,25690.296
Brazil,Funke Warmeaustauscher Apparatebau Gmbh,25664.15
Brazil,Ata Impex Pvt. Ltd.,25598.33
Vietnam,Trach Nhiem Huu Han Sopet Gas One Co Ltd,25523.92048
Indonesia,Shenzhen Yongchaofu Import And Export Trading Co Ltd,25518.809999999998
Brazil,Gallop Resources Pte Ltd,25513.0
Vietnam,Sinro Air Conditioning Fogang Co Ltd,25370.0
Vietnam,Dongguan Huaji Trading Co Ltd,25357.0698
Vietnam,Guangdong Xufeng Zhihui Jianshe Fazhan Co. Ltd.,25266.0
Vietnam,Hefei Cement Research And Design Institute Corp,25188.0
Vietnam,Kg International,25179.0
Malaysia,Shaanxi Superior Import Export Co,25132.97
Vietnam,"Guangzhou Hongxue Refrigeration Equipment Co., Ltd.",25050.0
Vietnam,Supero Seiki Global Vn Company Limited,25031.6
Vietnam,Viet Nam Electronic Material Company Ltd.,25000.0
Indonesia,Bac Dalian Co. Ltd,25000.0
Philippines,Linyi Yongquan Import Export,24976.0
India,Global Products Industries Singapore Pte Ltd,24950.0
Malaysia,Thermatron Engineering,24881.34
Vietnam,Jiangsu Tafu International Trade Co Ltd,24828.86
United States,Soylu Exhaust And Automotive Joint Stock Company,24800.0
Vietnam,Dong Guan Carno Machinery Co. Ltd.,24660.0
Vietnam,Long Chien Company Ltd.,24584.63856
Vietnam,Cong Ty Tnhh Mot Thanh Vien Long Chien,24584.63856
Indonesia,Hks Co. Ltd.,24516.2
Vietnam,Grand Intercontinental (Asia) Group Ltd.,24500.0
Vietnam,Zhejiang Jindun Pressure Vessel Co Ltd,24400.0
Vietnam,Yong Heng (Vietnam) Building Construction Co. Ltd.,24372.916666666668
Vietnam,Kunshan Fujix Electronic Co,24253.4
Vietnam,Mve Biologigal Solutions Us Llc,24139.84
Vietnam,Changzhou Grand Textile Co Ltd,24127.71
South Africa,Martin Engineering Machine Industry And Trade Ltd,24047.64
Uganda,Zjmz Import And Export Co Ltd,24023.95
Brazil,Cummins Asia Pacific Pte Ltd,24004.47
Vietnam,Jinko Solar Vietnam Industries Company Limited,24000.0
Indonesia,Elite Solar Technology (Viet Nam) Company Ltd.,23987.0
Vietnam,Ocean Cooling Tower Sdn Bhd,23839.79
Vietnam,Thermo Fisher Scientific,23700.0
Vietnam,Suzhou Dayer Mechatronic Hi- Tech Co.,23652.84
Vietnam,Cocreation International Trade Co Ltd,23596.0
Vietnam,Silver Network Printing Technology Co. Ltd.,23581.533333333333
Vietnam,Smc Corporation,23557.3502
Nigeria,Yilteks Enerji,23370.31
Saudi Arabia,Fabtech Technologies Limited,23347.74
Malaysia,Pro Flex Packaging Zhongshan Ltd,23301.33
Vietnam,Dongguan Huaji Environmental Protection Equipment,23300.0
Vietnam,Kaiping City Wilson Tading Co Ltd,23200.0
Vietnam,Xinxiang Aokai Cylinder Co Ltd,23040.0
Vietnam,Cong Ty Tnhh Yu Chen,23002.894
Vietnam,Yu Chen Co. Ltd.,23002.894
United States,Aoc Mexico Sa De,23000.0
Vietnam,Sotek Construction Corporation,22964.62802
Vietnam,Cong Ty Co Phan Xay Dung Sotek,22964.62802
Indonesia,Air Products And Chemicals Shanghai Co. Ltd.,22935.44
Vietnam,Hunan Jhcrc Cleanroom System Co Ltd,22925.78
Malaysia,Advantest Sales And Support M S B,22872.22
Philippines,Hebei Runfeng Low Temperature Equip,22859.4
Brazil,Shanghai Yinchang Co Ltd,22812.0
Vietnam,Dongguan Tongyi Plastic Machinery Manufacturing Co Ltd,22804.379999999997
Vietnam,"Shandong Yongan Heli Cylinder Co., Ltd.",22800.0
Vietnam,Hongkong Best Share Company Limited,22750.2
Vietnam,Mariso Viet Nam Co. Ltd.,22750.0
Malaysia,Shenzhen Idea Import Export Trade Co Ltd,22659.48
Vietnam,Guangzhou Tianshunyi Trade Co Ltd,22623.0772
Vietnam,Dongguan Huahe Trading Co Ltd,22548.31223
Vietnam,Qingdao Shunzexi Trading Co Ltd,22545.0
Indonesia,Taizhou Eternal Hydraulic Machine Co Ltd,22520.0
Indonesia,Qingdao Topolar New Material Co Ltd,22393.63
India,Tuv Sud Rail Gmbh,22366.08
Malaysia,Guangzhou Tiege Trading Co Ltd,22295.75
Vietnam,"Shenzhen Newin Machinery Co., Ltd.",22295.0
Indonesia,Spx Cooling Technologies Sdn Bhd,22265.17
Vietnam,Shandong Yongan Heli Cylinder Co Ltd,22227.92
Vietnam,Guangxi Pingxiang Huadong Imp And Exp Trade Co Ltd,22220.0
Vietnam,Guangxi Pingxiang Shengxing Imp Exp Trade Co Ltd,22172.0
Brazil,Alfa Laval Technologies Ab,22156.58
Malaysia,Smc Corporation (Singapore) Pte. Ltd.,22104.16
Vietnam,Cong Ty Tnhh Dau Tu Va Phat Trien Dau Khi Nam Viet,22078.35964
Vietnam,Moon Environment Technology Co Ltd,22045.0
Vietnam,Nam Viet Petrol Development And Investment Company Limited,21948.402
Vietnam,Global Hitech Solution Vina Company Limited,21948.402
Vietnam,Sigma Engineering Joint Stock Company,21918.46803
Vietnam,Asia Clean Energy Sdn Bhd,21900.0
Malaysia,Shen Zhen Wei Bo Mechanical And Electrical Ltd,21884.65
Vietnam,Bridgestone Tire Manufacturing Vietnam Llc Limited Liability Company,21851.313990000002
Malaysia,Toyo Adtec Co Ltd,21822.73
Vietnam,Cong Ty Tnhh May Moc Thiet Bi Aofuke Viet Nam,21789.8962
Malaysia,Superyacht Supplies Ltd,21776.12
Vietnam,Sao Viet Chemical Corporation,21690.70133
Vietnam,Cong Ty Co Phan Hoa Chat Sao Viet,21690.70133
Vietnam,Maritime & Industrial Service,21626.98412
Vietnam,Cong Ty Co. Phan Dich Vu Cong Nghiep Hang Hai,21626.98412
Saudi Arabia,Truwater Cooling Towers Sdn Bhd,21551.94
Nigeria,Sino Howo Truck Co Ltd,21550.902
Malaysia,Mega Alliance Gases Viet Nam Co. Ltd.,21532.95
Vietnam,Nanjing Chope International Engineering Co Ltd,21505.0
Vietnam,Wuerth Industry Company Limited,21450.0
Nigeria,Merit Resources Hongkong Limited,21291.647
Brazil,Wuxi Zhongbo Heat Exchanger Co Ltd,21232.0
Indonesia,E.J. Bowman (Bham) Ltd.,21228.99
Brazil,Zhongshan Artmoon Household,21154.11
Vietnam,Via Mechanics Vietnam Co. Ltd.,21135.57012
Vietnam,Sam Gas Projects (P) Ltd.,21100.0
Vietnam,Chuang Xing International Construction Company Limited,21085.51346
India,T G Automotive Ltd,21073.489999999998
Philippines,Guangzhou Chuankong,21063.0
Brazil,Innio Jenbacher Gmbh Co Og,21054.440000000002
Vietnam,Halliburton International Gmbh,21000.0
Vietnam,Moon Enviroment Technology Co Ltd,20966.0
Vietnam,Vinhthinh Industrial Equipment Co. Ltd.,20958.63143
Vietnam,Cong Ty Tnhh Thuong Mai Va Dich Vu Sinh Thinh,20909.12695
Vietnam,Sinh Thinh Trade And Service Co. Ltd.,20884.25392
Malaysia,Zhaoqing Leoch Battery Technology,20638.22
Vietnam,Ha Long Industrial Gas Co Ltd,20611.12233
Indonesia,Shenzhen Sureasy Technology Co Ltd,20548.95
Vietnam,Jinhua Hehui Intelligent Technology Co. Ltd,20525.0
Kenya,Tedsan Machinery Engineering Contracting Industry And Trade Ltd,20500.0
Vietnam,Go Higher Trading Jiangsu Co Ltd,20484.0
Vietnam,Manvia Steam Water Equipment S.L.,20463.58398
Vietnam,B K K Cooling And Engineering Co. Ltd.,20460.0
Nigeria,Henan Jianshen Metal Metenrial Co L,20420.195
Vietnam,Takaishi Industry Co. Ltd.,20400.0
Vietnam,Unika Vie Pan Co. Ltd.,20400.0
Vietnam,Bach Ho Commercial Petroleum Service One Member Liability Company,20341.80576
Vietnam,Cong Ty Tnhh Mot Thanh Vien Thuong Mai Dich Vu,20341.80576
Vietnam,Cong Ty Co Phan Thuong Mai Ky Nghe Viet Nhat,20270.03966
Vietnam,Viet Nhat Industry Trading Joint Stock Company,20270.03966
Vietnam,Khi Cong Nghiep Ha Long Cong Ty Tnhh,20239.84485
Vietnam,Ha Long Industrial Gas Co. Ltd,20239.84485
Malaysia,Air Products Malaysia Sdn Bhd,20184.61
Malaysia,Amkor Technology Malaysia Sdn. Bhd.,20170.54
Indonesia,Wuxi Easytrade Supply Chain Service,20130.0
Vietnam,Zamboo Industrial Limited,20123.160252
Oman,Guven Bombe And Pressure Vessels Joint Stock Company,20085.0
Indonesia,Penguin Shipyard International Pte Ltd,20080.2
Vietnam,Inox India Limited,20014.66
Vietnam,Cong Ty Tnhh Vietnergy,20000.0
Vietnam,Vietnergy Co. Ltd.,20000.0
Vietnam,Tien Anh Import Export Company Ltd,20000.0
United States,Praxair Panama Sa,20000.0
Vietnam,Mega Alliance Gases Vietnam Co. Ltd.,20000.0
Malaysia,Mat-Gas Trading,20000.0
Vietnam,South Basic Chemicals Joint Stock Company,19960.0
Vietnam,Cong Ty Tnhh Zhongheng Viet Nam Manufacturing Limited Liability Company,19929.0
Malaysia,Taylor Wharton Beijing Cryogenic,19777.96
Malaysia,Benda Tool Model Works A B Die,19738.4
Brazil,Danfoss A/S,19722.81
Vietnam,"Ta Shin F.R.P. Co., Ltd.",19712.1
Qatar,Global Gases Malaysia Sdn Bhd,19711.93
Malaysia,Pro Flex Packaging Zhong Shan Ltd,19684.35
Uganda,Oxymat As,19582.2
India,Connexxions Llc,19564.06
Brazil,Krenz & Company Inc,19548.98
Vietnam,Shandong Ceylon Supply Chain Management Co Ltd,19366.0
Vietnam,"Guangxi Jinchen Im & Exp, Trade Co. Ltd.",19300.0
Brazil,Yazaki Corporation,19283.989999999998
Brazil,Krenz E Company Inc,19232.83
Vietnam,Yangzhou Giant Machinery Co Ltd,19200.0
India,Spectra Oxygen Ltd.,19175.32
Philippines,Shaoxing Kwanmin Fire Fighting Equi,19168.0
Brazil,Ford Sales Service Co Ltd,19127.239999999998
Vietnam,"Xiamen Zhonghai Xing Import & Export Trade Co., Ltd.",19100.0
Indonesia,Xiamen Wandefu Information Techology Co Ltd,19080.47
Malaysia,Shanghai King Sun Cooling Equipment Co Ltd,19044.62
Malaysia,Huasheng Industrial Co Ltd,18968.56
Vietnam,Jiangsu China Electronics Advanced Technology Development Co. Ltd,18934.0
Vietnam,Cong Ty Cp Nippon Sanso Viet Nam,18912.62135
Vietnam,Cong Ty Co Phan Xay Dung Va Dau Tu Visicons,18908.4476342525
Vietnam,Aofuke Vietnam Machinery Equipment Co. Ltd.,18771.74753
Brazil,Mersen Usa Ep Corp,18759.0
Malaysia,Ningbo Forward Relay Corp Ltd,18758.42
Malaysia,Qingdao Lofto Machinery Tech Co Ltd,18717.19
United Arab Emirates,Ergil Grup Construction Machinery Manufacturing Import Export Industry And Trade Ltd Co,18690.0
Vietnam,Cong Ty Tnhh Lap Dat Co,18650.11817
Vietnam,"Jiangsu Meixinting International Trade Co., Ltd.",18650.0
Brazil,Aquatech Srl Societa Unipersonale,18592.0
Vietnam,Nanjing Ocean Medical Products Co Ltd,18591.0
Vietnam,Viet Anh Industrial Gas Company Ltd,18468.25905
Brazil,Allison Transmission Kft,18419.379999999997
Vietnam,Misuzu Machinery Co. Ltd.,18400.0
Vietnam,Fukushima Galilei Vietnam Co. Ltd.,18305.5
Indonesia,Dhp Engineering Co. Ltd.,18300.0
United States,Ard Viet Nam Company Ltd.,18200.0
India,Lotte Chemical Titan (M) Sdn. Bhd.,18165.74
Nigeria,Dsd Foreign Trade Inc,18000.0
Vietnam,Orient International Holding Shanghai Textiles Import & Export Co. Ltd.,18000.0
Vietnam,Shaanxi Sinochem Lantian New Chemical Material Co Ltd,17940.0
Vietnam,Topstar Worldwide Group Ltd.,17936.71
Vietnam,Cong Ty Tnhh Thiet Bi Co Dien Huada,17918.28747
Kenya,Fe Sa Makina Pet Ins Gida Elekrik Ltd Sti,17911.760000000002
Vietnam,Longkou Weian Auto Parts Co Ltd,17810.76
Brazil,Beijing Yichy Tec Co Ltd,17788.0
Vietnam,Huanchao Import And Export Trading Zhongshan Co Ltd Limited,17767.9998
Vietnam,Fukun Hong Kong Ltd.,17685.39
Vietnam,Wuhan Rui Sunny Chemicalco Ltd,17640.0
Vietnam,Pingxiang City Holly Import And Export Trade Co. Ltd.,17613.64
Vietnam,Cong Ty Tnhh Thiet Bi Dien May Hong Yuan Viet Nam,17590.52513
Vietnam,Wuxi Xuelun General Machinery Co Ltd,17571.43
Philippines,Inox India Private Liited,17485.0
Vietnam,Fuji Trading Co Ltd,17463.59126
Ghana,Dogumak Ic Ve Dis Ticaret Ltd,17450.815
Indonesia,Winix Inc,17410.0
Vietnam,Esmech Equipment Pvt. Ltd.,17400.0
Vietnam,Wuxi Jiahan Trading Co Ltd,17361.111
Vietnam,Dongxing City Xing Long Trade Ltd. Co.,17280.0
Indonesia,Ika Works Asia Sdn Bhd,17183.11
Philippines,Sintrue Medical Instruments,17101.6
Vietnam,Xiamen Zhonghai Xing Import And Expo,17050.0
Vietnam,Cong Ty Tnhh Thiet Bi Cong Nghiep Vinh Thanh,17049.12424
Vietnam,Fujian Longking Co Ltd,17000.0
Philippines,Henan Jian Shen Metal Metenrial Co Ltd,16985.6
Vietnam,Innovation Precision Vietnam Company Limited,16931.0743
Brazil,Tetra Pak Processing Systems A S D,16897.42
Vietnam,Indochina Gas Joint Stock Company,16869.23932
Qatar,Emerson Process Management Chennai Pvt Ltd,16861.21
Brazil,Calorplast Usa Llc,16828.44
Kenya,Yilteks Enerji Isi Makinaiml San Ve Tic Ltd,16801.16
Vietnam,Shenzhen Longshenghui Import Export Co Ltd,16800.0
Indonesia,Truwater Cooling Tower Sdn Bhd,16743.58
Vietnam,Cong Ty Tnhh Nichiden Viet Nam,16739.10543
Nigeria,Yantai Jereh Petroleum Equipment Technologies Co Ltd,16735.202
Vietnam,Guangzhou Pearl River Global Trading Co,16700.0
Brazil,Srp Fze,16685.37
Vietnam,Dragon Waves Frozen Food Factory Company Limited,16625.0
Vietnam,Dongguan Chuanghong Trading Co Ltd,16578.0
Ghana,H C International Co Ltd,16554.47
Vietnam,Nichiden Vietnam Co. Ltd.,16494.5764
Indonesia,Huizhou Meicheng Electromechanical Engineering Co Ltd,16487.0
Vietnam,Fuding Mechanical And Electrical Installation Ltd,16333.33331
Indonesia,Xylem Inc,16329.75
Malaysia,Yantai Oceanblue Refrigeration Engineering Co Ltd,16311.02
Malaysia,Linde Malaysia Sdn. Malaysia,16303.07
Vietnam,Jiangsu Minsheng Heavy Industry Co. Ltd.,16281.3
Vietnam,Vsg Gas Production Trading Services Company Limited,16280.0
Vietnam,Yatai International Supply Chain Ltd,16200.0
Vietnam,Cong Ty Tnhh Nihon Denkei Viet Nam,16100.0
Malaysia,Honda Motor Co. Ltd.,16045.439999999999
Vietnam,Goertek Technology Vina Co. Ltd.,16001.77204
Vietnam,Hk Apk Ltd.,16000.0
Vietnam,Cong Ty Tnhh Cong Nghiep Nam Han Viet,15972.08582
Vietnam,Cong Ty Tnhh Khoa Hoc Ky Thuat Goertek Vina,15900.14343
Vietnam,Zhejiang Yuanhua Machinery Co Ltd,15900.0
Vietnam,My Nhat Viet Electrical Engineering Joint Stock Company,15861.05712
Vietnam,Cong Ty Co Phan Co Dien My Nhat Viet,15861.05712
United States,Finning Argentina Sociedad Anonima,15838.3
South Africa,Gd Automotive Joint Stock Company,15732.27
Vietnam,Sing Swee Bee Vietnam Co. Ltd.,15725.0
Indonesia,"Shen Zhen Li Xu Trade Co., Ltd.",15715.64
Vietnam,Airsun Vietnam Electrical Works Co Ltd,15682.7411
Vietnam,Cong Ty Tnhh Cong Trinh Co Dien Airsun Viet Nam,15682.7411
Kenya,Fe Sa Makina Petrol Insaat Gida Electrik Ltd,15652.4
Brazil,Nov Lp,15631.06
Vietnam,Janbo Global Ltd.,15576.0
Brazil,Yantai Sjm Co. Ltd.,15516.06
Indonesia,Innio Jenbacher Gmbh,15515.16
Vietnam,Huu Han Sopet Gas One Cong Ty Trach Nhiem Huu Han,15494.343
Vietnam,Cong Ty Co Phan Hoa Chat Dau Khi Long Thanh,15415.68163
Vietnam,Long Thanh Petroleum Chemical Joint Stock Company,15415.68163
Vietnam,V Resource Ltd,15415.0
Indonesia,Chengdu Tongya Xinrui Machinery And Equipment,15400.0
Vietnam,Truong Hai Phat Import Export Company Ltd.,15392.24639
Indonesia,Beilai Global Co. Ltd,15379.14
Vietnam,Risun Company Ltd.,15323.28
Vietnam,Cong Ty Tnhh Co Dien Phu Hai,15248.36349
Vietnam,Huaxiang Mechanical And Electrical Co Ltd,15248.36349
Vietnam,Cong Ty Tnhh Cong Nghiep Qd Viet Nam,15244.895180000001
Brazil,Heat Transfer Technology Ag,15230.57
Indonesia,Liang Chi Industry Co Ltd,15120.0
Vietnam,Cty Tnhh Atlas Copco Vietnam,15119.018349999998
Vietnam,Global Hitech Solution Vina Company Ltd.,15087.04061
Vietnam,Suzhou Everich Imp And Exp Co Ltd,15081.0
Vietnam,Galaxy Corp.,15060.0
Vietnam,"Jiangsu Tafu International Trade Co., Ltd.",15057.0
Vietnam,Fuding Mechanical And Electrical Installation Limited,15039.15678
Vietnam,Cong Ty Trach Nhiem Huu Han Phat Trien Cong Nghe In 3D,15002.04734
Vietnam,Kunming Xiaoming Trading Co,15000.0
Vietnam,Tianqi International Lmport And Export Trade Ping Xiang Co Ltd,15000.0
Uganda,Frozen Busra Bilgic,15000.0
Vietnam,Ga Il Company Ltd.,15000.0
Vietnam,"Shandong Hiking International Commerce Group Co., Ltd.",15000.0
Philippines,Ningbo Mingxin Chemical Machinery Co Ltd,15000.0
Nigeria,Hebei Juwang Special Purpose Vehicle Manufacture Co Ltd,14974.862
Vietnam,Wuhan Wellsong Intl Co. Ltd.,14940.0
United Arab Emirates,P M Enterprise,14933.939999999999
Indonesia,Guangzhou Renfeng Export And Import Co.,14886.41
Malaysia,Press Metal International Ltd,14879.24
Vietnam,Cong Ty Tnhh Piovan Viet Nam,14843.631290000001
Vietnam,Piovan Vietnam Co. Ltd.,14843.631290000001
Vietnam,Guangxi Pingxiang Hongfa Import Export Trade Co Ltd,14829.38464
Brazil,Iveco Spa,14791.55
Vietnam,"Guangxi Pingxiang Hongshen International Trade Co., Ltd.",14753.0
Vietnam,Cong Ty Tnhh Makoto Sangyo Viet Nam,14747.124650000002
Vietnam,Zhoushan City Yindai Automobile Components Co. Ltd.,14720.0
Vietnam,Sopet Gas One Company Limited,14713.7428
Indonesia,Ocean Cooling Tower Sdn Bhd,14687.35
Vietnam,Sumec International Trading Co Ltd,14680.55
Indonesia,Beris Engineering And Research Corp,14622.77
Vietnam,Dongguan Y Y Trade Co Ltd,14591.8
Malaysia,Keysight Technologies Malaysia Sdn Bhd,14568.46
Malaysia,Ika Work Guangzhou,14561.32
Nigeria,Tedsan Machinery Engineering Contracting Industry And Trade Ltd,14550.0
Vietnam,Co Dien Weiyin Viet Nam Cong Ty Tnhh,14531.62398
Vietnam,Weiyin Vietnam Mechanical And Electrical Company Ltd.,14531.62398
Vietnam,Hong Kong Super Sheng Industries Shares Ltd.,14400.0
United States,Architectural Lighting Works,14387.74
Vietnam,Jinsung Ind Co. Ltd.,14368.25
Vietnam,Kingtank Container Manufacture Co Ltd,14368.0
Saudi Arabia,Md Ic Ve Foreign Trade Joint Stock Company,14335.57
United Arab Emirates,Yakut Kazan Machinery Manufacturing And Engineering Industry Import Internal Trade Ltd. Co.,14125.43
Vietnam,"Nantong Sanshan Trading Co., Ltd.",14115.420000000002
Nigeria,Guven Bombe And Pressure Vessels Joint Stock Company,14100.0
Uganda,Zhangjiagang City Fill Tech Beverage Machinery Co Ltd,14086.61
Nigeria,Guven Bombe Ve Basincli Kaplar As,14003.068
Ghana,Betsima Engineering Industry And Trade Ltd,14000.0
Vietnam,Hkp Khanh Hoa Company Limited,14000.0
Vietnam,Nam Han Viet Industrial Co. Ltd.,13985.19521
Vietnam,Huaxiang Mechanical And Electrical Co. Ltd,13926.49902
Vietnam,Cong Ty Tnhh Co Dien Huaxiang,13926.49902
Vietnam,Scm (Dalian) Investment Casting Co. Ltd,13926.0
Brazil,Changshu Youbang Radiator Co Ltd,13912.86
Vietnam,Dalian Creditchem Semiconductor Materials Co Ltd,13780.0
Malaysia,Ika Work,13745.84
Vietnam,Thuan Tien Phat Dv Tm Sx Company Ltd.,13730.14367
Philippines,Ningbo Sintrue Medical,13666.2
Malaysia,Cryofortune Engineer Supply Co Ltd,13655.34
Malaysia,Linde Malaysia Sdn Malaysia,13653.01
Philippines,Denair Energy Equipment Co Ltd,13618.199999999999
Vietnam,Cong Ty Tnhh Cong Nghe Lua Viet,13607.96563
Vietnam,Lua Viet Industry Company Limited,13607.96563
Vietnam,Biel Crystal Technology Production Company Limited,13600.0
Vietnam,Cong Ty Tnhh San Xuat Cong Nghe Biel Crystal,13600.0
Brazil,Caterpillar Americas C V,13500.62
Nigeria,Goa Reklam Dis Tic Ltd Sti,13459.816
Vietnam,K M Chemical Corporation Ltd,13440.0
Vietnam,New Tide Trading Co Ltd,13400.0
Kenya,Tedsan Makine Muhensilik Taahhut San Tic Ltd Sti,13334.03
Vietnam,Hangzhou Great Star Industrial Co Co Ltd,13329.24
Vietnam,Investcorp Group Joint Stock Company,13327.778033333332
Philippines,Linyi Yongquan Import And Export Co Ltd,13320.0
Vietnam,Shanghai Youquan Textile Technology,13300.0
Malaysia,Tvh Parts N Vbrabantstraat 15 Be 8790 Waregem Belgium,13291.03
Brazil,Copa Airlines,13189.0
Ghana,Akici Trade Freight Ithalat Ihracat Ticaret Ltd Sti,13138.736
Vietnam,Chongqing Sunrise Trade Ltd,13100.0
Vietnam,Cong Ty Tnhh Thiet Bi Cong Nghiep Na Bi Cong Ty Tnhh,13092.80902
Vietnam,Taizhou Zhongheng Machinery,13071.5611
Vietnam,The Viking Corporation,13050.0
Vietnam,"Taizhou Gelasuo Technology Co., Ltd.",13032.0
Malaysia,Dafeng Hong Rong Trading Co Ltd,13013.67
Vietnam,Alpha Viet Nam Technical Industrial Joint Stock Co.,13006.707499999999
Vietnam,Feng Tay Enterprises Co. Ltd.,13006.09
Indonesia,Hubei Duoshengcai Trading Co Ltd,13000.0
Nigeria,Jingmen Hongtu Special Aircraft Manufacruring Co Ltd,12990.083
India,Aircom Zhejiang General Equipment,12985.67
Vietnam,Huada Electromechanical Equipment Co. Ltd.,12963.68603
Brazil,Alfa Laval Inc,12959.86
Vietnam,Billion Max International Development Ltd.,12954.11
United Arab Emirates,Liang Chi Cooling Tower Sdn Bhd,12951.48
Indonesia,Chang Shu Ri Jia Import Export Trade Co.,12860.0
Ghana,Goitom Ghedlu Yosief,12833.203
United States,Upl Ltd.,12825.3
Indonesia,Joinease Trading & Logistics (Shenzhen) Co. Ltd,12822.8
Malaysia,Tri Unity Machinery Co Ltd,12728.119999999999
Vietnam,Cong Ty Tnhh Lap Dat Co Dien Fuding,12722.37192
Vietnam,Cong Ty Tnhh Tong Yi Plastic Machinery Viet Nam,12688.8457
Vietnam,Tong Yi Plastic Machinery Vietnam Co. Ltd.,12688.8457
Vietnam,Cong Ty Tnhh Thuong Mai Dich Vu Hop Phong,12648.79496
Malaysia,Jabil Circuit Sdn Bhd,12641.5
Vietnam,Topscience Vietnam Co. Ltd.,12601.18613
Kenya,Cryoteknak Basinali Kaplar Project,12565.0
Vietnam,Yongkang Jingfei Trading Co Ltd,12496.12
India,Xinxiang Jinxin Import And Export Machinery Co Ltd,12483.09
Indonesia,Quanzhou Strong Machinery Creation Co Ltd,12480.0
Indonesia,Zhejiang Wanxiang Technology Corp.,12350.0
Vietnam,Dongguan Exchange Settlement Supply Chain Management Co Ltd,12324.0
Vietnam,Han You Technology Engineering Joint Stock Company,12310.473796104166
Brazil,Breyer Gmbh Machinenfabrik,12285.0
Vietnam,Quanzhou Ruiling Cooling Equipment Co Ltd,12280.0
Vietnam,Takasago Vietnam Co Ltd,12277.78162
Vietnam,Cong Ty Tnhh Takasago Viet Nam,12277.78162
Vietnam,Guangdong Qizheng Intelligent Equipment Manufacturing Co Ltd,12271.8479
India,Flowserve Fluid Motion And Control,12258.12
Vietnam,H&G Polymeric Products Co. Ltd.,12200.0
Malaysia,Airbus Fhs,12193.9
Vietnam,Cong Ty Tnhh Xay Dung Cong Trinh Yong Heng Viet Nam,12186.458333333334
Vietnam,Ningbo Weizhe Supply Chain Management Co Ltd,12143.48495
Vietnam,Shanghai Huiyu Industry Trade Co Ltd,12135.0
Vietnam,Xiamen Zhonghaixing Import And Export Trade Co Ltd,12130.0
Malaysia,Pva Industrial Vacuum Systems Gmbh,12040.97
Vietnam,Shengtian New Energy Vina Co Ltd,12003.01886
Vietnam,Cong Ty Tnhh Nang Luong Moi Thinh Thien Viet Nam,12003.01886
Vietnam,Brothers Gas Bottling And Distribution Co. Llc,12000.0
Vietnam,Nam Theun 2 Power Company Ltd,12000.0
Vietnam,Atlas Copco Vietnam Company Limited,12000.0
Vietnam,Fluides Service Technologies,12000.0
Malaysia,Honeywell Aerospace Singapore Pte Ltd,11987.470000000001
Malaysia,Xiamen Tech Standard Ltd,11959.11
Malaysia,Tvh Parts Nv,11849.67
Vietnam,Cong Ty Tnhh Linh Kien Dien Tu Sei Viet Nam,11820.33095
Vietnam,Air Water Engineering Inc,11805.63249
Vietnam,Auguste Cryogenics Slovakia S.R.O.,11801.10768
Vietnam,Right Mark International Co. Ltd.,11800.0
United Arab Emirates,Soylu Exhaust And Automotive Joint Stock Company,11781.14
United Arab Emirates,Precision Storage Vessels Pvt Ltd,11780.23
Vietnam,Hanvo Shangha Safety Products Co Ltd,11769.654999999999
India,Hangzhou Linan Xinran Solar Equipment Co Ltd,11728.67
Vietnam,Haizhou Pte Ltd,11700.0
United States,Ingenieria Y Electrosistemas S A De C V,11700.0
Vietnam,Cong Ty Tnhh Linh Kien Dien Tu Sei,11605.41585
Brazil,Halliburton Energy Services Bvba,11561.39
Vietnam,Makoto Sangyo Vietnam Co. Ltd.,11508.772710000001
Malaysia,Richport Technology Pte Ltd,11501.5
United Arab Emirates,Global Gases Malaysia Sdn Bhd,11394.109999999999
Malaysia,Leoch Development Co Ltd,11367.11
Brazil,Macgregor As,11351.34
Brazil,Cummins Inc,11338.07
Vietnam,Cong Ty Tnhh Ky Thuat In Luoi Thin Oai,11314.61015
Indonesia,Fujian Yali Import And Export Trade Co Ltd,11314.04
Vietnam,Khi Cong Nghiep Ha Long Co Ltd,11308.08179
Brazil,Thermowave Gesellschaft Fur Warmetechnik Mbh,11260.68
Vietnam,Chantiers Piriou,11258.306639999999
Brazil,Industrial Frigo S R L,11236.53
Vietnam,"Pingxiang Shunxiang Imp. & Exp. Trade Co., Ltd.",11227.0
Malaysia,Quanzhou U S T Engineering,11222.83
Vietnam,Shi Ji Corporation Ltd.,11208.0
Vietnam,Thanh Phong Production And Trade Ltd. Co.,11203.09455
Brazil,Propellent Beijing Energy Technhlogy Co,11201.0
Vietnam,G Goog Luck Import Export Co Ltd,11200.0
Vietnam,Ms Gas Corporation,11200.0
Vietnam,A Chau Industrial Technology Joint Stock Company,11189.46
Vietnam,Hangzhou Best Gase Co Ltd,11126.34
Brazil,Gardner Denver Inc,11114.36
Vietnam,Cong Ty Tnhh Sx Tm Dv Thuan Tien Phat,11028.0004
Brazil,Sewoong Plant Co Ltd,11027.75
Vietnam,Ningbo Yu Xing Textile Industry Co Ltd,11013.990000000002
Vietnam,Cong Ty Tnhh Daewon Auto Vina,10991.26856
India,Pt Polytama Propindo,10900.0
India,Polytama Propindo,10900.0
Brazil,Mts Systems Corporation,10771.34
Vietnam,Qingdao Newstar Trading Co Ltd,10576.0
Vietnam,Shanghai Rich Gas Technology Co Ltd,10500.0
Vietnam,Dau Tu Thuong Mai Vinh Cuu Nha Vuon Tnhh,10485.43689
Vietnam,Cong Ty Tnhh Hui Huan Quoc Te Viet Nam,10405.571469999999
Malaysia,Honeywell Aerospace S Pte Ltd,10378.95
Vietnam,Ims Messsysteme Gmbh Germany,10360.62
Vietnam,Hunan Quanping Building Materials Co Ltd,10286.0
Vietnam,Everyoung International Co. Ltd.,10257.0
Vietnam,Xiamen Golden Dragon Bus Co Ltd,10256.0
Indonesia,Hainan Yiboyuan International Trade Co.,10242.19
Vietnam,Qingdao Ruiming Blue Sky Energy Co Ltd,10200.0
Indonesia,Universal Analyzers Inc,10188.67
Indonesia,Ningbo Imperial Star New Material Co. Ltd.,10140.57
Vietnam,Wonbang Tech Vina Co. Ltd.,10101.30023
Vietnam,Cong Ty Tnhh K Ensol Vina,10101.30023
Vietnam,Dai East Incinerators Corporation,10100.0
India,Healthcare Pharmaceuticals Ltd,10092.28
Brazil,Ab Volvo Penta,10080.84
Brazil,Volvo Logistics Corporation,10079.42
Vietnam,Rizhao Jieyou Hardware Machinery Electricity Co Ltd,10040.0
Vietnam,Gas Technique & Machinery Co. Ltd.,10005.0
Vietnam,Peak View International Ltd,10000.0
United Arab Emirates,Air Liquide Phils Inc,10000.0
United States,Grupo Coordinador En Comercio Y Reparto S.A. De C.V.,10000.0
Qatar,Pt. Samator Taiyo Nippon Sanso Indonesia,10000.0
Qatar,Linde Philippines Inc.,10000.0
Brazil,Trane Export Llc,9966.0
Indonesia,Hangzhou Auste Technology Co Ltd,9960.0
Vietnam,Khi Cong Nghiep Viet Anh Cong Ty Tnhh Thuong Mai,9903.2882
Vietnam,Wuxi Keling Weier Industrial Equipment Co Ltd,9900.0
Vietnam,Dai Thuan Trading Co. Ltd.,9896.572489999999
Vietnam,Cong Ty Tnhh Khi Cong Nghiep Vinasanfu,9888.414013900001
Vietnam,Vinasanfu Industrial Gas Company Ltd.,9888.414013900001
Vietnam,Shanghai Zhong'Anyue Trading Co. Ltd.,9855.0
Indonesia,Suzhou Hengying Technology Development,9800.0
India,Ika Works (Asia) Sdn. Bhd.,9773.32
United Arab Emirates,Globe Gas Equipment Industry Pvt. Ltd.,9766.91
Brazil,Bmw Ag Werk Muenchen W 1 1,9759.47
Brazil,Lg Electronics Inc,9754.0
Malaysia,Shenzhen Chuanggonh Import Export,9752.03
Vietnam,"Tangshan Shushi Hardware Tools Manu, Manufacture Co. Ltd.",9718.310000000001
Vietnam,Ct Cp Tu Van Thiet Ke Xay Dung Va Thiet Bi Phong Chay Chua Chay Hp,9708.73786
Vietnam,Hai Phong Fire Fighting Equipment And Construction Design Consulation Joint Stock Company,9708.73786
Vietnam,Hawsin International Trade (Hong Kong) Co. Ltd.,9704.79
Vietnam,Donghae Industrial Co Ltd,9700.0
Vietnam,Suzhou Schweizer Valve Pipe Co. Ltd,9650.0
Malaysia,Shaoxing Chuanxiao Trading Co Ltd,9630.31
United States,Jabil Circuit Sb,9629.849999999999
Vietnam,Hop Phong Service Trading Co. Ltd.,9612.04449
Indonesia,Tianjin Kaian Import Export Co Ltd,9596.93
Vietnam,Tung Nhat Construction Company Ltd.,9593.81044
Vietnam,Na Bii Industrial Equipment Co. Ltd.,9589.20326
Vietnam,Kalmar Pte. Ltd.,9556.45
India,Ika Work (Asia) Sdn. Bhd.,9537.14
Vietnam,Viet Trung Khai Son Import Export Trading Ltd. Co.,9531.96058
Vietnam,Yiwu Yijia Trading Co Ltd,9498.150000000001
Vietnam,Kobelco Compressor Viet Nam Co. Ltd.,9486.96562
Vietnam,"Pingxiang Chengtai Imp. & Exp. Trade Co., Ltd.",9433.33
Vietnam,Able Joy Hong Kong Ltd.,9424.96
Vietnam,Planer Ltd,9387.52926
Malaysia,Pt Winn Appliance,9365.17
Vietnam,Ekin Endustriyel Isitma Sogutma Sanayi Ve Ticaret A S,9350.0
Brazil,Ktr Systems Gmbh,9334.95
Vietnam,Columbus Renewal Energy Vietnam Co. Ltd.,9280.45
Vietnam,Cong Ty Tnhh Nang Luong Tai Tao Columbus Viet Nam,9280.45
Malaysia,Shenzhen Newin Machinery Co Ltd,9275.64
Vietnam,Qd Viet Nam Industry Co. Ltd.,9267.961130000002
Vietnam,Gia Kiet Import Export Trading Services Co. Ltd.,9258.89208
Indonesia,Shengtian New Energy Vina Co Ltd,9252.0
Vietnam,Guangxi Zhongqiao Import And Export Trade Co Ltd,9250.5
Indonesia,Huaze Shini Plastics Technologies Wuxi Co Ltd,9230.58
Vietnam,Tan Quoc Dung Trading Manufacturing Company Limited,9215.57597
Malaysia,Unical Aviation,9198.61
Vietnam,Cong Ty Tnhh Fukushima Galilei,9152.75
Qatar,Mbm Automation Robotics,9125.4
Indonesia,Dongying Fuha Precision Casting Science,9086.59
Brazil,Wuxi Eec Heat Exchanger Co Ltd,9049.52
Vietnam,Nantong Senguo Trading Co Ltd,9037.0
Saudi Arabia,Baldota Valve Fitting Co Pvt Ltd,9033.89
Vietnam,Qingdao Antech Scientific,9000.0
Nigeria,Frozen Busra Bilgic,9000.0
Vietnam,Thermo Fisher Scientific Pte L,9000.0
Vietnam,Qifeng Vietnam Decorative Technical Company Limited,8973.40884
Vietnam,Cong Ty Tnhh Ky Thuat Trang Tri Qifeng Viet Nam,8973.40884
Vietnam,Sinochem Environmental Protection,8970.0
Vietnam,Cns Development And Investment Joint Stock Company,8970.0
South Sudan,Xingzhou Auto,8956.926
Malaysia,Pelikan Aviation Organization Tourism Advertising Transportation And Trade Ltd,8954.06
Vietnam,Guangxi Civilization Trading Co Ltd,8950.0
Kenya,Thermoway Thermal Devices And Machinery Industry Trade Joint Stock Company,8947.57
Malaysia,Changsha Conxin Machinery Electric,8910.73
United States,Ademco De Juarez S De Rl De Cv,8886.93
Philippines,Multi Ppros Trading Co Ltd,8867.5
Philippines,Southern Refrigeration Engineering Co. Ltd.,8860.0
Vietnam,Delta Construction Group Co. Ltd.,8858.09708
Indonesia,Shengli Oilfield Shengli Power Machinery Group Co. Ltd.,8831.49
Vietnam,Cong Ty Tnhh Tap Doan Xay Dung Delta,8823.82976
Philippines,Qingdao Big Herdsman Machiney Co Ltd,8800.0
Vietnam,Shenzhen Goldenhouse Vacuum Technology Co. Ltd,8798.0
Brazil,Bmw Ag,8794.39
Vietnam,Dongguan Houjie Yaoming Hardware Business Department,8780.0
Vietnam,Hong Yuan Vietnam Electric Equipment Co. Ltd.,8763.47025
Philippines,Yantai Gaea Rock Split Machinery,8735.5
Vietnam,Cong Ty Tnhh Thuong Mai Dich Vu Thuan Tien Phat Cong Ty Tnhh,8732.02718
Philippines,Precision Storage Vessels Private,8713.3
Vietnam,Draegerwerk Ag And Co Kgaa,8670.73952
Vietnam,Tianjin Lin Jiang Fuhai Trade Co Ltd,8655.02
Vietnam,Xuat Nhap Khau Truong Hai Phat Tnhh,8621.35922
Malaysia,Winn Appliance,8614.3
Philippines,Linyi Lishan Mechanical Group Co Ltd,8612.6
Philippines,Mecfie Engineering Sdn Bhd,8600.0
Vietnam,Reflex Winkelmann Gmbh,8573.21326
Vietnam,Cong Ty Tnhh Thuong Mai Khi Cong Nghiep Viet Anh,8564.97085
Brazil,Cummins Supply Chain Technologies And Management,8558.05
Namibia,Frozen Busra Bilgic,8550.0
Vietnam,Ningbo Mayor Supply Chain Management Co Ltd,8500.0
Indonesia,"Changzhou Vrcoolertech Refrigeration Co., Ltd.",8460.0
Vietnam,Hong Tai Lianyungang International Supply Chain Management Pte Ltd,8450.0
Indonesia,Hangzhou Xige Technology Co. Ltd.,8400.0
Vietnam,Vestas Wind Systems,8388.39
Vietnam,Xiamen Great Import And Export Co Ltd,8380.0
Vietnam,Yujin Fluid Viet Nam Co. Ltd.,8316.67332
Vietnam,Cong Ty Tnhh Yujin Fluid Viet Nam,8308.23226
Philippines,Guangzhou Yuanjun Imp And Exp Co Lt,8298.1
Vietnam,Hanvo Shanghai Safety Products Co Ltd,8285.71
Vietnam,Shenzhen Dawn Imp. & Exp. Co. Ltd,8221.63
Vietnam,Ztt Integrated Service Supply Chain Management Co Ltd,8195.21
Malaysia,Sino Build Pro Shenzhen Co Ltd,8192.74
Philippines,Smc Corporation Australia Pt,8178.7
Uganda,Atlas Copco Airpower N.V.,8174.610000000001
Indonesia,Yuechengda Shenzhen Technology Co Ltd,8124.79
Vietnam,Cong Ty Tnhh Cong Nghiep Swan Viet Nam,8120.75169
Vietnam,Swan Industry Vietnam Co. Ltd.,8120.75169
Indonesia,Ika Works (Asia) Sdn. Bhd.,8112.26
Oman,Yakut Kazan Machinery Manufacturing And Engineering Industry Import Internal Trade Ltd. Co.,8107.67
Indonesia,Sea Forrest Power Solutions Pte Ltd,8100.0
Vietnam,Hop Luc Electromechanica Joint Stock Company,8085.10636
United Arab Emirates,Bharat Tanks And Vessels Llp,8078.81
Vietnam,Bao An Technique Service Joint Stock Company,8064.53421
Uganda,Sinopec Petroluem Engineering & Construction Jiangsu Corporation,8039.0
United Arab Emirates,Mbm Automation Robotics,8027.36
Vietnam,Air Products Singapore Industrial Gases Pte Ltd,8000.0
Vietnam,"Dalian Creditchem Semiconductor Materials Co., Ltd.",8000.0
Indonesia,Shanghai Xietong Yonghe Internation Al Trade Co Ltd,8000.0
Vietnam,Seoul Semiconductor Vina Co. Ltd.,8000.0
Vietnam,Trong Viet Hung Joint Stock Company,7987.08632
Vietnam,Wocyd New Energy Technology Jiangsu Co Ltd,7945.2
Vietnam,Guangxi He Run Fa Im Export Trade Ltd.,7900.0
Vietnam,Zhongshan Yunxiang Supply Chain Management Co Ltd Private Limited Company,7880.88
Vietnam,Ntp Group Company Limited,7871.56
Vietnam,Cong Ty Tnhh Itsuwa Viet Nam,7860.0
Vietnam,Xiamen East Asia Machinery Industr,7853.0
Vietnam,Cong Ty Co Phan Dich Vu Ky Thuat Bao An,7850.44712
Brazil,Ningbo Sanxi Technology Co Ltd,7848.93
Vietnam,Cong Ty Co Phan Tap Doan Quoc Hung,7826.86924
Vietnam,Quoc Hung Group Joint Stock Company,7826.86924
Vietnam,Guangxi Pingxiang Heyi Trading Co Ltd,7800.0
United States,Jabil Circuit M Sdn Bhd,7793.57
Brazil,Modec International Llc,7772.0
Malaysia,Wuxi Origin Industry Service Co Ltd,7770.56
Vietnam,Hangzhou Zhikeer International Trade Co Ltd,7759.0267
Saudi Arabia,Summits Hygronics P Ltd F 739 Goldwins Avanashi Rd Coimbatore 641 014 India Tel Fax,7716.36
Brazil,Bitzer Kuhlmaschinenbau Gmbh,7700.54
Vietnam,Dongguan Huashun Precision Mold Co Ltd,7671.75
Malaysia,Resonac Hd Singapore Pte Ltd,7664.700000000001
Brazil,Frigel Firenze S P A,7663.99
Vietnam,United Grand Supply Chain Ltd.,7656.0
Vietnam,Zibo Pubang Air Compressorsales And Service Co Ltd Limited,7654.0
Malaysia,Micromeritics,7644.58
Vietnam,Shenzhen Chengshuang Industrial Equipment Co Ltd,7602.27
Vietnam,Shanghai Huiyu Industry And Trade Co Ltd,7601.0
Vietnam,Boxu Hong Kong International Trading Co Limited,7600.0
Vietnam,Nuoyuan Dong Li Co. Ltd.,7589.61902
Philippines,Shaoxing Kwanmin Fire Fighting,7585.4
Indonesia,Fuzhou Chenhao Investment Co Ltd,7564.32
Vietnam,Ming Shing Hong Kong Company Limited,7564.0
Malaysia,Hangzhou Yuesheng Testing Technolo,7556.88
Vietnam,Cocreation International Trade,7530.0
Indonesia,Mayekawa Mfg Co. Ltd.,7519.08
Indonesia,Lide Trading Hong Kong Co Limited,7500.0
Brazil,Dana Thermal Products Llc,7487.0
Brazil,Sacmi Imola S C,7478.45
Nigeria,Qingdao Ruiming Blue Sky Energy Co,7461.858
Philippines,Guangzhou Yuanjun Imp Exp Co Ltd Co Ltd,7446.8
Malaysia,Transocean Metal Products Sdn. Bhd.,7432.4400000000005
Ghana,Goitom Chedlu Yosief,7412.483
Vietnam,Ngoc Ha Trading And Service Joint Stock Company,7407.183580000001
Vietnam,Cong Ty Tnhh Com Korea Vina,7340.88245
Vietnam,Compkoreavina Co. Ltd.,7340.88245
Vietnam,"Xiamen King Long International Trading Co., Ltd.",7340.724
Indonesia,Wuxi E&C Heat Exchanger Co. Ltd,7340.0
Vietnam,Cong Ty Tnhh Thuong Mai Dich Vu Xuat Nhap Khau Gia Kiet,7335.73892
Indonesia,Hangzhou Yingjia Trading Co. Ltd.,7300.0
Vietnam,Jin Heoung Vina Tnhh,7269.3099999999995
Vietnam,Hangzhou Juke Import And Export Co Ltd,7262.0
Vietnam,Wuxi Xuelang Environmental Technology Co Ltd,7200.0
Vietnam,Shanghai Zhong Anyue Trading Co Ltd,7200.0
Vietnam,Foshan Zhenda Trading Co. Ltd.,7177.59
Indonesia,Taisei Kogyo Co Ltd,7173.17
Vietnam,Wuxi Edibel Inport & Export Co. Ltd,7143.0
Uganda,Huludao Jidechang Trading Co. Ltd.,7136.04
Vietnam,Fluid Transfer International Ltd,7115.2871
Vietnam,Wui Yuen Loong Hong Kong Company Limited,7115.0
Vietnam,Sph China Ltd,7097.25
Vietnam,Tin Nghia Equipment Machinery Co. Ltd,7062.565253333333
Indonesia,Yiwu Taijia International Freight Agency,7020.0
Uganda,Shanghai Lucky Import And Export Co Ltd,7000.0
Vietnam,Wuxi Autowell Supply Chain Management Co Ltd,7000.0
Vietnam,Huitai Technology Machine Co Ltd,7000.0
Indonesia,Shanghai Chd Welding & Cutting Equipment Co. Ltd,7000.0
Vietnam,Yantai Dadi Carbon Dioxide Blasting Machinery Equipment Co Ltd,7000.0
Brazil,Modine Manufacturing Company,6998.0
Brazil,Giovanni Fieni Srl,6980.0
Vietnam,Cong Ty Tnhh Cong Nghiep Fu Sheng,6965.05191
Vietnam,Lk Injection Molding Machine Co. Ltd.,6960.0
United States,Southern Petroleum Construction J S,6950.0
Philippines,Tai Shan Gases Co Ltd,6934.6
Vietnam,"Guangxi Pingxiang Shenghe Import & Export Trade Co., Ltd.",6933.6
Vietnam,Hong Kong Guangfeng Technology Ltd,6900.0
Vietnam,Hong Kong Lisheng Import & Export Co. Ltd.,6897.0
Vietnam,Superb Electromachinery Co. Ltd.,6880.0
Nigeria,Wessington Cryogenics Ltd,6869.122
India,Nan,6869.0
Vietnam,Zhejiang Yongyu Home Furnishings Co,6864.68154
Vietnam,Cong Ty Co. Phan Giai Phap Cong Nghe Va Truyen Thong Victory Vietnam,6852.72083
Vietnam,"Guangxi Zhongqiao Import And Export Trade Co., Ltd.",6818.0
India,Kongsberg Maritime As,6789.13
Vietnam,Cong Ty Tnhh Cong Nghiep Lua Viet,6764.44079
Malaysia,Shanghai East Best Foreign Trade Co Ltd,6700.21
Brazil,Johnson Controls Inc,6681.0
Indonesia,"Guangzhou Coolplus Machinery Co., Ltd.",6664.18
Malaysia,Uniqs Gmbh,6643.97
Malaysia,Truwater Singapore Pte Ltd,6639.57
Brazil,Zhenbensi Filter Co Limited,6622.73
Vietnam,Emdees Import Export Pte Ltd,6600.459999999999
Malaysia,Maschinen Und Behaelterbau Gmbh,6600.15
Indonesia,Alfa Laval Malaysia Sdn Bhd,6596.0
Brazil,Marine Procurement Ltd.,6590.0
Vietnam,Tkg Taekwang Co Ltd,6579.28
Philippines,Shaoxing Kwanmin Fire Fighting Equipment Co Ltd,6550.0
Vietnam,Ningbo Juqianyuan Trading Co Ltd,6524.87
Brazil,Atlas Engineering Ltd.,6518.0
Brazil,Starkos Gmbh Industrial Materials,6516.52
Vietnam,Guang Dong Foster Fluid Technology Co. Ltd.,6509.24
Indonesia,Zhejiang Caftp Service Co Ltdbuilding N 6 Taizhou Cross Border E Compullpark 638 Donghuan Avue Taizhou Zheijiangchine Zheijiangchine,6505.33
Vietnam,Damen Shipyards Gorinchem,6503.02832
Philippines,Tai Shan Gases Co. Ltd.,6500.0
Vietnam,Thermax Ltd,6500.0
Vietnam,Cong Ty Tnhh Cong Trinh Co Dien Dong Tuong,6469.53573
Philippines,Omega Air D O O Ljubjana,6411.83
Indonesia,Jiangyin Xie Yang Textiles Co Ltd,6400.0
Malaysia,Stmicroelectronics Inc,6400.0
Indonesia,Swep Technology Suzhou Co Ltd,6336.0
Vietnam,Cong Ty Tnhh Thuong Mai Xuat Nhap Khau Viet Trung Khai Son,6318.53383
Uganda,Guven Bombe And Pressure Vessels Joint Stock Company,6300.0
Vietnam,Dd Global S.A.S,6290.79432
Nigeria,Paras Project Ventures India Pvt Ltd,6289.93
Malaysia,Myusen Aluminum Products,6257.5
Malaysia,Lsp Technology Pte Ltd,6255.56
Vietnam,"Dongguan Jinxinjie Intelligent Automation Technology Co., Ltd.",6250.0
Indonesia,Luoyang Idm Metallurgy Trading Co. Ltd.,6221.08
Vietnam,Viet A Services And Industrial Equipment Co. Ltd.,6214.6523
Brazil,Zhejiang Renon Medical Instrument,6209.0
Vietnam,Tkg Taekwang Jinheoun Young Vina Co. Ltd.,6206.2
Vietnam,Hk Yuejie Industrial Development Limited,6203.96
Malaysia,Gas Technique & Machinery Co. Ltd.,6178.6
Vietnam,"Qingyuan Keding Electrical Equipment Co., Ltd.",6172.84
Brazil,Bobo Machine Co. Ltd.,6163.53
Indonesia,Hangzhou Yinhong Trading Co. Ltd.,6152.0
Vietnam,Viet Nam Van Vinh Co. Ltd.,6150.79365
Indonesia,Pfannenberg S R L,6147.59
Vietnam,Cong Ty Tnhh Van Vinh Viet Nam,6146.15964
Vietnam,Dien Tu Lac Son Co. Ltd.,6090.0
Malaysia,Linde Gas Singapore Pte Ltd,6080.31
Indonesia,Bitzer Kuehimaschinenbau Gmbh,6075.16
Malaysia,Abb Oy Drive Service,6054.72
Brazil,Delaval International Ab,6054.01
Vietnam,Cong Ty Tnhh Co Dien Dai Phuc,6043.06276
Vietnam,Dai Phuc Electric Mechanical Company Ltd.,6043.06276
Vietnam,Damen Shipyards Gorinchem B.V.,6039.07019
Vietnam,Thuan Tien Phat Dv Tm Sx Company Limited,6031.76742
Vietnam,Shenzhen Yuto Packaging Technology Co Ltd,6029.22
Brazil,Carrier Transicold Europe Scs,6028.0
Vietnam,Turbo Srl,6012.399
Vietnam,Hk Yuejie Industrial Development Ltd.,6007.91
Vietnam,Kunshan Miaoyuanli Ma Electionic Co Ltd,6000.0
Vietnam,Shanghai Kuangfu Industry Co Ltd,6000.0
Vietnam,Shandong Gamma Gas Engineering Co Ltd,6000.0
Indonesia,Shanghai Xindingda International Co Ltd,6000.0
Vietnam,Shanghai Thor Industrial Co Ltd,6000.0
Ghana,Ayse Eda Kapakcioglu,5987.835
Nigeria,Sa Ibecor Nv International Beverages Corporation C,5972.897
Vietnam,Cong Ty Tnhh Kanto Bussan Viet Nam,5969.62524
Vietnam,Kanto Bussan Vietnam Company Limited,5969.62524
Philippines,Imarketkorea Inc Or,5956.1
Vietnam,"Guangxi Pingxiang Zhongyue Import And Export Trade Co., Ltd.",5940.0
Vietnam,Honghui System Integration Technology (Jiangsu) Co. Ltd,5939.98
Vietnam,"Kunshan Palust Industrial Equipment Co., Ltd.",5926.0
Vietnam,Cong Ty Tnhh Thiet Bi Cong Nghiep Na Bi,5918.76204
Vietnam,Sennebogen Maschinenfabrik Gmbh,5915.33014
Vietnam,Dong Tuong Electrical Engineering Ltd Co,5894.57241
Brazil,Foresea Drilling Services Ltd,5891.4
Vietnam,Jiangmen Bochuan International Trade Co Ltd,5862.16
Vietnam,Kunshan Miao Yuanyanli Ma - Electionic Co,5840.0
Vietnam,"Shanghai Yuni Bothwin Industry And Trade Co., Limited",5833.18
Philippines,Modern Global Limited,5825.6
Brazil,Xuzhou Construction Machinery Group Imp. And Exp. Co. Ltd.,5789.610000000001
Vietnam,Hong Ru Vietnam Technical Co. Ltd.,5779.88164
Vietnam,Cong Ty Tnhh Ky Thuat Hong Ru Viet Nam,5779.88164
Vietnam,Cong Ty Tnhh Gas Venus,5778.594835779167
Indonesia,Liebherr Logistics Gmbh,5775.25
Vietnam,Cong Ty Tnhh Mot Thanh Vien Co Khi & Xay Lap Mt&C,5766.32229
Indonesia,Hebei Sunrise Textile Co Ltd,5757.81
Vietnam,Pingxiang Chengjie Imp And Exp Trade Co Ltd,5755.3
Vietnam,Cong Ty Tnhh Xuat Nhap Khau Truong Hai Phat,5749.89061
Vietnam,Feiyang Electromechanical Ltd,5739.0
Brazil,Multichannel Ab,5734.54
Vietnam,Qingdao Sinoesco Energy Technology Co Ltd,5725.2
Brazil,Swedish John Deere Ab,5720.0
Vietnam,Hop Thien Mechanical Electrical Works Co. Ltd.,5709.98056
Vietnam,Cong Ty Tnhh Cong Trinh Co Dien Hop Thien,5709.98056
Vietnam,Asia Pacific Gas Enterprise Company Ltd,5704.0
Vietnam,Rollman Machinery Tech Co. Ltd.,5700.0
Vietnam,Cong Ty Tnhh Thuong Mai K T Vina,5695.03273
Vietnam,K T Vina Trading Co Ltd,5695.03273
Nigeria,Total,5654.869
Indonesia,Shanghai Chivalry International,5640.0
Philippines,Ateliers Francois Sa,5620.6
Vietnam,Changzhou Longyue Trading Co. Ltd,5620.0
Vietnam,Cong Ty Tnhh May Moc Chinh Xac Hanbell Bac Ninh,5593.84855
Brazil,Helvi S P A,5592.83
India,Hangzhou Kec Fire Chemicals Co Ltd,5588.8
Nigeria,B. S. Engineering Machinery Pvt. Ltd.,5588.8
Indonesia,Sun Blooming Dchk Industrial Limited,5577.46
Vietnam,Nagoya Vietnam Industry Co Ltd,5550.63828
Malaysia,Hefei Zhongya Building Material Tianjin Branch,5546.51
Vietnam,"Ningbo Daqian Import-Export Co., Ltd.",5536.63
South Sudan,Park Guangzhou City Yulong Foreignt,5528.32
Vietnam,Hengshui Fengbei Plastic Industry,5517.0
Vietnam,Dong Guan Carno Machinery Co Ltd,5516.0
Vietnam,Thanh Quan Electrical Company Ltd,5505.95238
Nigeria,Elgi Equipment Ltd.,5505.02
Indonesia,Sichuan Yibin Jiangyuan Chemicals Machinery Manufacturing Co. Ltd,5500.0
Vietnam,Itsuwa Trading (Dong Guan) Ltd.,5500.0
Vietnam,Glad Charm Limited,5500.0
Brazil,Hexonic Spolka Z O O,5493.0
Vietnam,"Guangzhou Jun Shi Trading Co., Ltd.",5492.0
India,Imv Technologies,5476.05
Philippines,Shandong Yongan Heli Cylinder Co Lt,5449.6
Ghana,Crisa Middle East,5448.024
Vietnam,Shanghai Mugong Industrial Co Ltd,5442.0
Vietnam,Cong Ty Tnhh Co Dien Hanzhong,5424.36277
Brazil,Gtinternacional Hk Limited,5423.0
Malaysia,Mastercool Inc,5414.76
Indonesia,Fujian Honghuakong Electronic Technology Co. Ltd,5408.09
Vietnam,Pingxiang Chengjia Import And Export Trade Co Ltd,5405.0
Vietnam,Hong Kong Boda Machinery Trading Co Limited,5400.0
United States,Cornelius Manufacturing De Mexico S A De C V,5391.13
Indonesia,Flender Industriegetriebe Gmbh,5375.34
Brazil,Soplar S A,5375.0
Vietnam,Cong Ty Tnhh Nuoyuan Dong Li,5371.88156
Vietnam,Taizhou Snowy Imp Exp Co Ltd,5364.0
Vietnam,"Jiangsu Lichang International Trade Co., Ltd.",5354.0
Vietnam,Natural Star Vina Joint Stock Company,5343.76984
Vietnam,Billion Max International Development Limited,5335.29
Vietnam,Cong Ty Tnhh Co Khi Ky Thuat,5301.77514
Vietnam,Mechanical Technology Co Ltd,5301.77514
Indonesia,Sheel Oil And Fats Pvt. Ltd.,5300.0
Vietnam,Guangdong Kemite New Energy Technology Co Ltd,5285.72
Vietnam,Guang Xi Rong Jin Im Export Trade Ltd Co,5254.74666
Philippines,Cangzhou Tommy International Tradi,5254.200000000001
Vietnam,Shanghai Thor Industrial,5250.0
Brazil,Wabtec Transportation Systems Llc,5239.0599999999995
Indonesia,Gd Han'S Yueming Laser Group Co. Ltd.,5228.0
Vietnam,Guangxi Sutong Import And Export Trade Co Ltd,5225.0
Nigeria,Anema Trucks,5224.887
Vietnam,Fukunishi Electrical Co Ltd,5223.5022
Vietnam,Taizhou Sutai International Trade Co Ltd,5200.03
United Arab Emirates,St Soguk Technic Inc And Foreign Trade,5200.0
Vietnam,Hoang Long Engineering And Construction Co Ltd,5184.80289
Vietnam,Cong Ty Tnhh Ky Thuat Va Xay Dung Hoang Long Thon Le Xa Xa Mai Lam,5184.80289
Vietnam,Cong Ty Tnhh Dich Vu Thiet Bi Co Dien Rongshun Viet Nam,5166.72204
Vietnam,Chongqing Senci Import & Export Trade Co. Ltd.,5155.0864
Kenya,Anhui Heli Indultrial Vegicle Imp Exp Co Ltd,5145.48
Vietnam,Cj Nison Technology Ltd.,5130.0
Vietnam,Hstl International Co Limited,5114.0
Brazil,Funke Waermeaustauscher Appartebau Gmbh,5111.1
Vietnam,Xinhang Hk International Trading Limited,5100.0
Vietnam,Cong Ty Tnhh Organo Viet Nam,5092.40474
Vietnam,Cong Ty Co Phan Ky Thuat Viet Son,5090.41186
Vietnam,Sumisaujana Tcm Chemicals Sdn Bhd,5089.3
Brazil,Frigel Asia Pacific Co,5083.0
Vietnam,Cong Ty Tnhh Cong Nghe Anjiexin,5076.26157
Vietnam,Anjiexin Technology Co Ltd,5076.26157
Vietnam,Cong Ty Tnhh Sp&G Vina,5061.15706
Vietnam,Sp&G Vina Company Ltd.,5061.15706
Brazil,Offshore Service Vessels,5046.72
India,Renata Ltd.,5046.14
Philippines,Shandong Yongan Heli Cylinderco L,5016.1
Brazil,Secespol Sp Z O O,5009.0
Vietnam,Joint Stock Company Tehmetall 2002,5000.0
Vietnam,Supertech Co Ltd,5000.0
Vietnam,Dongguan Jitian Machinery Co Ltd,5000.0
Vietnam,Yiwu Yinbin Import And Export Co Ltd,5000.0
United States,Deacero S A P I De C V,5000.0
Vietnam,Mt&C Mechanical & Construction Company Ltd.,4998.00078
United Arab Emirates,Kaghan Chemicals Co.,4995.73
Indonesia,Suzhou Lesintor I E Co Ltd,4995.0
Indonesia,"Hainan Yiboyuan International Trade Co., Ltd.",4991.47
Vietnam,Nuo Yuan Co Ltd,4984.21253
Vietnam,Cong Ty Tnhh Cong Nghiep Liang Chi Ii Viet Nam,4967.26991
United States,Aceti Oxigeno S A,4965.4
Vietnam,"Qingdao Newstar Trading Co., Ltd.",4960.0
Ghana,Akici Trade Freight Lojistik Ithalat Ihracat Ticaret Limited Sirketi,4954.983
Vietnam,Huada Electromechanical Equipment Co Ltd,4954.60144
Vietnam,Waseda Vietnam Engineering Co. Ltd.,4938.42461
Vietnam,Cong Ty Tnhh Ky Thuat Waseda Viet Nam,4938.42461
Malaysia,Schmalz Schon Logistics Gmbh,4937.59
Vietnam,Cong Ty Tnhh Thuong Mai Xuat Nhap Khau Quang Duc,4933.45402
South Africa,Centre Side Express Sdn Bhd,4932.09
Vietnam,Cong Ty Tnhh Ky Thuat Va Dich Vu Sao Viet,4912.55109
Vietnam,Sao Viet Services And Technical Co. Ltd.,4912.55109
Vietnam,Cong Ty Tnhh Atlas Copco Viet Nam,4905.02224
Indonesia,Ebara Refrigeration Equipment Systems Co Ltd,4900.0
Vietnam,Rmkh Glove Cambodia Co Ltd,4900.0
Vietnam,Mcga Company Limited,4870.0
Vietnam,Organo Viet Nam Co. Ltd.,4847.9303500000005
Philippines,Imarketkorea Inc,4845.44
India,Ika Work Asia Sdn Bhd,4844.24
Vietnam,Guangxi He Run Fa Im-Export Trade Ltd. Co.,4828.21744
Philippines,Koinjaya Co Ltd,4819.68
Philippines,Ningbo Yilin Int L Trading,4804.3
Vietnam,Ganzhou Ruike Energy Saving Technology Co Ltd,4800.0
Vietnam,Resonac Specialty Gas Singapore Pte Ltd,4800.0
Malaysia,Asia Technical Gas Co Pte Ltd,4788.87
Vietnam,G&J Electric Co. Ltd,4773.54496
Philippines,Mascot Engineering Construction Sdn Bhd,4753.0
United States,Gunderson Concarril S.A. De C.V.,4750.0
Vietnam,Cong Ty Co Phan Ky Thuat First Green,4747.49645
Vietnam,"Shaoxing Tonta Machinery Technology Co., Ltd.",4740.0
Vietnam,Cong Ty Co Phan Thuong Mai Va Phat Trien Green T&T,4735.70566
Vietnam,Green T&T Trading And Development Joint Stock Company,4735.70566
Ghana,Anema Trucks And Spare Parts,4706.869000000001
Nigeria,Svanosio Company Limited,4691.404
Vietnam,"Meici Trading Co., Ltd.",4681.0
Brazil,Ic Import Consultants Gmbh,4676.0
Vietnam,Asuzac Inc.,4660.76
Indonesia,Daiichi Mechatech Corporation,4650.31
Vietnam,Zhejiang Jinhao Refrigeration Equipment Co Ltd,4641.150000000001
Brazil,Volvo Parts Gent,4639.549999999999
Vietnam,Wenzhou Aishi Trade Co Ltd,4623.4
Vietnam,Guangxi Pingxiang Junlan Trading Co Ltd,4620.68
Vietnam,Pingxiang Dacheng Trading Co Ltd,4620.0
Vietnam,"Nanjing Wonfulay Precision Machinery Co., Ltd.",4620.0
United States,Valvtechnologies Pvt Ltd,4616.75
Indonesia,Blue Well Trade Shantou Co Ltd,4612.66
India,Doosan Bobcate North America,4601.1900000000005
Indonesia,Entob Corporation,4577.1
Vietnam,Marshell Energy Trading Technology (Vietnam) Company Ltd.,4571.85
Vietnam,Cong Ty Tnhh Thuong Mai Cong Nghe Nang Luong Marshell Viet Nam,4571.85
Vietnam,Saitama University,4570.37148
Vietnam,Dongguan Zhenbensi Filter Co Ltd,4570.0
Brazil,Goodrich Corporation,4561.83
Brazil,Hine Langfang Hydraulic Technology Co Ltd,4538.0
Vietnam,Cong Ty Tnhh Thuong Mai Dich Vu Xuat Nhap Khau Jaguar,4526.83326
Indonesia,Valmet Technologies Oy,4521.15
Brazil,Aps Air Part Services Supplies,4518.0
Vietnam,Suzhou Liush Machinery Electrical Engineering Co Ltd,4500.0
Vietnam,Ebara (Thailand) Ltd.,4500.0
Vietnam,Wuxi Xinke Trading Co Ltd,4498.49
Vietnam,Wuxi Jiazeshun Imp Exp Co Ltd,4460.0
Indonesia,Environmental Express,4452.0
Brazil,Frigel Firenze S.P.A.,4449.0
Brazil,Xuzhou Construction Machinery Group Imp Exp Co Ltd,4423.5
Philippines,Smc Corporation Singapore P T,4422.1
Vietnam,Fairytale Night Co Ltd,4420.88
Vietnam,Cong Ty Tnhh San Xuat Thuong Mai Tan Quoc Dung,4397.57597
Uganda,Yiwu Laicai Trading Co Ltd,4393.56
Brazil,Akg Thermal Systems Inc,4389.110000000001
Indonesia,Guangzhou Tongsheng International Trade Co. Ltd.,4388.33
Malaysia,Aaa Plating Inspection Inc,4379.92
Indonesia,Tetra Pak Processing Equipment Ab,4378.47
Vietnam,Ningbo Jietai Building Materials Co Ltd,4370.23
Vietnam,Nguyen Vu Corp One Member Llc,4366.98556
Vietnam,Cong Ty Tnhh Mtv Nguyen Vu Corp,4366.98556
Vietnam,Nakagawa Chemical Equipment Vietnam Co. Ltd.,4332.68858
Vietnam,Cong Ty Tnhh Thiet Bi Hoa Chat Nakagawa Viet Nam,4332.68858
Vietnam,Cong Ty Tnhh Thuong Mai Dich Vu Ky Thuat Nang Luong Sach,4332.22878
Vietnam,Clean Energy Technology Services Trading Co. Ltd.,4332.22878
Kenya,Govina Metfab Opc Private Limited,4330.799999999999
Brazil,Vahterus Oy,4304.9
Kenya,Dalgakiran Kompresor San Ve Tic Ltd Sti,4300.46
Vietnam,Haier Biomedical Hk Co Limited,4295.0
Indonesia,Scaniacv Ab,4290.84
Nigeria,Camara Exim Ltd,4289.713
Indonesia,Shanghai Mingheng Pipe Fittings Machinery Co Ltd,4285.74
Vietnam,Guangdong Deer Smart Technology Co Ltd,4270.30371
Malaysia,Global Airttech,4253.43
Brazil,Hofmann Beijing Engineering Tech Co Ltd,4251.46
Vietnam,Cong Ty Tnhh Pna Viet Nam,4247.1178
Nigeria,Lancer Shanghai Intl Trading Co Ltd,4244.849
Vietnam,"Sumec International Technology Co., Ltd.",4242.0
Vietnam,Festo Pte. Ltd.,4227.13254
Vietnam,Chuang Xing International Construction Company Ltd.,4213.40079
Vietnam,Cong Ty Tnhh Cong Trinh Dien May Tengfei,4211.00822
Brazil,American Honda Motor Co Inc Inc,4210.61
Philippines,Nanjing Hengda Compressor Co Ltd,4210.0
Vietnam,"Tianjin Ziling Environmental Technology Co., Ltd.",4200.0
Vietnam,P R T C Cambodia Co Ltd,4200.0
Vietnam,Sichuan Yibin Unitedimport & Export Ltd.,4186.23
Vietnam,Ngoc Ha Trading And Service,4179.6256
Vietnam,Hanzhong Mechanical And Electrical Company Ltd,4163.52747
Vietnam,Viet Panel Construction Co. Ltd.,4160.33585
Indonesia,"Fujian Jinjiang Huamin Imp & Exp Co., Ltd.",4160.0
Vietnam,Cong Ty Tnhh May Moc Thiet Bi Tin Nghia Cong Ty Tnhh,4145.898586666666
India,Flowserve Fluid Motion And Control Suzhou Co Lt,4134.78
Vietnam,Cong Ty Tnhh Xay Dung Viet Panel,4128.96824
Vietnam,Cong Ty Tnhh Thiet Bi Cong Nghiep Nam Phat,4127.7386400000005
Vietnam,Nam Phat I Industrial Equipment Co. Ltd.,4127.7386400000005
Nigeria,As Agent Only,4105.504
Kenya,Hyster Europe,4094.5
Vietnam,Sk Leaveo Co Ltd,4093.29469
Vietnam,Cong Ty Co Phan Noi Thuong Bac,4088.95222
Brazil,Thermax Limited Chemical,4083.55
Vietnam,Hyundai E&M Vina Service & Trading Co. Ltd.,4081.63265
Vietnam,Cong Ty Tnhh Thuong Mai Va Dich Vu Hyundai Em Vina,4081.63265
Brazil,Komatsu Ltd,4074.36
Brazil,Daf Trucks Nv,4074.0
Vietnam,Hangzhou Greatstar Industrial Co,4045.51
Indonesia,Hangzhou Furunda Technology Co Ltd,4044.5299999999997
Vietnam,Cong Ty Tnhh Atlas Copco Vietnam,4043.12668
Vietnam,Fei Er Sheng Vietnam Trading Company Limited,4041.4169
Indonesia,Zhongshan Guangqin Trade Co Ltd,4025.0
Uganda,Wilmar Plantations Sdn Bhd 50250 Kuala Lumper Kua,4024.0
Vietnam,Cong Ty Tnhh Thuong Mai Fei Er Sheng Viet Nam,4021.88406
Philippines,Guangdong Xinghuoyunto Trading Co,4000.0
Vietnam,Shaoxing Tonta Machinery Technology Co Ltd,3990.0
Malaysia,Guangzhou Headway I E Trading Co Ltd,3984.61
Malaysia,Tvh Parts N V,3979.97
Vietnam,Pna Viet Nam Co. Ltd.,3973.2013699999998
Malaysia,Md Ic Ve Foreign Trade Joint Stock Company,3951.14
Vietnam,Foshan Tengqi Electromechanical Equipment Co Ltd,3940.0
Vietnam,Cong Ty Tnhh Nuo Yuan,3927.60877
Vietnam,Pt. Loesche Indonesia,3910.63985
Vietnam,Damen Shipyards Gorinchem Bv,3908.48722
United States,Ingenieria Y Electrosistemas S.A. De C.V.,3900.0
Vietnam,City Vietnam Development Co. Ltd.,3865.67746
Vietnam,Cong Ty Tnhh Phat Trien Thanh Nam Viet Nam,3865.67746
Brazil,Volkswagen Ag,3822.2799999999997
Brazil,Tectrade Handelsgesellschaft M B H,3821.14
Vietnam,Shanghai Mucong Industrial Co Ltd,3814.0
Vietnam,Han Jin Machinery Co.,3810.0
Indonesia,Jiaxing Yier Decorative Material Co.,3808.17
Vietnam,Hefei Lcfc Electronics Trading Co. Ltd,3804.0
Vietnam,Messer Llc,3802.35
Vietnam,Heesung Electronics Gz Co Ltd,3800.0
Vietnam,Hong Kong Yuxinwang Machinery Co Ltd,3800.0
Vietnam,Buccma Accumulator Tianjin Co Ltd,3800.0
Vietnam,Cong Ty Co Phan Thuong Mai Va Dich Vu Doi Canh Viet,3767.30137
Vietnam,Temas Engineering Joint Stock Co.,3756.18494
Vietnam,Cong Ty Co. Phan Ky Thuat Temas,3756.18494
Vietnam,Guangxi Rong Jin Im Export Trade Ltd Co,3751.34304
Vietnam,Chongqing Sun Supply Chain Ltd,3745.0
Vietnam,"Dongxing City Liyuan Trade Co., Ltd.",3743.73221
Vietnam,Texon Co. Ltd.,3738.0
Vietnam,Cong Ty Tnhh Makitech Da Nang,3728.86833
Vietnam,Atc Vina Trading & Service Co. Ltd.,3727.98032
Kenya,Brimax Canvas And Leather,3723.34
Kenya,Naz Intl Motors,3719.69
Kenya,W International Co Ltd,3706.25
Vietnam,Cong Ty Tnhh Thuong Mai Va Xay Dung Hung Phat,3700.38684
Indonesia,Kingkong Plastic Industrial Co. Ltd.,3697.77
Vietnam,San You Enterprise Co Ltd,3695.0
Indonesia,Ericsson Ab,3676.62
Vietnam,Shenzhen Yueshen Trading Co. Ltd.,3668.1
Vietnam,"Zhejiang Sike Maohua Cold Chain Technology Co., Ltd.",3667.0
Vietnam,Thor Trading Co Ltd,3656.82
Brazil,Qcs-Quick Cargo Service Gmbh,3656.34
Vietnam,Cong Ty Tnhh Thuong Mai & Dich Vu Atc Vina,3638.54458
Brazil,Tk Ocyan Libra Oil Services Ltd,3634.0
Brazil,Volvo Penta Ab,3631.09
Brazil,Mersen Shanghai Co Ltd,3621.73
Malaysia,Sinochem Lantian Trading Co Ltd,3619.96
Kenya,Guangzhou Lifei International Trade Co Ltd,3608.17
Vietnam,Dong Guan City Shuangxi Import And Export Co Ltd,3607.89
Vietnam,Trina Solar Energy Development Development Company Ltd,3600.0
Vietnam,Rizhao Jieyou Hardware Machinery & Electricity Co. Ltd,3598.0
Malaysia,Shenzhen Zhongxiao Wei Industry Co Ltd,3580.92
Vietnam,Dong Tuong Electrical Engineering Ltd. Co.,3574.57017
Vietnam,Cong Ty Tnhh Co Dien Dong Tuong,3574.57017
Vietnam,Phuc Luan Hai Industrial Equipment Co. Ltd.,3569.5450600000004
Vietnam,Cong Ty Tnhh Thiet Bi Cong Nghiep Phuc Luan Hai,3569.54506
Malaysia,Hangzhou Pri Safety Fire Tec Co,3561.6
Vietnam,Viet Son Technology Joint Stock Company Co.,3560.57986
Vietnam,Dongxing City Liyuan Trade Co Ltd,3556.81266
Brazil,Progress Rail Locomotive Inc,3548.69
Vietnam,Cong Ty Tnhh Thuong Mai Va Ky Thuat Antek,3546.58332
Vietnam,Antek Trade And Technology Co. Ltd.,3546.58332
Vietnam,Kunming Lvtian Electromechanical Equipment Co. Ltd.,3537.06598
Kenya,Elgi Equipment Ltd.,3536.87
Vietnam,Nissey (Cambodia) Co. Ltd.,3528.26
Vietnam,Zhejiang Beehive Trading Co,3507.8
Kenya,Tvh Parts N V,3503.33
Vietnam,Ot Motor Vina Co. Ltd.,3500.0
Vietnam,Yiwu Taitaiyue Import And Export Co Ltd,3498.0
Malaysia,Air Products Singapore Industrial,3485.91
Vietnam,Hermes Viet Nam Machinery Company,3481.62462
Brazil,Honda Motor Co Ltd,3480.02
Vietnam,Quang Duc Import Export Trading Co. Ltd.,3471.46102
Brazil,Toyota Argentina Sa,3454.1899999999996
Brazil,Suzuki Motor Corporation,3438.0
United States,Ge Sistemas Medicos De Argentina Sa,3437.17
Vietnam,Golden Sharp Corporation Ltd.,3420.0
Vietnam,Kin Electronics Vietnam Company Limited,3416.33375
Kenya,Wenzhou Joneng Valves Co Ltd,3408.18
Vietnam,"Shandong Yuanle Import & Export Co., Ltd.",3400.0
Indonesia,Blitz Co Ltd,3398.29
Vietnam,Vietnam Welding Co Ltd,3392.5049099999997
Vietnam,Cong Ty Tnhh Han Viet Quang,3388.49486
Malaysia,Ase Electronics (M) Sdn. Bhd.,3380.52
Vietnam,Liang Chi Industry Co Ltd,3365.48
Vietnam,Husky Injection Molding Systems Singapore Pte. Ltd.,3365.04
Vietnam,Viet Son Technology Joint Stock Company,3340.21045
Indonesia,"Shenzhen Yuehang Import & Export Co., Ltd.",3339.01
Philippines,Dongguan Yunbai Commercial And Trade,3334.7
United States,Jabil Circuit S B No,3329.43
Vietnam,"Guangxi Pingxiang Shun Hong Import And Export Trade Co., Ltd.",3327.86
Malaysia,Hysan Technology China Inc,3326.41
Vietnam,Zhejiang Xinyi Trade Co. Ltd,3325.72
Vietnam,Dongguan Xuli Electromechanical Equipment Co Ltd,3323.0
Brazil,Fiat Auto Argentina Sa On Behalf Of Royal Mount,3321.55
Vietnam,Cong Ty Tnhh May Moc Thiet Bi Ke Lai Si Viet Nam,3310.96902
Vietnam,Pentax S P A Viale Deltindustria 37040 Veronella Verona Italy,3308.7225
Vietnam,Syc Cylinders Europe Sa,3288.7629
India,Dbl Pharmaceuticals Ltd,3279.99
India,Doosan Bobcat North America,3271.9
Malaysia,Nolek Ab,3270.97
Indonesia,Volvo Group Singapore Pte Ltd,3265.15
Brazil,Other Exporters,3262.56
India,Snf Sa,3254.83
Vietnam,Hangzhou Wisemax Technology Co Ltd,3248.0
Vietnam,Huizhou Huidetong Engineering Technology Co Ltd,3240.0
Brazil,Tetra Pak Processing Systems A S,3240.0
Vietnam,Makoto Sangyo Vietnam Company Limited,3238.35194
Indonesia,Smoore Hong Kong Limited,3235.97
Vietnam,Cong Ty Trach Nhiem Huu Han Thien Phuc Dong Nai,3234.50134
Vietnam,Runto Trading Co. Ltd.,3231.4300000000003
Uganda,Aaru Internationalindia,3228.0
Vietnam,Sumiden Device Innovations Vietnam Co. Ltd.,3200.0
Vietnam,Huadong Import And Export Trade Co Ltd,3200.0
Vietnam,Thiet Bi Tan Tien Sumiden Viet Nam Dncx Cong Ty Tnhh,3200.0
Brazil,Wuxi Linyuan Heat Exchanger Co Ltd,3196.77
Vietnam,"Ningbo Melan Foreign Trade Service Co., Ltd.",3195.0
Malaysia,Jiangsu Ocean Cooling Equipment Co Ltd,3193.36
Indonesia,Flender Gmbh,3167.75
Malaysia,Airflux Malaysia Sdn. Bhd.,3162.09
Vietnam,Dongxing City Xinquan Trading Co.,3160.0
Nigeria,Euro Lpg V,3157.625
Uganda,Ateliers Francois Sa Belgium,3156.52
Philippines,Ningbo Greetmed Medical Instruments Co Ltd,3136.0
Indonesia,Tianjin Textile Group Import Ltd,3130.64
Brazil,Trane Technologies Latin America Bv,3129.12
Vietnam,Cong Ty Tnhh Quoc Te Leadway,3111.1666666666665
Vietnam,Le Kien One Member Company Ltd.,3094.77756
Malaysia,Tinstar International Trading Co Ltd,3088.89
Vietnam,Feng Jiang (Vietnam) Electro Mechanical Construction Co. Ltd.,3088.6498
Vietnam,Dong Anh Pressure Equipment Joint Stock Company,3086.1239100000003
Vietnam,Cong Ty Co. Phan Thiet Bi Ap Luc Dong Anh,3086.1239100000003
Vietnam,Cong Ty Tnhh Ky Thuat Va Thuong Mai Ban Mai,3069.31074
Vietnam,Ban Mai Engineering And Trading Company Limited,3069.31074
Malaysia,Jingdezhen Tongyao Import And Export Trade Co Ltd,3059.48
Malaysia,Pratt Whiney Canada S E A Pte,3050.95
Vietnam,"Guangxi Dongxing Ruili Machinery Parts Import And Export Co., Ltd.",3042.0
Vietnam,Suzhou Leno Air Compressor Co Ltd,3040.0
Malaysia,Pratt Whitney Canada S E A Pte Ltd,3031.98
Saudi Arabia,Sf Yildiz Machine Automotive Industry And Trade Ltd,3030.0
Vietnam,Cong Ty Tnhh Thiet Bi Cong Nghiep Vinh Thinh,3012.0761899999998
Vietnam,Caterpillar S A R L Singapore Branch,3005.257318
Vietnam,"Guangxi Pingxiang An He Imp & Exp. Co., Ltd.",3000.0
Philippines,Cangzhou Tommy International Trading Co Ltd,3000.0
Vietnam,Meiko Electronics Thang Long Co Ltd,3000.0
Vietnam,Cong Ty Tnhh Dien Tu Meiko Thang Long Co. Ltd.,3000.0
Vietnam,Cong Ty Tnhh Dien Tu Meiko Thang Long,3000.0
Vietnam,Vietnam Terminal Exception Joint Stock Company,3000.0
Vietnam,Dongguan Yuyi Trading Co. Ltd,3000.0
Vietnam,Cong Ty Tnhh Kobelco Compressors Vietnam,2988.06314
Nigeria,China-Base Ningbo Foreign Trade Co. Ltd.,2985.893
Vietnam,Hua Feng Group Inc,2980.0
Vietnam,Shenzhen Sanlong International Holdings Ltd,2975.2
Vietnam,Cong Ty Tnhh Khi Cong Nghiep Messer Hai Phong,2973.5481
United Arab Emirates,Sri Venkateshwara Engineering,2971.66
Brazil,Central Shipping,2966.92
Vietnam,Guangxi Pingxiang Shengxing Imp. & Exp. Trade Co. Ltd.,2966.0
Brazil,Mercedes Benz Ag,2964.21
Indonesia,Y1Wu H40D0Ng 1Mp0Rt 4Nd Exp0Rt C0 Ltd,2959.0
United States,Jabil Circuit Sdn Bhd,2956.36
India,Qingdao Hai'Er Biomedical,2951.56
South Africa,Urt Engineering Pressure Vessels Machinery Industry Trade Joint Stock Company,2951.49
Vietnam,Kangtai Tools Industrial Co Ltd,2947.0
Vietnam,Taizhou Sutai International Trade Co,2934.76998
Vietnam,Hk Tianyi Business Trade Ltd,2934.0
Vietnam,Anc Technology And Engineering Company Limited,2927.68577
Vietnam,Cong Ty Tnhh Ky Thuat Va Cong Nghe Anc,2927.68577
Vietnam,Guangzhou Aeomachine Equipment Co Ltd,2927.0
India,Manchester Tank & Equip Co.,2926.8999999999996
Vietnam,Nantong Yimusisi Flooring Co Ltd,2924.76
United Arab Emirates,Ozak Sinai Ve Tibbi Gaslar Industry And Trade Ltd,2921.0
Vietnam,Cong Ty Tnhh Thiet Bi Cong Nghiep Va Dich Vu Momizi,2916.2490500000004
Vietnam,Cong Ty Tnhh Huaping Viet Nam,2902.65
Vietnam,Huaping Vietnam Company Limited,2902.65
Vietnam,Hong Kong Highsun Optoelectronic Co. Ltd.,2900.0
India,Tronox France Sas,2894.2
Malaysia,Ika Works Thailand Co Ltd,2885.6
Vietnam,Nsn Construction And Engineering Joint Stock Company,2874.23166
Vietnam,Shenzhen Fengying Electric Technology Co Ltd,2871.0
Brazil,Atlas Copco Wuxi Compressor Co Ltd,2868.19
Malaysia,Xinyi Internationaltrading Wuhu Co,2865.01
Brazil,Emmeti Spa,2863.0
Malaysia,Jinan Sitrak Import Export Co Ltd,2858.39
Malaysia,Nrf Espana S. A.,2857.5299999999997
Vietnam,Cong Ty Tnhh Xay Lap Va Thiet Bi Cong Nghiep Hanbell Sky,2854.99028
Vietnam,Noi Thuong Bac Joint Stock Company,2851.04122
Vietnam,Hermes Vietnam Machinery Co Ltd,2850.2038199999997
Vietnam,Vo Dai Trade Co Ltd,2850.0
Vietnam,Dongguan Guangqing Trading Co Ltd,2838.0
Brazil,Hine Hydraulics Corp,2812.0
Vietnam,Hangzhou Daibei Trading Co Ltd,2810.0
Vietnam,Resonac Specialty Gas Singapore Pte.,2800.0
Vietnam,"Hangzhou Weibang Hydropower Engineering Co., Ltd.",2800.0
Vietnam,Fujita Corporation Vietnam,2795.50827
Vietnam,Cong Ty Tnhh Fujita Viet Nam,2795.50827
Brazil,Khs Gmbh,2793.6
Vietnam,S-Star Viet Nam Co. Ltd.,2786.9903
Vietnam,Cong Ty Tnhh Nuoyuan,2785.2998
Vietnam,Cong Ty Tnhh Sstar Viet Nam,2784.79876
Indonesia,Yiwu Xiongxin Import And Export Co. Ltd.,2781.6
Vietnam,Cong Ty Tnhh Thuong Mai Dich Vu Xuat Nhap Khau Gia Kiet Cong Ty Tnhh,2777.5220799999997
Malaysia,The Toro Company,2776.28
Vietnam,Tp Inc,2774.07
Vietnam,Shenzhen Guangtengyuan Trade Co Ltd,2768.0
Vietnam,Fine Ms Vina Company Ltd.,2758.92857
Malaysia,Stone Inorganic Co Ltd,2758.82
Vietnam,Misumi Corporation,2756.6169200000004
Philippines,Dongguan Yunbai Commercial And Trading Co Ltd,2749.2000000000003
Vietnam,Elang Industrial Shanghai Co Ltd,2747.0
Vietnam,Viet Nam Air Industry Joint Stock Company,2746.13213
Vietnam,Suntra Global Co Ltd,2736.0
Brazil,Kaori Heat Treatment Co Ltd,2732.45
Vietnam,Hai Phong Petrolimex Gas Co. Ltd.,2726.9383
Vietnam,"Guangxi Pingxiang Limanying Import & Export Trade Co., Ltd.",2725.0
Indonesia,Deere And Company,2715.43
Vietnam,"Pingxiang City Yujie Import & Export Trade Co., Ltd.",2714.2857
Vietnam,Cong Ty Tnhh Gas Petrolimex Hai Phong,2713.93945
India,Micavac Ag,2712.84
Vietnam,Guangzhou Tiege Trading Co Ltd,2710.0
Vietnam,Southern Refrigeration Engineering Co. Ltd.,2710.0
Brazil,Usco Spa,2706.4100000000003
Vietnam,Shenzhen Jinbao Electromechanical Equipment Co Ltd,2704.0
Vietnam,Xiamen Topu Import Export Co Ltd,2688.01
Brazil,Sick Ag,2688.0
Vietnam,Big Fish Maldives Pvt. Ltd.,2670.0
Vietnam,Foshan New Packaging Imp And Exp Co,2660.0
Vietnam,Dongguan Data Box Technology Co Ltd,2660.0
Vietnam,"Seize International Trading (Shanghai) Co., Ltd.",2658.0
Vietnam,A Monforts Textilmaschinen Gmbh Co Kg,2657.59828
Vietnam,"Guangxi Bangyou Trade Co., Ltd.",2637.7200000000003
Vietnam,Smc Corp,2636.58199
Vietnam,Changzhou Fairdale Metal Tools Co Ltd,2633.9992
Malaysia,Atlas Copco Airpower Nv,2624.6099999999997
Vietnam,Ningbo Daqian Import Export Co Ltd,2617.13
Indonesia,Orostudio Italy S R L,2609.82
Brazil,Barnini Srl,2603.0
Malaysia,Sri Ranganathar Industries Pvt Ltd,2600.68
Vietnam,Cgn New Energy Integrated Energy Services Shenzhen Co. Ltd.,2600.0
Malaysia,Proline Pte Ltd,2599.64
Vietnam,Trumpf Pte. Ltd.,2582.25462
Vietnam,Chi Nhanh Cong Ty Co Phan Thuong Mai Va Dich Vu Ngoc Ha Tai Hai Phong,2578.40815
Indonesia,Honeywell,2577.8
Vietnam,Integrity Logistics Co. Ltd.,2572.0
Vietnam,Trans It As,2572.0
Vietnam,Gaim Regiomontana S A De C V,2571.29
Vietnam,Qianhai International Import And Export Co Ltd,2564.1
Vietnam,Sinopharm Jiangsu Co. Ltd.,2560.0
Indonesia,Shenzhen First Union Technology Co Ltd China,2559.07
Indonesia,Hangzhou Hongxian Technology Co Ltd,2552.84
Brazil,Sipa S P A,2543.17
Vietnam,"Guangxi Qisu Electronic Commerce Co., Ltd.",2540.0
Indonesia,Yiwu Canwen Trade Co Ltd,2531.75
Philippines,Vectro Global Pte Ltd,2520.4
Malaysia,Global Airtech Inc,2518.15
Vietnam,Tae Seong Equipment Vina Co. Ltd.,2511.90474
Vietnam,Cong Ty Tnhh Tae Seong Equipment Vina,2511.90474
Vietnam,Yiwu Xinsheng Import And Export Co Ltd,2510.0
Ghana,Foshan Grand Shine Supply Chain Co Ltd,2505.006
Vietnam,Chengqian Trading Hong Kong Co Ltd,2500.0
Vietnam,Gas Corporation,2500.0
Vietnam,Dongguan Baishanbai Trading Co Ltd,2500.0
Vietnam,Cong Ty Co Phan Xay Dung Va San Xuat Kansai Vina So 21 Louis Viii Kdt,2499.30606
Vietnam,Kansai Vina Production And Construction,2499.30606
Vietnam,Cong Ty Tnhh Phat Trien Xay Dung Viet Nam Kien Hung,2498.11648
Vietnam,Jianxing Vietnam Construction Development Co. Ltd.,2498.11648
Ghana,Shanghai Unicorn Medical Technology Co Ltd,2496.503
Vietnam,Casetek Singapore Pte Ltd,2492.7
Vietnam,Cong Ty Tnhh Tb Cn Va Dv Viet A,2491.21436
Vietnam,Danieli Co. Ltd.,2464.46
Vietnam,Cong Ty Tnhh Che Tao Thong Minh Jc,2464.3816
Vietnam,Hongkong Bao Zun International Co. Ltd.,2460.0
Vietnam,Xiamen King Long International Trading Co Ltd,2446.908
Nigeria,Amro Investments Pvt. Ltd.,2442.54
Brazil,Simpro S P A,2442.0
Brazil,Unipro Consulting Gmbh,2441.85
Vietnam,"Guangzhou Zhangdi Trading Co., Ltd.",2440.0
Vietnam,Rongshun (Viet Nam) Mechatronics Machinery Services Co. Ltd.,2432.12527
Vietnam,"Jinan Alton Auto Parts Co., Ltd.",2431.0
Vietnam,Guangzhou Smartcot Co. Ltd,2417.28
Vietnam,Cong Ty Tnhh May Moc Hermes Viet Nam,2416.04427
Indonesia,Spx Cooling Technologies Inc,2415.98
Vietnam,Bitzer Kuhlm Maschinenbau (Pty) Ltd,2405.38324
Vietnam,Energroup Llc,2403.5
Vietnam,Jiachai Trading Company Limited,2400.0
Indonesia,Steam Equipments Pvt. Ltd.,2400.0
Vietnam,Kunshan Lemon Import & Export Trade Co. Ltd.,2394.94
Vietnam,Shanghai Geso Systems Industrial Plc,2384.0
Philippines,Shanghai Droy Safety Technology,2382.8
Malaysia,Mitsubishi Motors Thailand,2377.08
United States,Bimeda Limited Po Box 30620 00100 Nairobi Kenya,2375.134
Canada,Bimeda Limited Po Box 30620 00100 Nairobi Kenya,2375.134
Indonesia,Hngzhq Fvrvd Ltd,2372.04
Indonesia,Hangzhou Shanli Purify Equipment Corporation,2370.0
Vietnam,Cong Ty Tnhh Quoc Te Dumico Vina,2367.59307
Vietnam,Cong Ty Tnhh Thiet Bi Dien Yu Feng Viet Nam,2362.59145
Vietnam,Yu Feng Electrical Equipment Vietnam Co. Ltd.,2362.59145
Vietnam,"Shenzhen Prest Industrial Equipment Co., Ltd.",2360.0
Vietnam,Chiko International Co Ltd Vn,2351.98
Vietnam,Quoc Te Chiko,2351.98
Vietnam,Cong Ty Tnhh Thuong Mai Quoc Te Kim Thanh Ham Vn,2342.3866
Vietnam,T&T Thang Long Construction And Engineering Ltd. Co.,2334.51536
Vietnam,Cong Ty Tnhh Ky Thuat Va Xay Dung T&T Thang Long,2334.51536
Vietnam,Saite Power Source (Hk) Co. Ltd.,2330.0
Vietnam,Vinhthinh Industrial Equipment Company Limited,2324.3588600000003
Vietnam,Cong Ty Tnhh Dich Vu Cong Nghiep King Power,2324.19115
Uganda,"Institute For International, Cooperation And Development",2303.53
Vietnam,Cong Ty Co Phan Cong Nghe Tan Nam Bac,2302.5924
Vietnam,Tan Nam Bac Technology Joint Stock Company,2302.5924
Indonesia,Normet Singapore Pte Ltd,2300.84
Philippines,Qingdao Hongyangyuhe Import Export Co Ltd,2297.9
Vietnam,Cty Tnhh Vintechpro,2297.2251499999998
Malaysia,Guangdong Yikenfeng Thermal Energy,2293.08
Vietnam,Kind Tools Limited,2293.0
Vietnam,"Guangdong Growatt New Energy Co., Ltd.",2289.15
Ghana,Elgi Equipment Ltd.,2283.81
Vietnam,T&S Communications Co. Ltd.,2273.66
Ghana,Vellamo Lojistik Ve Dis Tic Ltd,2272.738
United Arab Emirates,Technomatt Engineering,2272.72
Vietnam,Rongshun (Viet Nam) Mechatronics Machinery Services Company,2272.52515
Brazil,Atlas Copco (Shanghai) Trading Co,2263.0
Indonesia,Asia Digital Engineering Ade,2259.78
Brazil,Maschinenfabrik Niehoff Gmbh & Co. Kg,2257.41
Indonesia,Yulin Pancheng Electronic Equipment Co Ltd,2250.0
Indonesia,Ningbo Chasing Import & Export Co Ltd,2249.1
Vietnam,Jaguar Hn Ltd,2236.30875
Vietnam,Cong Ty Tnhh Jaguar Hn,2236.30875
Vietnam,Wenzhou Smart Vision Import Export Co Ltd,2219.25
Vietnam,Rro Machinery Equipment Co Ltd,2216.0
Indonesia,Quanzhou Baineng Import And Export Trade Co.,2207.99
Vietnam,Haire Biomedical Hk Co Ltd,2206.0
Philippines,Texas Pneumatic Tools Inc,2205.0
Vietnam,Tianjin Hessing Auto Galvanizing Equipment Co Ltd,2203.0
Vietnam,Shennan Zhang Technology Trade Co Ltd,2200.0
Vietnam,Hunan Vanguard Group Co Ltd,2200.0
Vietnam,Hangzhou Jinfan Supply Chain Co. Ltd.,2200.0
Vietnam,Dongxing City Shifeng Trade Co Ltd,2200.0
Vietnam,The Look (Macao Commercial Offshore) Co. Ltd.,2186.13365
Vietnam,Shanghai Chengken Commerce Co Ltd,2185.71
Vietnam,Sumisaujana Tcm Chemicals Sdn. Bhd.,2178.6
Vietnam,Cong Ty Tnhh Unipax,2163.55397
Vietnam,Unipax Co Ltd,2163.55397
Vietnam,Smc Corporation Of America,2162.01
Vietnam,Shun Chang Trading And Services Co. Ltd.,2159.18045
Vietnam,Cong Ty Thuong Mai-Dv Ky Thuat Dinh Thien,2159.18045
Vietnam,Thai Son Construction One Member Company Limited,2147.59859
Vietnam,Cong Ty Tnhh Mot Thanh Vien Xay Dung Thai Son,2147.59859
Brazil,Krones Ag,2141.87
Vietnam,Cong Ty Tnhh Air Liquid Vietnam,2139.94402
Philippines,Draegerwerk Ag And Co Kgaa,2138.18
India,United Aircraft Corporation Pjsc,2136.96
India,Pjsc Uac,2132.69
Philippines,Plaengi Co Ltd 49 12,2131.1
Vietnam,K T Vina Cong Ty Tnhh Thuong Mai,2129.07297
Vietnam,Zhangzhou Kangjie Refrigeration Equipment Co Ltd,2124.0
Brazil,Japy Tech Sas,2115.74
Vietnam,Khan Industry Shanghai Co Ltd,2100.0
Vietnam,Gbos Laser Inc,2100.0
Vietnam,Regina Miracle International Group,2100.0
Malaysia,Scitek Global Co Ltd,2097.38
Vietnam,Cong Ty Tnhh Cong Nghe Yongwang Vietnam,2096.13868
Vietnam,Yongwang Viet Nam Technology Co. Ltd.,2096.13868
Vietnam,Jinan Alton Auto Parts Co Ltd,2093.0
Malaysia,Axcelis Technologies Pte. Ltd.,2087.52
Indonesia,Kuehne & Nagel - Norrkoping,2074.36
Vietnam,Viet Yindustry Equipment Joint Stock Co.,2071.60077
Brazil,Regloplas Ag,2061.0
Vietnam,Yujin Kreves,2060.2
Vietnam,Dongguan Guangyuande Trade Co Ltd,2057.6
Vietnam,Cong Ty Tnhh Hanshin,2056.89319
Vietnam,Hanshin Co. Ltd.,2056.89319
Vietnam,Zhejiang Chaoyue Trading Co Ltd,2053.5
Vietnam,Cong Ty Tnhh Co Khi Ky Thuat Xay Dung Po Sung Po Sung Phong,2049.33204
Vietnam,Po Sung Mechanical Engineering And Construction Limited Liability Company,2046.8942
Vietnam,Zyf Viet Nam Construction Co. Ltd.,2042.44125
Vietnam,Sichuan Fuyao Supply Chain Management Co Ltd,2042.0
Vietnam,Wuxi Tianliang Foreign Trade Co Ltd,2036.0
Indonesia,Yiwu Yingzi Import Exportco Ltd,2035.0
Indonesia,Combine Union Co. Ltd,2026.61
Nigeria,Gac Shipping Nigeria Ltd,2025.323
Malaysia,Cesco Enviromental Technologies Pte Ltd,2023.68
United Arab Emirates,Ghani Chemical Industries Ltd,2021.08
Uganda,Danyang Huahang Electric Technology Co Ltd,2019.0
Uganda,Wilmar Plantations Sdn Bhd,2012.0
Vietnam,Van Oord Ship Management B.V.,2007.66953
Vietnam,Dongguan Kainuo Machinery Co Ltd,2000.0
Philippines,Liaoning Chenshengyueyang Internatiional Trade Co Ltd,2000.0
Vietnam,Hongkong Meridian Trade Co. Ltd.,2000.0
Vietnam,Shandong Liuchu Refrigeration Equipment Co Ltd,2000.0
Vietnam,"Hubei Intop Machinery Co., Ltd.",2000.0
Indonesia,Eskay Heat Transfers Pvt. Ltd.,2000.0
Vietnam,Zhejiang Yonghe Refrigerant Co Ltd,2000.0
Vietnam,Chemgas Korea Co Ltd,2000.0
Vietnam,Khang Duc Investment And Construction Joint Stock Company,2000.0
Vietnam,Sta Commercial Technical Company Ltd.,1999.21903
Vietnam,Cong Ty Tnhh Ky Thuat Thuong Mai Sta,1999.21903
India,Chemigas Limited,1998.78
United Arab Emirates,Riple Plate M Sdn Bhd,1994.44
Vietnam,Hanbell Precise Machinery Bac Ninh Co. Ltd.,1991.4096
Vietnam,"Guangxi Liangxun Import And Export Trade Co., Ltd.",1986.0
Vietnam,Bao Minh Phat General Services Trading Co. Ltd.,1984.12698
Vietnam,Cong Ty Tnhh Tmdv Co Trien,1984.12698
Vietnam,Fujian Laya Outdoor Products Co Ltd,1979.55
Vietnam,Hua Yee Industrial Co Ltd,1970.08
Vietnam,Cong Ty Tnhh Toyo Machinery Viet Nam,1959.21631
Vietnam,Toyo Machinery Vietnam Co. Ltd.,1959.21631
Vietnam,Fuzhun Precision Tooling Jiashan Co Ltd,1958.0
Vietnam,Ika Works Asia Sdn Bhd,1951.56
Vietnam,Shanghai Cunhong Marine Lifesaving Appliance Co Ltd,1950.0
Vietnam,Southern Ocean Solutions,1949.71683
Vietnam,Cty Tnhh Cn Fu Sheng Viet Nam,1943.22271
Brazil,Andritz Oy,1937.0
Indonesia,Hangzhou Pengwei Technology Co Ltd,1928.2
Indonesia,Hangzhou Ouding Supply Chain Co Ltd,1925.9
Indonesia,Turck Banner Singapore Pte. Ltd.,1923.0
Vietnam,Vintechpro Company Ltd.,1920.55041
Indonesia,Shanghai Sino Trading Co Ltd,1916.77
Indonesia,Jiaxing Zhengtong Plastic Industry Technology Co Ltd,1915.0
Philippines,Shandong Sollant Machinery,1910.2
Vietnam,On Semiconductor Binh Duong Co. Ltd.,1902.56
Vietnam,Guangxi Pingxiang Xunjie Trade Co Ltd,1900.0
Vietnam,"Huanggang E-Port Trading Service Co., Ltd.",1899.17
Vietnam,Tung Son - Ba Ria Company Limited,1893.49112
Vietnam,Cong Ty Tnhh Tung Son Ba Ria Vung Tau,1893.49112
Vietnam,Cong Ty Tnhh Tokin Viet Nam,1891.25295
Vietnam,Psi Viet Nam Industry Joint Stock Co.,1890.60552
Vietnam,Yujin Kreves Ltd,1887.5
Vietnam,Cong Ty Co. Phan Cong Nghiep Psi Viet Nam,1887.37863
Indonesia,Ford Sales & Service Thailand Co. Ltd.,1881.76
Indonesia,Guan Chong Cocoa Manufacturer Sdn Bhd,1872.48
Vietnam,Hangzhou Hongxian Technology Co Ltd,1872.1999999999998
Vietnam,Cong Ty Tnhh Co Khi Chinh Xac Nhat Minh,1869.17272
Indonesia,Tetra Pak Trading Shanghai Ltd,1863.44
Indonesia,Hangzhou Yina Import And Export Co Ltd,1860.62
Brazil,Caterpillar Suzhou Logistics Co Ltd,1859.0
Vietnam,Hung Lung Machinery Manufacturing Co Ltd,1857.0
Indonesia,Luo Yang Hong Teng Electrical Equitment Co Ltd,1849.9699999999998
Vietnam,Cong Ty Tnhh Mtv Thuong Mai Dich Vu Co Dien Lanh Long Quan Cong Ty Tnhh Mtv,1846.8232400000002
Brazil,Heatex Ab,1841.0
Brazil,Metos Oy Ab,1840.36
Vietnam,Kangda Board Vietnam Co Ltd,1832.9896800000001
Vietnam,Cong Ty Tnhh Tm Ky Thuat Truong Phat,1832.88408
Vietnam,Truong Phat Tm Technology Company Limited,1832.88408
Philippines,Shandong Sparta Machinery Co Ltd,1830.0
Kenya,Sudarshan Plastics,1822.57
Vietnam,Cong Ty Co Phan Trong Viet Hung,1821.3876
Brazil,Coperion Gmbh,1817.6999999999998
United States,Apa Engineering Pvt. Ltd.,1815.46
Vietnam,Taisei Facility Management Vn Company Limited,1812.55407
Vietnam,Tengfei Electrical Hardware Construction Co Ltd,1812.45074
Vietnam,Viet Son Technology Jsc,1809.78051
Vietnam,Falcon Logistics Joint Stock Co,1802.0
Vietnam,Fuente International Co Ltd,1802.0
Vietnam,Jiangsu Chenchao Import And Export Trade Co Ltd,1800.0
Vietnam,Rongtai Trading Development Co. Ltd.,1800.0
Vietnam,Zhejiang Peerexchange Import And Export Co Ltd,1800.0
Vietnam,Dongle Industrial Hk Ltd.,1800.0
Vietnam,"Cheng Shuang Industrial Co., Ltd.",1795.34121
Vietnam,Cong Ty Tnhh Cong Nghiep Cheng Shuang,1795.34121
Vietnam,Cong Ty Tnhh Phat Trien Dau Tu Xay Dung Va Dich Vu Toan Cau,1794.34656
Vietnam,Chi Nhanh Cong Ty Co Phan Thuong Mai Va Dich Vu Ngoc Ha,1779.49708
Malaysia,Zhenhan Jiangxi Science And Technology Co Ltd,1776.35
Brazil,Midea Electric Trading Co Pte Ltd,1772.0
Malaysia,Xcerra Corporation,1768.66
Vietnam,Yangzhou Jingbai Automation Technology Co Ltd,1768.0
Vietnam,Shimizu Vietnam Co. Ltd.,1766.25336
Qatar,Nan,1765.0
Vietnam,"Jiangxi Gaojia Optoelectronic Technology Co., Ltd.",1760.0
Indonesia,Cola Marine Pte. Ltd.,1760.0
Vietnam,Xiamen Contemporary Huaneng Import And Export Trading Co Ltd,1760.0
Indonesia,Zhejiang Kaishan Energy Equipment Co Ltd,1757.25
Vietnam,Qcision Ag,1753.78866
Uganda,Aarvij International,1751.0
Vietnam,Shenzhen Yuxing Trading Co. Ltd.,1750.0
Kenya,Laxmi Engg Thermo Pack,1745.74
Brazil,Zilmet S P A,1745.0
Vietnam,Asian Technology Equipment Joint Stock Company,1732.76857
Vietnam,Cong Ty Co Phan Thiet Bi Ky Thuat Asian,1732.76857
Indonesia,Costex Tractor Parts,1725.2
Vietnam,M L Import And Export Trading Co Ltd,1722.0
Vietnam,Cong Ty Tnhh Phat Trien Cong Nghe Khi Nen Viet My,1715.56885
Vietnam,Viet My Development Technology Pneumatic Company Ltd.,1715.56885
Vietnam,Youngone Corporation,1706.3999999999999
Vietnam,Zhansheng International Trade Co. Ltd.,1704.288
Vietnam,Universal Sourcing Partners Ltd.,1700.0
Indonesia,Shanghai New Union Textra I&E Co. Ltd.,1695.81
Vietnam,Cong Ty Tnhh Kt Dien Xd Feng Jiang Viet Nam,1687.24443
Vietnam,Homag India (P) Ltd.,1686.88
Kenya,Govina Metfab Opc Pvt Ltd,1685.21
Indonesia,Rizhao Cementteck Equpments Spare Parts Co Ltd Room 904 Jinhua Tower Rizhao City Shandon,1680.0
Indonesia,Yiwu Hongqi Trading Co Ltd,1665.45
Indonesia,Kasion International Logistics Hk Limited,1656.63
Vietnam,Great Stamina Ltd.,1650.0
Vietnam,Jco Woodenware Co Ltd,1650.0
Vietnam,Shanghai Yiyi Import And Export Co. Ltd.,1650.0
Brazil,Cummins Supply Chain Technologies And Management Co,1647.9
Vietnam,Jiangyin Lingfeng International Trade Co Ltd,1647.83
Vietnam,Jiangmen Dali Import And Export Co Ltd,1644.24
Vietnam,De Kang Xing International Trading Ltd,1643.84
Philippines,Shandong Grace Refrigeration Equipments Co Ltd,1642.0
Vietnam,Zhe Jiang Cal Imp And Exp Co Ltd,1640.0
Vietnam,"Jinan Yingjian Auto Parts Co., Ltd.",1638.0
Vietnam,Hao Phuc Electricity Company Ltd.,1631.34746
Vietnam,Cong Ty Tnhh Dien Hao Phuc,1631.34746
Vietnam,Avina Logistics Joint Stock Company,1622.82699
Vietnam,Tong Cheng Iron Works Co Ltd,1622.7600000000002
Brazil,Sonflow A S,1622.67
Vietnam,Fukunishi Electrical Co. Ltd.,1620.81024
Malaysia,Hirochiku Asia Thailand Co Ltd,1612.24
Vietnam,Jc Smart Manufacturing Co Ltd,1609.2843
Vietnam,Che Tao Thong Minh Jc Cong Ty Tnhh,1609.2843
United States,Microvance Sdn Bhd,1606.9
Vietnam,Guangxi Golden Sun International Trade Co. Ltd.,1605.40106
Vietnam,Thuc Nghiep Dat Kien Tnhh,1600.93711
Vietnam,Gentent Co. Ltd.,1600.93711
Vietnam,Sunrise Leather International Ltd,1600.0
United Arab Emirates,Lalit Engineers,1590.97
Vietnam,King Power Service Co. Ltd.,1589.74358
Vietnam,B S J Technology Co Ltd,1589.0
Vietnam,Cong Ty Tnhh Thuong Mai Viet Nam,1587.30158
Vietnam,Vietnam Van Phong Trading Co. Ltd.,1587.30158
Philippines,Xiamen Leadsun Corporation,1586.9
Vietnam,Cong Ty Tnhh Thiet Bi Ky Thuat Phu An,1585.31266
Vietnam,Phu An Technical Equipment Limited Liability Company,1585.31266
Indonesia,Hks Co Ltd,1582.62
Indonesia,Jiangmen Jianghai Eon Trading Co Ltd,1581.26
Vietnam,Cong Ty Tnhh Tai Hsun,1576.04412
Vietnam,Tai Hsun Company Limited,1576.04412
Vietnam,Festo Pte Ltd,1573.0589499999999
Vietnam,Saman Machinery Co Ltd Vietnam,1559.49171
Vietnam,Cong Ty Tnhh May Moc Saman Viet Nam,1559.49171
Vietnam,Dongguan Tongda Storage Serve Co. Ltd.,1556.0
Vietnam,"Dongguan Huaji Trading Co., Ltd.",1555.52084
Vietnam,Cong Ty Tnhh Daiichi Jitsugyo Viet Nam,1551.20303
Malaysia,Chinsim Trading Pte Ltd,1550.03
Brazil,Leica Biosystems Richmond Inc,1547.0
Vietnam,Guangdong Enlan Hardware Technology Co Ltd,1544.67
Malaysia,Airflux Malaysia Sdn Bhd,1543.74
Vietnam,Cong Ty Co Phan Vat Tu Thiet Bi Y Te Cong Nghiep Vinmed,1542.614
Indonesia,"Yiwulihang Import & Export Co., Ltd.",1540.0
Philippines,Guangzhou Zhanzhihang Trading,1533.1
Vietnam,Lf International Ltd.,1530.0
Vietnam,Cong Ty Tnhh Bac Ruong Thon Xa Bac Ruong,1522.84263
Vietnam,Bac Ruong Company Limited,1522.84263
Vietnam,Cong Ty Tnhh Tokin Electronics Viet Nam,1522.84263
Vietnam,Kmb Construction Mechanical And Trading Services Joint Stock Company,1520.98575
Brazil,Ika Works (Asia) Sdn. Bhd.,1520.49
Vietnam,"Pingxiang Rongxing Trade Co., Ltd.",1520.0
Vietnam,T. T. H. Q. Ltd.,1518.0
Vietnam,Shanghai Nangaojing Dot Gear Sales Co Ltd,1508.8
Malaysia,Biobase Biovictor Co. Ltd,1505.11
Philippines,Olymtotech Technology Development Co,1505.0
Indonesia,Mega Perfect Development Ltd.,1500.0
Vietnam,"Yancheng King Ben Machinery Co., Ltd.",1500.0
Vietnam,Qingdao Yingxiyuan Trade Co Ltd,1500.0
Philippines,Meltec Corporation,1500.0
Vietnam,Iwatani Corporation (Singapore) Pte. Ltd.,1500.0
Vietnam,Tway Air Co. Ltd.,1500.0
Vietnam,Long Tuong Mechancial Electrical Company Limited,1497.24192
Vietnam,Long Tuong Mechanical Electrical Company Ltd,1497.24192
Vietnam,Kitagawa Seiki Co Ltd,1495.18368
Vietnam,Foshan Fasa Trading Cooperation Ltd,1494.51
Indonesia,Anhui Kaifeng Plastic Machinery Co. Ltd.,1480.21
Vietnam,Win Tech Worldwide Co. Ltd.,1480.0
Vietnam,Cong Ty Co. Phan Centec,1476.26788
Vietnam,Ji Tian Machinery Trading Co. Ltd,1475.72815
Vietnam,Cong Ty Tnhh Thuong Mai May Moc Ji Tian,1475.72815
Vietnam,Tech-Link Silicones Co. Ltd.,1474.8642
Vietnam,Cong Ty Tnhh Dau Tu Phat Trien Cong Nghe Va Thuong Mai Viet Nam,1474.44699
Vietnam,Quang Duc Import Export Trading Company Limited,1463.2268
Vietnam,Catphong Trading Service Co Ltd,1463.2268
Vietnam,Cong Ty Tnhh Thuong Mai Dich Vu Cat Phong,1463.2268
Malaysia,Wuxi Origin Industry Service Co,1463.01
Vietnam,"Jiangyin U-Get Electromechanical Technology Co., Ltd.",1460.0
Vietnam,Jaguar Central Asia Technology Co Ltd,1456.31067
Vietnam,Cong Ty Tnhh Cong Nghe Trung A Jaguar,1456.31067
Vietnam,Sinox International Group Co. Ltd.,1456.13
Malaysia,Weka Asia Pte. Ltd.,1453.52
Vietnam,Denair Energy Equipment Co. Ltd.,1450.0
Brazil,Perkins Engines Company Limited,1447.6200000000001
Vietnam,Hongzhun Precision Tooling Kunshan Co Ltd,1440.0
Indonesia,Turck Banner Singapore Pte,1437.0
Vietnam,Loi Dinh Viet Nam Co Ltd,1436.21146
Malaysia,Tong Hang Marine Sdn Bhd,1435.08
Brazil,Vestas Wind Systems A S,1431.09
Vietnam,Cong Ty Co Phan Indochina Gas,1429.13282
Vietnam,Shining International Trading (Jiashan) Co Ltd,1425.21
Vietnam,Cong Ty Co Phan Cong Nghe Xanh - Ecosafe,1425.03667
Vietnam,Ecosafe Green Technology Joint Stock Company,1425.03667
Brazil,Ruian Hung Shun Lo Import And Export Co Ltd,1422.0
Brazil,Velp Scientifica Srl,1420.41
India,Rubix Gmbh,1419.66
Indonesia,Fujian Sanfer Imp Exp Trading Co Ltd,1418.12
Vietnam,Yamanaka Kiko Co. Ltd.,1410.81501
Vietnam,Changzhou Vrcoolertech Refrigeration Co Ltd,1410.0
Vietnam,Ziqi Compressor (Shanghai) Co. Ltd.,1408.0
Indonesia,John Deere Asia (Singapore) Pte. Ltd.,1407.16
Vietnam,Kalmar Pte Ltd,1406.92342
Vietnam,Ningbo Baiyan International Trading Co. Ltd,1403.779992
Vietnam,Cong Ty Tnhh Ky Thuat Dien Xay Dung Feng Jiang Viet Nam,1401.40537
Vietnam,Dongguan Yunbai Commercial And Trading Co Ltd,1400.57
Vietnam,Where The Stem Shanghai Trading Co,1400.0
Vietnam,"Guangzhou Huahan Import & Export Co., Ltd.",1394.47
Vietnam,Cong Ty Tnhh Loi Dinh Viet Nam,1387.84249
Vietnam,Loi Dinh Viet Nam Co. Ltd.,1387.84249
Vietnam,Cong Ty Co Phan Thiet Bi Cong Nghiep Viet Y Co.,1384.2221299999999
Vietnam,First Green Engineering Company Limited,1381.49537
Saudi Arabia,Empire Compressor Private Limited,1380.99
Vietnam,Cong Ty Co Phan Techcon Viet Nam,1380.67061
Vietnam,Techcon Vietnam Joint Stock Company,1380.67061
Vietnam,Dongguan Yuyi Trading Co Ltd,1380.0
Indonesia,Minghan Imp And Exp,1375.15
Indonesia,Hangzhou Lishida Trading Co. Ltd.,1368.52
Vietnam,Beihai Sunlight Import And Export Co. Ltd,1368.0
Vietnam,Viet Nam Green Minh Anh Corporation,1366.65365
Vietnam,Cong Ty Co Phan Minh Anh Green Viet Nam Co.,1359.2233
United Arab Emirates,Nitroxtec Industrial Machine Compressed Air And Gas Solutions Industry Trade Ltd,1350.0
Vietnam,Fukun Hongkong Limited,1348.5
Indonesia,"Hangzhou Wangjiashi Import Export Co., Ltd.",1342.15
Vietnam,Offshore Energy Installation Joint Stock Company,1341.57739
Brazil,Blue Trade Solutions Llc,1341.02
Vietnam,Shenzhen Yueshen Trading Co Ltd,1335.14
Nigeria,Air Liquide Nigeria,1331.076
Kenya,Denair Energy Equipment Co Ltd,1330.1
Vietnam,Best Four Trading Co. Ltd.,1326.0
Brazil,Modec International Inc 15011 Katy Fwy Ste 500Houston Tx 77094 United Statesdr 21250612 Ot 9245,1325.41
Vietnam,Romaco Kilian Gmbh,1316.13732
Vietnam,Yu Feng Electrical Equipment Vietnam Co Ltd,1314.0161600000001
Brazil,Aichelin Ges M B H,1308.58
Vietnam,Cong Ty Tnhh Thiet Bi Cong Nghiep Song Than,1308.5372
Vietnam,Song Thanh Industrial Equipment Co. Ltd.,1308.5372
Vietnam,Djf International Trade Ltd,1303.69
Indonesia,John Deere Asia (Singapore) Ltd,1302.1
Vietnam,"Dongguan Baishanbai Trading Co., Ltd.",1300.0
Vietnam,Dongguan Fangyang Import An Export Co Ltd,1300.0
Vietnam,Assembly Trump Hongkong Electron Co. Ltd.,1300.0
Vietnam,Qingdao Yundalai Trading Co Ltd,1300.0
Vietnam,Silk Invest International Co Ltd,1296.86
Vietnam,S-Mac Vina Company Ltd.,1296.68
Vietnam,Cong Ty Trach Nhiem Huu Han S Mac Vina,1296.68
Vietnam,Anhui Higasket Plastics Co Ltd,1295.88999
Malaysia,Tianjinyuxiang International Trade,1295.86
Vietnam,Yiwu Coolworld Imp And Exp Co Ltd,1287.0
Vietnam,Guangzhou Wanhui Trading Ltd,1282.0
Indonesia,"Hangzhou Yinhong Trading Co., Ltd.",1281.91
Vietnam,Cong Ty Tnhh Thuong Mai Xuat Nhap Khau Viet Trung Khai Son Thon Tuan Di,1276.59574
Vietnam,Jinan Yingjian Auto Parts Co Ltd,1274.0
Vietnam,Rythern Viet Nam International Co. Ltd.,1272.12
Vietnam,Dongguan Defeng Import And Export Co Ltd,1272.0
Brazil,Cummins Ltda,1270.82
Vietnam,Tkg Taekwang Jinheoung Vina Company Limited,1263.11
Vietnam,Xuat Nhap Khau Thuong Mai Tan Long Phat Tnhh,1262.13592
Vietnam,Tan Long Phat Import Export Trading Co. Ltd.,1262.13592
Vietnam,Vietnam Recomm Co. Ltd.,1260.95404
Vietnam,Cong Ty Tnhh Viet Nam Recomm,1260.95404
Vietnam,Hanzhong Mechanical And Electrical Company Limited,1260.8353
Vietnam,Yuke Sports Co. Ltd.,1260.28
Vietnam,Huayuan International Logistics (Hk). Ltd.,1250.1
United States,Duru Kompresor Machine Industry And Trade Joint Stock Company,1250.0
Vietnam,Cong Ty Tnhh Vat Tu Dien Cong Nghiep Va Kim Khi Tong Hop Bac Giang,1247.50096
Vietnam,Fenglan Vietnam Mechanical And Electrical Engineering Co Ltd,1241.93423
Vietnam,Co Dien Ky Thuat Fenglan Viet Nam Cong Ty Tnhh,1241.93423
Malaysia,Bauer Maschinen Gmbh,1240.73
Brazil,Banjian Parts Co Ltd,1236.73
Vietnam,Cong Ty Co Phan Nang Luong Hustech,1235.50579
Vietnam,Hustech Energy Joint Stock Company,1235.50579
Indonesia,Parker Hannifin Hyds Sh Co,1235.19
Vietnam,Nanning Goertek Trading Co Ltd,1227.09999
Vietnam,Duerr Somac Gmbh,1223.0191499999999
Brazil,Srp Sadid Otomotiv Anonim Sirketi A S,1220.7
United Arab Emirates,Vizen Solutions,1217.76
Vietnam,Airtec Air Compressor Equipment Company Limited,1214.99013
Vietnam,Cong Ty Tnhh Thiet Bi Nen Khi Airtec,1214.99013
Vietnam,Sms Group Gmbh,1211.2527
Indonesia,Al Kiswa Co Ltd,1210.0
Vietnam,Dongguan Huijie Metal Technology Co Ltd,1200.0
United Arab Emirates,Cantas Chemical Industry And Trade Joint Stock Company,1200.0
Vietnam,"Heyuan Haojida Communication Equipment Co., Ltd.",1200.0
Vietnam,Tianjin Comphydr Machinery And Electronics Co,1200.0
Vietnam,Ruey-An Co. Ltd,1200.0
India,Manchester Tank Equip Co,1198.01
Vietnam,Douglas Viet Nam Company Ltd.,1190.47619
Vietnam,Cong Ty Tnhh Douglas Viet Nam,1190.47619
Vietnam,Cong Ty Co. Phan Phat Trien Cong Nghiep Binh Duong,1180.03088
Vietnam,Binh Duong Industrial Development Joint Stock Company,1180.03088
Vietnam,Hefei Corrstone Technology Co Ltd,1180.0
South Africa,Sempre Automotive Trade Ltd,1178.0
Malaysia,Eastern 1961 Co. Pte. Ltd.,1171.46
Brazil,Bbr Automotive Gmbh,1169.65
Ghana,Tvh Parts N Vbrabantstraat 15 Be 8790 Waregem Belgium,1165.94
Vietnam,Shaoxing Rehow Refrigeration Equipment Co Ltd,1165.0
Malaysia,Shandong Lingong Construction,1163.95
Vietnam,Cong Ty Tnhh Amada Viet Nam,1161.19132
Vietnam,Amada Vietnam Co. Ltd.,1161.19132
Brazil,"Guangdong Fuxin Technology Co., Ltd.",1158.0
Vietnam,Mda E C Cong Ty Tnhh,1155.17905
Vietnam,Mda E&C Co. Ltd.,1155.17905
Vietnam,Ningbo Qichen International Trade Co Ltd,1152.0
Philippines,Hubei Xingda Imp Exp Trading Co Ltd,1151.2
Indonesia,Pacific Rubber Works Zhuhaic Co Ltd,1149.0
Vietnam,Sungjin Industrial Co. Ltd.,1148.76
Vietnam,Maitian Import And Export Trade Co Ltd,1146.0
India,Gokceler Domestic And Foreign Trade Cooling Systems Joint Stock Company,1143.03
Vietnam,Anji Linuo Electronic Technology Co Ltd,1142.86
Indonesia,Hangzhou Qianhui Technology Co. Ltd.,1135.0
Vietnam,Tetra Pak Trading (Shanghai) Co. Ltd,1134.75
India,Shanghai Sollant Energy Saving Technology Co Ltd,1131.21
Philippines,Buma Compressor Co Ltd,1130.0
Vietnam,Shenzhen Jingyi Machinery Hardware Equipment Technology Co Ltd,1129.0
Vietnam,Watakyu Seimoa Corporation,1128.27636
Philippines,Koncar Power Transformers Ltd,1123.9
Philippines,Guangzhou Zhanzhihang Trading Co,1122.6
Vietnam,Suzhou Huanyuetong International Trade Co Ltd,1122.0
Indonesia,Yiwu Yinghe Import & Export Co. Ltd.,1120.0
Vietnam,Pnp Safety,1120.0
Vietnam,Apex Socks And Textiles Ltd.,1120.0
Vietnam,Fuel Cell Store,1120.0
United Arab Emirates,Veer Engineering India Llp,1115.63
Brazil,Ktb Import Export Handelsgesellschaft Mbh Co Kg,1115.19
Vietnam,Tengfei Electrical Hardware Construction Co. Ltd.,1110.27399
Vietnam,Fuji Furukawa E And C Vietnam Co. Ltd.,1110.27399
Vietnam,Cong Ty Tnhh Ky Nghe Fuji Furukawa E And C Viet Nam,1110.27399
Indonesia,China Energy Supply Chain Management Group Corporation Limited,1109.07
Vietnam,Hong Kong Shengnuo Industrial Development Co Ltd,1108.0
Vietnam,Thai Phat Construction Investment Joint Stock Company,1106.9263700000001
Vietnam,Cong Ty Cp Cong Nghanh Co Khi Viet Nam,1106.26882
Indonesia,Hisaka Works Ltd.,1102.79
Brazil,Peugeot Automobiles Sa,1100.65
Vietnam,E Conn Electronic Co Ltd,1100.0
Vietnam,Parker Hannifin Singapore Pte. Ltd.,1100.0
Vietnam,Tayo Industries Sdn Bhd,1100.0
Vietnam,"Yuhuan Shihang Import & Export Co., Ltd.",1100.0
Vietnam,Ningbo Mingyao Import And Export Trading Co Ltd,1100.0
Vietnam,Jiangsu Wankai International Trade Co Ltd,1100.0
Vietnam,Cong Ty Co Phan Youngjin E C Duong Tran Duy Hungtrung Hoa,1093.59164
Vietnam,Youngjin E C Joint Stock Company,1093.59164
Vietnam,Cong Ty Tnhh Xnk An Phat Vina,1093.56257
Vietnam,An Phat Vina Import-Export Company Ltd.,1093.56257
Malaysia,Ningbo Mega Machinery Trading Co Ltd,1089.97
Indonesia,Kwong Cheong Develop Co.,1087.02
Indonesia,Ford Sales Service Thailand Co Ltd,1084.21
Nigeria,Trans Easy Logistics Co Ltd,1081.993
Uganda,"Zhangjiagang Sky Machine Co., Ltd.",1080.07
Vietnam,Shenzhen Jw Supply Chain Management Co Ltd,1080.0
Vietnam,Cong Ty Tnhh Smc Corporation Viet Nam,1079.4799
Vietnam,Smc Corporation (Vietnam) Co. Ltd.,1079.4799
United States,American Airlines Inc,1078.74
Vietnam,Hanbell Precise Machinery Bac Ninh Company Limited,1078.16711
Brazil,Gea Westfalia Separator Group Gmbh,1077.51
Vietnam,Cong Ty Co. Phan Cong Nghe Va Thuong Mai Systech,1076.31347
Vietnam,Cong Ty Tnhh Xinyongsheng,1075.89954
Vietnam,Xinyongsheng Co Ltd,1075.89954
Vietnam,Dongguan Shengdaxin Import And Export Co Ltd,1072.0
Vietnam,Nouyuan Dong Li Company Ltd,1071.89646
Vietnam,Hd Vina Machinery And Technical Service Joint Stock Company,1070.62134
Vietnam,Luxvisions Innovation Science And Technology Company Limited,1064.6178
Vietnam,Cong Ty Tnhh Khkt Luxvisions Innovation,1064.6178
Vietnam,Cong Ty Tnhh Xay Dung Va Thuong Mai Hdd Viet Nam,1062.69082
Vietnam,Hdd Viet Nam Construction And Trading Co. Ltd.,1062.69082
Vietnam,"Zhongshan Rulex Lighting Co., Ltd.",1060.0
Vietnam,Ningbo Sunny Foreign Trade Co Ltd,1060.0
Nigeria,Elte Intl,1059.868
Vietnam,Ohsung Vina,1056.41351
Indonesia,Yasujima Co Ltd,1052.22
Nigeria,Elte Internatinal,1050.962
Nigeria,Visser Trading,1050.962
Nigeria,As Agents Only 25 Oudeleeuwenrui A,1050.962
United States,E O A Servicio S A,1050.0
Vietnam,Cong Ty Tnhh Oh Sung Vina,1048.44849
Brazil,Daf Trucks N V,1046.0
Vietnam,Cong Ty Tnhh Hyorim Vina,1034.93397
Vietnam,Hyorim Vina Company Ltd.,1034.93397
Vietnam,Rro Machinery Equipment Co. Ltd.,1034.48
Kenya,Well O Matic,1030.04
Indonesia,Winner Pulp Holdings Ltd,1030.0
Vietnam,Cong Ty Tnhh Hanshin Airtotech Vina,1024.17042
Senegal,Funteks Foreign Trade Ltd,1023.82
Indonesia,Hiab Finland Oy,1021.64
Nigeria,Motorcraft,1021.14
Saudi Arabia,Gokceler Domestic And Foreign Trade Cooling Systems Joint Stock Company,1018.98
Vietnam,Testing Lian Xin Viet Nam Company Ltd.,1018.5
Vietnam,Cong Ty Tnhh Compass Ii,1015.22842
Vietnam,Compass Ii Co. Ltd.,1015.22842
Vietnam,Cong Ty Cp Dich Vu Va Giai Phap Cong Nghiep Viet Nam,1009.70873
Vietnam,Dong Duong Industry And Service Joint Stock Company,1009.70873
Philippines,Sjr Machinery Limited,1008.0
Brazil,Sa Reducers,1006.0
Vietnam,Cong Ty Tnhh Tectiiko Technology,1004.72813
Vietnam,Tectiiko Technology Company Limited,1004.72813
United Arab Emirates,Chemigas Limited,1001.6569999999999
Indonesia,Guangzhou Taihuihuang Electronics Commerce Co. Ltd,1000.0
Vietnam,China-Base Ningbo Foreign Trade Co. Ltd.,1000.0
Vietnam,Ny International Logistics Co. Ltd.,1000.0
Vietnam,Anji Linuo Electronic Technology,1000.0
Vietnam,Nanjing Tupory Power Technology Co Ltd,1000.0
Vietnam,Shanghai Waysmos Fine Chemical Co Ltd,1000.0
Vietnam,Guangxi Pingshang International Trade Co Ltd,1000.0
United Arab Emirates,Atee Co,998.67
Vietnam,Zhong Jiang U D E Networking Electronics Corp,997.36
Vietnam,Maruman Viet Nam Machinery Services Trading Co Ltd,996.53446
Vietnam,Cong Ty Tnhh Gtech Vina,995.60175
Vietnam,Ruian Ashton Trading Co Ltd,994.4
Brazil,Hanon Systems Autopal S R O,993.32
Vietnam,Zhongshan Seasky Import Export Co Ltd,990.0
India,Shandong Ruihong Machinery Equipent,989.98
Brazil,Hexonic Sp Z O O,987.0
Philippines,Ckd Singapore Pte Ltd,985.3
Vietnam,Intco Recycling Resources Co Ltd,982.9
Vietnam,Cong Ty Tnhh Viet Nam Trung Nguyen,980.633
Vietnam,Cong Ty Tnhh Ies Vietnam,976.78915
Vietnam,Ies Vietnam Co. Ltd.,976.78915
Ghana,Age Enerji Uretim A S,966.364
Vietnam,Shenzhen Changjing Trading Co Ltd,966.0
Vietnam,Vietnam Trading And Technology Development Investment Company Ltd.,964.5810899999999
Indonesia,Wenzhou Jintu Trading Co Ltd,964.57
Brazil,Wenzhou Boye Co Ltd,963.5
Philippines,Heng Lee Enterprise Corporatio,960.5
Vietnam,Cong Ty Tnhh On Semiconductor Binh Duong,959.0899999999999
Vietnam,Cong Ty Tnhh Thiet Bi Cong Nghe Va Dich Vu Viet A So,952.38095
Vietnam,Guangzhou Haochuang Electroplating Equipment Co Ltd,950.0
Vietnam,Davis Standard,950.0
Vietnam,Hainan Huili Packaging Products Co Ltd,950.0
Indonesia,Foshan Oneward Company Limited,941.25
Vietnam,Suisson Wuxi Industries Co Ltd,940.0
Uganda,Pine Energy E A Ltd,937.0
Brazil,Kelvion Brazed Phe Gmbh,936.66
India,Bloom Energy,935.01
Brazil,Kinwonho Hk Machinery Development Limited,935.0
Malaysia,Teleflex,934.36
United States,Ipesa S A C,928.56
Ghana,Wenzhou Wangzheyun Trade Co Ltd,927.32
Vietnam,Kim Vuong Technology Service Trading Investment Company Ltd.,925.62974
Vietnam,Cty Tnhh Dau Tu Tm Dv Ky Thuat Kim Vuong,925.62974
Vietnam,Kim Thanh Ham Vn International Trading Company Limited,924.47591
Vietnam,Viet Trung Khai Son Import Export Trading Limited Company,924.14324
Vietnam,Cong Ty Tnhh Thuong Mai Yq Viet Nam,921.98581
United States,Zoetis Malayisa Sdn Bhd,920.99
Vietnam,Jiangxi Saifu Industry Co Ltd,920.0
Brazil,Siemens Energy Inc,916.69
Vietnam,Chi Nhanh Cong Ty Tnhh Cong Nghe Ky Thuat Phu Thai Tai Ha Noi,914.5167299999999
Vietnam,Hung Anh Air Compressor Co. Ltd.,913.70558
Vietnam,Cong Ty Tnhh May Nen Khi Hung Anh,913.70558
Vietnam,Cong Ty Tnhh Chenguang Electrical Appliances Viet Nam,912.62135
Vietnam,Pengxun Hk Ltd,911.9
Malaysia,Shenzhen Bull New Material Tech Co Ltd,911.59
Vietnam,Ct Tnhh Cong Nghiep Qd Vietnam,910.82915
Brazil,Vahterus,909.88
Vietnam,Jaguar Texas Valve Instruments,902.64
Brazil,Marine Procurement Ltd,902.0
Brazil,Perkins Engines Company Ltd.,900.48
Vietnam,Hk Jinxiang Trade Ltd.,900.0
Vietnam,Zhejiang Jasan Holding Group Co Ltd,899.66
Vietnam,Umw Industrial Power Services Sdn. Bhd.,898.9
Indonesia,Fujian Zhongbai Energy Co. Ltd,898.51
Indonesia,Yiwu Xieyao Import And Export Co. Ltd,890.32
Vietnam,Cong Ty Tnhh San Xuat Navis Viet Nam,889.74854
Vietnam,Navis Vietnam Production Co. Ltd.,889.74854
Uganda,Fuqing Profit Express Trade Co. Ltd.,889.0
Vietnam,Cong Ty Tnhh Tho Lap Hung Yen,887.57396
Brazil,Kelvion Products Inc,886.35
Malaysia,Robert Bosch Australiapty Ltd,881.3299999999999
Vietnam,Cong Ty Co Phan Bach Lien,880.7766
Vietnam,Bach Lien Joint Stock Company,880.7766
Indonesia,Hangzhou Dingyue Technology Co Ltd,880.0
Vietnam,Baode Energy Saving Technology Co Ltd,880.0
Vietnam,Shengyiheng Trade Co. Ltd.,880.0
United States,Siemens Gas And Power S De R L De Ejericio Nacional,875.0
Vietnam,Cong Ty Co Phan Ky Thuat Cong Nghiep Alpha,873.7864
Indonesia,Hangzhou Jiatiandji Import And Export Co Ltd,873.1800000000001
Vietnam,Cong Ty Tnhh Cong Nghiep Chinh Xac Golden Chest Viet Nam,872.35814
Vietnam,Cme Solar Investment Joint Stock Company,870.743
Vietnam,Cong Ty Co Phan Dau Tu Cme Solar,870.40615
Philippines,Galileo Tp Process Equipment Srl,867.1
Vietnam,Cong Ty Tnhh Testing Lian Xin Viet Nam,866.89031
Vietnam,Eogas Company Ltd,866.8242
Nigeria,Duru Kompresor Machine Industry And Trade Joint Stock Company,861.92
Indonesia,Qingdao Jun Tai Cheng Xin International Trade Co. Ltd.,859.95
Vietnam,Gia Kiet Import Export Trading Services Company Limited,854.36892
Vietnam,Imarket Vietnam Co. Ltd.,853.77176
Vietnam,Cong Ty Tnhh Imarket Viet Nam-Cn Ho Chi Minh,853.77176
Vietnam,Viet Trung Khai Son,851.06382
Canada,Saigon East Asia Shipping Co. Ltd.,850.26272
Vietnam,Solarspace Technology Laos Sole Co Ltd,850.0
Nigeria,Elit Shoes Machine Parts And Leather Industry Trade Ltd,848.2
Kenya,National Fire Fighting Manufacturing Fzco,847.67
Vietnam,Hefei Panda Import Export Co Ltda,845.0
Vietnam,Cong Ty Tnhh Det May & Vo Apex,840.0
South Sudan,Siemens Healthcare Pty Ltd,837.526
United States,Komsan Compressor Machine Industry And Trade Joint Stock Company,835.0
Vietnam,Yantai Xide Trade Co Ltd,832.0
Vietnam,H K Jinpeng Commerce And Trade Co Ltd,830.0
Vietnam,Cong Ty Tnhh Cong Nghe Trang Tri Leon,827.5297
Vietnam,Kmv Tech Co. Ltd.,825.75727
Vietnam,Cong Ty Tnhh Dich Vu Ky Thuat Mb Solutech,825.75727
Vietnam,Cong Ty Co Phan Xay Dung Thuong Mai Dich Vu Tu Anh Doi,825.46942
Vietnam,Tu Anh Service Trading Construction Joint Stock Company,825.46942
Brazil,Kelviplast Itech Gmbh,825.29
Vietnam,Hubei Jrpacking Technology Co Ltd,820.0
Malaysia,Nan,820.0
Indonesia,Van Oord Dredging And Marine Contractors B V,819.02
Vietnam,Sz Huiyixiang Imp And Exp Co Ltd,816.0
Vietnam,Cong Ty Tnhh Tm Xnk Viet Trung Khai Son,815.53398
Philippines,Iwatani Corporation Singapore Pte Ltd,815.1
Brazil,Cnh Industrial Italia Spa,814.77
Vietnam,Tetra Pak Jurong Pte. Ltd.,812.414
Vietnam,"Vien Phong Science Technology Trading Co., Ltd.",811.6753
Vietnam,Cong Ty Tnhh Thuong Mai Khoa Hoc Ky Thuat Vien Phong,811.6753
Philippines,Olymtech Technology Development Co Ltd,809.4
Brazil,Gd Midea Living Appliances Trading,807.93
Vietnam,Cong Ty Tnhh Ju Neng So,807.72261
United States,Vt Furniture Ltd,802.0
Vietnam,B.K.K. Cooling And Engineering Co. Ltd.,800.0
Vietnam,Xiang Nan Xin Zhe Jiang Trading Co Ltd,800.0
Vietnam,Hk Newflash Trade Co. Ltd.,800.0
Kenya,Quality Packaging Tz Limited,799.95
Vietnam,Guangzhou Jixue Equipment Trading Co Ltd,797.0
Vietnam,Cat Lap One Member Llc,793.03675
Vietnam,Cong Ty Tnhh Mot Thanh Vien Cat Lap,793.03675
Uganda,Healing Water International,792.0
Vietnam,Mensa Industries Company Limited,788.02206
Malaysia,Hangzhou Dingyue Technology Co Ltd,784.6
Vietnam,Phu Khai Investment Co,781.2
Vietnam,Jiangxi Lenuan Heating Appliances Co Ltd,781.2
Vietnam,Cong Ty Tnhh Mensa Industries,780.94494
Vietnam,Hangzhou Jinfan Supply Chain Co. Ltd,780.0
Malaysia,Tianjin Yuxiang International Trade,779.66
Brazil,Gebr Heller Maschinenfabrik Gmbh,776.26
Vietnam,Hk Xingxun Industry Ltd.,774.0
Vietnam,Mt&C Mechanical & Construction Co. Ltd.,768.32151
Vietnam,Chongqing Rato Technology Co Ltd,767.83
Vietnam,Cong Ty Tnhh Dien Xekaman3,766.65382
Philippines,Fwu Kuang Enterprises Co Ltd,763.5
Indonesia,Luo Yang Hong Teng Electrical Equipment,762.0
Vietnam,Hohan International Logistics Co. Ltd.,760.0
Vietnam,Khang Thinh Phat Global Company Ltd.,759.6961
Nigeria,Procestek Makina Ve Otomasyon San Tic Ltd Sti,759.349
Indonesia,Xiamen Wanguoxing Trade Co Ltd,759.26
Vietnam,Guangxi Pingxiang Zhongyue Import And Export Trade Co Ltd,755.0
Vietnam,Guangxi Xingshun International Logistics Co. Ltd,755.0
Vietnam,Shandong Hengyi Kaifeng Machinery Co. Ltd,752.0
Brazil,Nanjing Amis Medeical Technology Co Ltd,751.41
Vietnam,Guangdong Zhongjiu Ying Supply Chain Co Ltd,749.01
Vietnam,"Xuancheng Mingte Agro Machinery Co., Ltd.",748.0
Vietnam,Jiangxi Lenuan Heating Appliances Co. Ltd,744.0
Malaysia,Medtronic International Trading P L Nasa,743.76
Vietnam,Siemens Gamesa Renewable Energy Tec,741.61603
Vietnam,Cong Ty Tnhh Smc Corporation,741.539
Malaysia,Illinois Tool Works,741.31
Vietnam,Thaco Industries Electrical Mechanical Co. Ltd.,738.16
Indonesia,"Hangzhou Hengxiang Electronic Commerce Co., Ltd.",736.02
Vietnam,King Power Service Co Ltd,734.44757
Vietnam,Guangdong Jingyuan Equipment Technology Co Ltd,734.04
Vietnam,Hui Zhou Ltk Electronic Cable Ltd.,730.71
Brazil,Sidel Blowing And Services Sas,730.4
Vietnam,Dumico Vina International Co. Ltd.,729.78303
Vietnam,Kaizen Vietnam Engineering Service Company Limited,727.5851
Malaysia,Asiatic Engineering,724.85
Vietnam,Asiatec Link Trading Co Ltd,724.0
Vietnam,Champion Asia Investment Ltd.,723.41
Brazil,Yinlun Tdi Llc,723.0
Philippines,Shy Cloud Technololgy Co Ltd,722.0
Vietnam,Cong Ty Tnhh Cong Trinh L K Viet Nam Cao Oc,719.88882
Vietnam,Tha Lap Hung Yen Company Limited,716.50902
Vietnam,Cong Ty Tnhh Tho Lap Hung Yen So,716.50902
Vietnam,Ivory General Services,716.19352
Vietnam,Ho Kinh Doanh Dich Vu Tong Hop Thu Nga,716.19352
Vietnam,"Guangzhou Julibao Cbec Co., Ltd.",715.14
Vietnam,Universal Marine Medical Limited,715.1299
Vietnam,Fu Jing China Investment Ltd.,714.0
Vietnam,Cong Ty Tnhh Thiet Bi Cong Nghiep Hantek,710.6796
Vietnam,Hantek Industrial Equipment Co. Ltd.,710.6796
Philippines,Lancer Worldwide,709.4
Vietnam,Mi Mi Anh One Member Company Limited,709.21985
Saudi Arabia,Nan,709.0
Vietnam,"Huynh Cuong Engineering Co., Ltd.",706.20353
Vietnam,Loi Dinh Viet Nam Tnhh,706.11438
Vietnam,Cty Tnhh Ky Thuat Huynh Cuong,703.38298
Vietnam,Cong Ty Tnhh Thuong Mai Dich Vu Huang Thanh Anh,702.85044
Vietnam,Dalian Special Gases Co. Ltd,700.0
Vietnam,Hangzhou City Zhiyuan Industrial Company Ltd.,700.0
Vietnam,Scom Advance Material (Huizhou) Co Ltd,700.0
Vietnam,Maidiya New Material Co Ltd,699.57446
Vietnam,Cong Ty Tnhh Maidiya New Material Khu Pho Lua,699.57446
Philippines,"Shanghai Sumore Industrial Co., Ltd.",697.4
Vietnam,"Zhejiang Jingjie Import & Export Co., Ltd.",696.95
Vietnam,Umeco Viet Nam Co. Ltd.,696.85436
Vietnam,Cong Ty Tnhh Umeco Viet Nam,696.85436
Vietnam,Cong Ty Tnhh Ky Thuat Phuc Hung,694.7477
Vietnam,Phuc Hung Engineering Company Ltd,694.7477
Indonesia,"Changzhou Machinery And Equipment Imp. And Exp. Co., Ltd.",694.29
Indonesia,Nihon Denkei Co. Ltd,692.65
Vietnam,Fdi High-Tech Equipment Import-Export Company Ltd.,690.02434
Vietnam,Cong Ty Tnhh Dau Tu Xay Dung Va Thuong Mai Minh Phat,688.24252
Vietnam,Cong Ty Tnhh Xnk Thiet Bi Cong Nghe Cao Fdi,686.16662
Vietnam,Cong Ty Tnhh Xay Dung Cong Trinh Co Dien Yong Shun Viet Nam,685.57918
Vietnam,Cong Ty Tnhh Dich Vu Va Thuong Mai Dai An,683.32682
Vietnam,Dai An Trade And Service Co. Ltd.,683.32682
Malaysia,Mydax Inc,678.57
India,Man Ferrostaal Argentina Sa,677.17
Vietnam,Linton Technologies Group,672.0
Vietnam,Hongkong New Hongtaisheng Industry Ltd,670.0
Vietnam,Srp Sadid Otomotiv Anonim Sirketi A S,665.37
Indonesia,Shantou Wayne Technology Co. Ltd,662.44
Vietnam,Fenghua Deqian Imp And Exp Co. Ltd,658.0
Vietnam,Yuke Sports Co. Ltd,657.54
Vietnam,Elegant Dainty Corporation Wanhua Chemical Ningbo Trading Co Ltd,656.57
Malaysia,Guangzhou Teyu Electromechanical Co. Ltd,652.12
Vietnam,"Ningbo Iceage Imp. And Exp. Co., Ltd.",648.0
Vietnam,Shen Zhen Wisepower Technology Co,647.32
India,Swep Malaysia Sdn Bhd,645.13
Brazil,Automobiles Peugeot Sa,644.76
Vietnam,"Tianjin Morning Silicon Industry Co., Ltd.",642.5
Malaysia,Depump Technology Shijiazhuang Co Ltd,642.48
India,Ajax Tocco Magnethermic,641.4
Vietnam,Hongkong Xinqiangfeng Industry Ltd,640.0
Brazil,Engel Gmbh,639.0
Nigeria,Daewoo Engineering And Construction Nigeria Limite,638.856
Vietnam,Taizhou Forcomlam Trading Co Ltd,635.66
Vietnam,Kunshan Fenglan M E Engineering Co Ltd,635.0
Vietnam,Cong Ty Tnhh Quan Ly Tai San Altara Vn,634.1828499999999
Vietnam,Mega Star Industries Ltd.,630.0
Vietnam,Hk Huifa Trading Development Ltd.,627.25
Vietnam,Hk Wanyang Trading Ltd.,625.0
Vietnam,Wisdom Reach Group (Hk) Co. Ltd.,625.0
Vietnam,Cung Phat Company Ltd.,620.0
Vietnam,Genie Hk International Ltd,616.0
Vietnam,Caterpillar Singapore Branch,610.71772
Brazil,Danfoss Redan A S,610.28
India,Shanghai Sollant Energy Saving,610.11
Vietnam,Jinan Jf Co Ltd,610.0
United States,Empire Compressor Private Limited,607.15
Malaysia,Fu Success Industrial Co Ltd,601.05
Brazil,Motorpel Co Ltd,601.0
Vietnam,Ishiko Viet Nam Industrial Equipment Co Ltd,600.6931
Vietnam,Shenghong Precise Mold (Hk) Ltd.,600.0
Vietnam,Uzumcu Medical Devices And Medical Gas Systems Ind And Trade Joint Stock Company,600.0
Vietnam,"Guangxi Nanning Delanya Commerce & Trade Co., Ltd.",600.0
Philippines,Denair Energy Equipment Co. Ltd.,600.0
United States,Industrias John Deere Argentina Sa,597.83
Malaysia,Vestas Aircoil Cooling Technology,596.57
Vietnam,Cong Ty Tnhh Quan Ly Tai San Taisei Vn,595.08859
Vietnam,Cong Ty Tnhh Thuong Mai Dich Vu Co Dien Lanh Thanh Tam,594.17475
Vietnam,Thanh Tam Refrigeration Engineering Service Trading Co. Ltd.,594.17475
Vietnam,Worldgate International Investments Ltd,594.0
India,Xiamen East Asia Machiney Industrial Co Ltd,591.16
Vietnam,Jiangyin Luckysun Import And Export Trade Co Ltd,590.0
Indonesia,Ford Sales And Service Thailand Co Ltd,588.15
Vietnam,Gianesi Edilio S.R.L.,584.0646
Vietnam,Nord Fluid S.P.A.,580.4583
Vietnam,Nichiden Vietnam Company Limited,579.89988
Vietnam,Cong Ty Tnhh Tm Dv Sakura Viet Nam,579.76809
Malaysia,Faha Insutries,579.26
Vietnam,Suzhou Blade Metalcutting Tools Technology Company Ltd,577.0
Vietnam,Cong Ty Tnhh Kureha Viet Nam,576.78734
Vietnam,Kureha Vietnam Co Ltd,576.78734
Vietnam,Dong Tuong Electrical Engineering Limited Company,574.96332
Uganda,Zhejiang Shenghao Shoes Manufacturing Co. Ltd,574.88
India,Xiamen E Trans Logistics Co Ltd,574.79
Brazil,Ford Sales Service Thailandco L,573.0
Uganda,Healing Waters International,573.0
Vietnam,Top Ye Plastic Hk Ltd.,570.0
Ghana,Jbtrading B.V.,569.979
Vietnam,Nanjing Ningyangxin International Trade Co Ltd,568.0
Malaysia,Aerfin Pte Ltd,565.74
Philippines,Ruize Limited,565.4
Indonesia,Suizhou Meixin Industry And Trade Co. Ltd,564.0
Brazil,Hidraer Hydraulic Components Sl,558.64
Malaysia,Micro Electromec Malaysia Sdn Bhd,555.76
Vietnam,Huizhou City Entai Technology Company Ltd,554.59
Vietnam,Howyou Hongkong Investment Ltd.,551.0
Vietnam,Shengzhou Baisihong Import Export Co Ltd,550.0
Vietnam,Hongxin Sports Goods Pte Ltd,550.0
Vietnam,Fancy Creation Industrial (Hk) Ltd,547.57
Vietnam,Japan Construction Management Joint Stock Company,544.68085
Vietnam,Tan Thai Duong Industrial Production Company Ltd.,543.68932
Vietnam,Ha Noi Construction Technology Inspection Consulting And Investment Joint Stock Company,543.68932
Vietnam,Cong Ty Co Phan Dau Tu Va Tu Van Kiem Dinh Cong Nghe Xay Dung Ha Noi,543.68932
Vietnam,Cong Ty Tnhh San Xuat Cong Nghiep Tan Thai Duong,543.68932
Vietnam,Cong Ty Co Phan Quan Ly Xay Dung Nhat Ban,542.16403
Brazil,Leica Mikrosysteme Vertrieb Gmbh -Dsa,541.0
Indonesia,"Yiwu Yanbang Trading Co., Ltd.",540.81
Vietnam,Tho Lap Viet Nam Co. Ltd.,539.78408
Vietnam,Cong Ty Tnhh Tho Lap Viet Nam,539.78408
Vietnam,Pingxiang Chengjie Imp Exp Trade Co Ltd,535.01
Vietnam,Zhejiang Muyuan Import Export Co Ltd,534.0
Vietnam,Minh Chau Technology Trading Co. Ltd.,533.98057
Vietnam,Cong Ty Tnhh Thuong Mai Ky Thuat Minh Chau Viet Nam,533.98057
Vietnam,Sunpack Co Ltd,530.0
Vietnam,High Tech Group Llc,527.83695
Vietnam,Shanghai Lanyue Advanced Material Technologies Co Ltd,527.78
Vietnam,New Sun Industrial Co Ltd,527.0
Vietnam,"Han Ming Machinery Equipment Co., Ltd.",526.02326
Vietnam,Cong Ty Tnhh May Moc Thiet Bi Han Ming,526.02326
Vietnam,Ningbo Tongzhou International Trade Co Ltd,520.0
Philippines,Shenzhen D Port International Logistics Co Ltd,519.3
Indonesia,Wenzhou Starlink Imp&Exp Trading Co Ltd,518.98
Brazil,License License Industrial Italy Spa,518.0
Indonesia,Bitzer Refrigeration Technolog,517.66
Vietnam,Ningbo Ning Shing Industrial Co Ltd,516.22
Brazil,Bombardier Produits Recreatifs Inc,516.0
Uganda,Snb Yedek Parca Otomotiv San Ve Tic Ltd,515.0999999999999
Vietnam,Cong Ty Tnhh Dau Tu Xay Dung Long Thanh,514.39424
Vietnam,Long Thanh Construction Investment Co. Ltd.,514.39424
Brazil,Guizhou Yonghong Heat Trasnfer Cooling Technolog,513.23
Malaysia,Ningbo Zhanjun Import And Export Co,512.83
Vietnam,Khim Gas Trading And Production Joint Stock Company,511.79528
Vietnam,Viet Nam Trading And Technology Development Investment Company Ltd.,511.6777
India,Accuray Incorporated,510.68
Vietnam,Daosheng Import And Export Ningbo Co Ltd,510.0
Vietnam,Gtech Vina Company Ltd.,509.79608
Vietnam,Cong Ty Tnhh Phat Trien Hoa Thinh,508.07546
Vietnam,Hoa Thinh Development Company Limited,508.07546
Vietnam,Shinfox Far East Company Pte. Ltd.,507.9939
Vietnam,Cong Ty Co Phan Thuong Mai Nam Phat Hung Yen,507.9365
Vietnam,Trung Nguyen Company Limited,507.61421
Vietnam,Guangzhou Rhing Trading Co Ltd,505.0
Malaysia,Hoang Dieu Trading And Service Co. Ltd.,505.0
Vietnam,Shanghai Sezer Marine Service Co Ltd,504.5
Indonesia,Mahindra & Mahindra Pt,503.54999999999995
Vietnam,"Ningbo Yiyou Optoelectronics Technology Co., Ltd.",503.2
Vietnam,Nguyen Thi Ngoc Xuyen,502.9126
Vietnam,Cua Hang Kim Thinh,500.9671
Vietnam,Dacheng Trading Co Ltd,500.0
Vietnam,Seoul Semiconductor Vina Co Ltd,500.0
Vietnam,"Xingtai Yashida Machinery Manufacturing Co., Ltd.",500.0
Vietnam,Xiamen Sanchang Sanitaryware Technology Co Ltd,500.0
Vietnam,Qua Tech Ltd.,500.0
Vietnam,Beijing Uec Corporation,500.0
Vietnam,Hangzhou Xingcan Trading Co Ltd,500.0
Brazil,Iveco Argentina Sa,499.65
Vietnam,Hrc Industry Ltd,498.54
Vietnam,Hong Xiang International Co Ltd,495.0
Indonesia,Taizhou Yi Tong Import & Export Co. Ltd,493.66
Indonesia,"Wuxi Brilliant Import And Export Co., Ltd.",493.04
Vietnam,Cong Ty Tnhh Tb Cn Va Dich Vu Viet A,492.51379
Vietnam,Festo Company Llc Trought Sia Lartrans,491.7496
Vietnam,Disa Changzhou Machinery Co,491.11723
Vietnam,Cong Ty Tnhh Festo,490.80102
Brazil,Komatsu Forest Ab,488.78
Malaysia,Keysight Technologies M Sdn Bhd,488.09000000000003
Vietnam,Lam Anh Viet Nam Trading And Construction Joint Stock Company,486.99029
Vietnam,Summit Enterprise Co Limited,484.15087
Vietnam,"Auspicious City San Jian Trading Co., Ltd.",484.0
Vietnam,Guangzhou Guozhen Imp Exp Trading Co Ltd,482.0
Brazil,Sany International Development Limited,481.64
Vietnam,Smart Top Group Co. Ltd,481.56
Vietnam,Midea America Corp,478.79
Indonesia,Graco Inc,477.36
Vietnam,New Channel Co Ltd,476.69
Vietnam,Boqun Textile Technology Company Limited,476.0
Vietnam,Haas Automation Inc,475.96
India,Shandong Magick Intelligent Technology Co Ltd,474.82
Philippines,Histotech Engineering Sdn Bhd,472.8
Vietnam,"Yiwu Yijia Trading Co., Ltd.",470.93
Philippines,Signal Technology Ltd,469.9
Vietnam,Zibo Tuozhan Trading Co Ltd,466.0
Vietnam,Tumedei S.P.A.,465.0
Vietnam,Cong Ty Tnhh Ky Thuat Va Thiet Bi Cong Nghiep Duc Phat,464.21663
Vietnam,Duc Phat Industrial Equipment And Technology Ltd. Co.,464.21663
Vietnam,Dongguan Chuangqun Precision Machinery Co Ltd,464.178
Vietnam,Cong Ty Tnhh Ky Thuat Dich Vu Kaizen Viet Nam Chi Nhanh Hcm,462.97872
Vietnam,Rongshun Viet Nam Mechatronics Machinery Services Company Limited,462.07162
Brazil,Hidraer Componentes Hidraulicos S L,462.0
Vietnam,Vsun China Co. Ltd.,460.2
Vietnam,Ningbo Melan Foreign Trade Service Co Ltd,460.11
Vietnam,Jinan Chubo Machinery Equipment Co Ltd,460.0
Vietnam,Suzhou Dayer Mechatronic Hi Tech,456.72
Vietnam,Cty Cp Dv Ky Thuat Bao An,456.42967
Vietnam,Systech Technology And Trading Joint Stock Company,453.9353
Vietnam,Fusheng Industrial Co Ltd,453.87
Vietnam,Zhejiang Sowingroup Co. Ltd,450.51
Indonesia,Hbqs Materials Co. Ltd.,450.0
Philippines,Seize International Trading Co Ltd,450.0
Vietnam,Kasion International Logistics (Hk) Ltd.,450.0
Vietnam,Kang Won Duct Vina Trading And Service Co. Ltd.,449.04334
Vietnam,Cong Ty Tnhh Thuong Mai Va Dich Vu,449.04334
Vietnam,Leader Industraial (China) Ltd.,448.0
Vietnam,Phat Trien Viet Nam Cong Ty Tnhh,444.87427
Vietnam,Lh Viet Nam Development Company Ltd.,444.87427
Philippines,Shaanxi Kaishan Mechanical,443.7
Vietnam,Cong Ty Co Phan Xay Dung T&T Viet Nam Co.,442.81863
Vietnam,T T Viet Nam Construction Joint Stock Company,442.81863
Vietnam,"Yangzhou Jingbaid Automation Technology Co., Ltd.",442.0
Vietnam,"Guangxi Pingxiang City Baosheng Import And Export Co., Ltd.",440.0
Brazil,Bmw Ag Parts,436.05
Vietnam,Vu Long Electrical Hardware Co. Ltd.,433.91159000000005
Malaysia,Wuxi Emerson Imp Exp Co Ltd,431.22
Ghana,Hangzhou Zhongwang Technology Co Ltd,430.228
Vietnam,Create Technology & Science Co. Ltd,427.0
Vietnam,Yang Jiang Gang Rong Co Ltd,426.05276
Vietnam,Cong Ty Tnhh Xay Lap Co,426.0355
Vietnam,European Technology Mechanical Electrical Refrigeration Construction Installation Co. Ltd.,426.0355
Vietnam,Yang Jiang Gang Rong Co. Ltd.,424.76603
Vietnam,Changsha Forland Motor Technology Co,423.83000000000004
Vietnam,Liasi Vietnam Engineering Company Limited,423.44466
Vietnam,Cong Ty Tnhh Ky Thuat Liasi Viet Nam,423.44466
Vietnam,Wholuck Industrial Ltd.,422.24
Vietnam,Wenzhou Minghan International Trade Co Ltd,421.23
Malaysia,Hcr,420.06
Brazil,Piovan S P A,419.97
Vietnam,Cong Ty Tnhh Tri Binh Hung,417.86152
Vietnam,Dongxing City Xing Long Trade Ltd Co,417.53
Vietnam,Hohy Sport Goods Co Ltd,417.05
Vietnam,Martha Floral Co Limited,417.0
Indonesia,Shenzhen Suguixin Trading Co. Ltd.,416.67
Vietnam,Cong Ty Tnhh Jia Bao Viet Nam,416.66666
Vietnam,Cong Ty Tnhh San Xuat Va Thuong Mai Dtl Viet Nam,416.35272
Vietnam,Dtl Viet Nam Manufacturing And Trading Ltd. Co.,416.35272
Vietnam,Temas Engineering Joint Stock Company,415.86445
Vietnam,Ajoho Precision Co Ltd,415.28571
Vietnam,Cong Ty Co Phan Xay Dung Cong Nghiep Va Thuong Mai Thien Nhan,414.68253
Vietnam,Thien Nhan Construction Industry And Trading Joint Stock Co.,414.68253
Vietnam,Xiamen Best Market Trading Co. Ltd.,414.48
Vietnam,Sutek Joint Stock Company,414.42143
Vietnam,Cong Ty Co. Phan Sutek,414.42143
Vietnam,Yongkang Gongweiyong Trading Co Ltd,414.0
Vietnam,Dongguan Grand Advance Trading Ltd,413.0
Philippines,Guangzhou Xuerui Nuonuo,411.6
Indonesia,Lectra,411.23
Indonesia,Hangzhou Lianyi Import And Export Co. Ltd,410.86
Philippines,Ansgear Com,410.5
Indonesia,Yiwu Minlong Import Export Co Ltd,410.16
Vietnam,Future Charger Technology Co Ltd,407.59
Vietnam,Antex International Trading Co. Ltd.,406.0
India,Lighthouse International Software Hardware Solutions Industry And Trade Limited Company,400.75
Vietnam,"Dongguan Zhongyu Trading Co., Ltd.",400.0
Vietnam,Beacon Industries International Ltd,400.0
Vietnam,Dongguan Jingneng Machinery Technology Co Ltd,400.0
Vietnam,Qixin Hk Trading Co Ltd,400.0
Vietnam,Jhd Vina Company Ltd.,399.84006
Nigeria,Amro Manufactuers Pvt Ltd,398.787
Vietnam,Cong Ty Tnhh Jhd Vina,396.82539
Vietnam,Vintechpro Company Limited,395.72583
Vietnam,Cong Ty Tnhh Vintechpro,395.72583
India,Richemont Dubai Fze,395.53
Vietnam,Cong Ty Tnhh Ky Thuat Dd,393.61626
Vietnam,Dd Technology Company Ltd,393.61626
Vietnam,Ko Yau Hong Kong Commercial Company Ltd.,392.26
Vietnam,Cong Ty Tnhh Wisol Ha Noi,391.29681000000005
Philippines,Huangshi Genetic Global Trdg Co Ltd,387.6
Vietnam,Cong Ty Tnhh Dau Tu Thuong Mai Power Vn,386.84719
Vietnam,Power Vn Trading Investment Company Limited,386.84719
India,Guangdong Leisolution Internet Technology Pvt Ltd,383.59
Vietnam,Minh Cuong Trading And Technical Company Ltd.,382.34126
Vietnam,Cong Ty Tnhh Thuong Mai Va Ky Thuat Minh Cuong,382.34126
Vietnam,Cong Ty Tnhh Vintechnpro,382.23611
United Arab Emirates,Real Air Technologies Private Limited,382.2
Malaysia,Jiangsu Youcheng Zhixin Mechanical And Electrical Equipment Co Ltd,382.16
Vietnam,"Pingxiang City Maitian Import And Export Trade Co., Ltd.",382.0
Vietnam,Top One Scm Company Ltd.,381.4
Malaysia,Cummins Asia Pacific Pte Ltd,380.55
Vietnam,"Shenzhen Xingte Technology Co., Ltd.",380.0
Vietnam,Haze Hongkong Limited,380.0
Philippines,Hangzhou Fuyang Yixuan Technology Co Ltd,376.0
Vietnam,Cong Ty Co Phan Tkg Taekwang Moc Bai,376.0
Vietnam,Ningbo Real Supply Chain Managements Co Ltd,375.0
Malaysia,Beijing Huachin Hi Tech Inc,374.51
Vietnam,San Yang Intelligent Technology Ltd.,372.0
Vietnam,Pingxiang Shunyi Imp And Exp Trade Co Ltd,372.0
Vietnam,Bigao International Supply Chain Co Ltd,371.35539
Vietnam,Cong Ty Tnhh Chuoi Cung Ung Quoc Te Bigao,371.35539
Brazil,License Industrial Italy Spa,370.95
Vietnam,Cong Ty Tnhh Thuong Mai Tam Nam Phat,370.03968
Vietnam,Tam Nam Phat Trade Co. Ltd.,370.03968
United States,Toyota Argentina Sa,369.44
South Africa,Snp Sturdy Quality Parts Automotive Construction Industry And Trade Ltd,367.97
Philippines,Jiangsu Aiyou New Material,367.3
Philippines,Zhejiang Weihuan Machinery Co Ltd,367.3
Philippines,Yangzhou Yome Stayfresh Technology,367.2
Brazil,Wuxi Origin Industry Service Co,365.0
Vietnam,Wenling Foreign Trading Co Ltd 16,364.0
Vietnam,Samsung Electronics Co. Ltd,361.91
Vietnam,Cong Ty Tnhh Thuong Mai Xuat Nhap Khau Viet Trung,361.70212
Philippines,Guizhou Huatuolun Trade Co Ltd,360.9
Indonesia,Shenzhen Koyo Technology Co. Ltd,360.0
Vietnam,"Hefei Panda Import & Export Co., Ltd.",360.0
Vietnam,May Moc Saman Viet Nam Cong Ty Tnhh,359.76789
Vietnam,Saman Machinery Co. Ltd,359.76789
Vietnam,Quoc Quang Co. Ltd.,358.65648
Vietnam,Cong Ty Tnhh Quoc Quang,358.65648
Nigeria,Arflu Mt Co Ltd,358.065
Vietnam,Cong Ty Tnhh Thiet Bi Cong Nghiep Aecom,357.83365
Vietnam,Aecom Industrial Equipment Company Ltd.,357.83365
Vietnam,Sujin Eng Company Ltd.,357.28155
Brazil,Hine Renovables Sl,357.0
Vietnam,Lgd International Ltd,356.4
Vietnam,Cong Ty Tnhh Sujin Eng,355.89941
Vietnam,Thuan Phong Industry Production Equipment Co. Ltd.,354.91682
Vietnam,Cong Ty Tnhh San Xuat Thiet Bi Cong Nghiep Thuan Phong,354.91682
Brazil,Timberpro,351.43
Indonesia,Hngzhqu Hngkbi Ltd,351.33
Philippines,Dongguan Xiongyi Trade Co Ltd Room,349.3
Vietnam,Vard Singapore Pte. Ltd.,346.728
Ghana,Solipro Limited,346.619
Vietnam,Yong Shun Vietnam Mechanical And Electrical Construction Co Ltd,342.78959
Nigeria,F T Export S R L,342.727
Vietnam,Viet Tien Shop,340.88419
Malaysia,Mtt Langkawi,337.33
Malaysia,Huizhou Jy Metals Tech Ltd,337.22
Vietnam,Cong Ty Tnhh Thuong Mai Va Dich Vu Cong Nghiep Syn Cong Ty Tnhh,337.04746
Vietnam,Rose Trading And Industrial Services Ltd.,337.04746
Vietnam,Anh Minh Trading And Service Import Export Company Ltd,336.55705
Vietnam,Cong Ty Tnhh Xnk Tm Dv Anh Minh Thon Nham Capxa Dong Lac,335.00192
Brazil,Hydac Technology Gmbh,335.0
Vietnam,"Sumitomo Wiring Systems, Ltd.",334.990007
Uganda,Haoen Industry Co Ltd,334.0
Vietnam,Shanghai Foreing Trade Entreprises Pudong Co Ltd,333.34
Vietnam,Tmas Technical Services And Trading Co. Ltd.,332.93932
Vietnam,Cong Ty Tnhh Thuong Mai Va Dich Vu Ky Thuat Anh Ba,332.93932
Philippines,Smc Corporation,331.53999999999996
Brazil,Valmet Technologies And Services,330.96
Vietnam,Cong Ty Tnhh Thuong Mai Scr Viet Nam,329.22603
Malaysia,Shenzhen Lidation Trading Co Ltd,327.22
Indonesia,Foshan Frespo Industries Co Ltd,324.0
Vietnam,Jakarta International Expo,324.0
Vietnam,Hamasho Corporation,323.27021
Philippines,Guangdong Fuhongsheng Trading,322.5
Ghana,Yiwu Yiyu Trading Company Limited,322.192
Vietnam,Cong Ty Tnhh Dau Tu Phat Trien Cong Nghe Anh Duong,322.00563
Vietnam,Viet Nam Trading Technology Development Investment Company Ltd,322.00563
Vietnam,Dongguan Golden Wheel Sporting Goods Co Ltd,321.0
Vietnam,Innovation Sound Technology Co. Ltd.,320.0
Vietnam,Germany Bauer Compressor Asia Co Ltd,320.0
Philippines,Guangdong Shunde Mengen Electronics Co Ltd,319.6
Vietnam,Subaru Corporation,318.39101
Brazil,Scania Cv Ab,316.4
Kenya,Can Gas Systems Company Limited,316.0
Vietnam,Dongguan Ft Imp And Exp Co. Ltd.,313.0
Vietnam,Wenzhou Lidong Import And Export Co Ltd,311.2542
Malaysia,Yimili Network Tech Co Ltd,310.55
Vietnam,Caterpillar S.A.R.L.,309.63308
Vietnam,Pingxiang Chengjie Imp. & Exp. Trade Co. Ltd.,309.41
Indonesia,John Deere Asia (Singapore) Private Limited,308.63
Vietnam,Siemens Gamesa Renewable Energy Eol,306.31392
Vietnam,Pinyou Precision Machinery Huai An Co Ltd,306.02
Vietnam,Inneova Industrial Pte Ltd,305.8
Vietnam,Kyowa Co. Ltd.,304.48053
Vietnam,Hangzhou Dingyue Technology Co Ltd,302.0
Vietnam,Hongkong New Hongtaisheng Industry Limited,300.0
Thailand,Iwatani Vietnam Co. Ltd.,300.0
Vietnam,Hong Kong Sui Yuan Industry Co. Limited,300.0
Vietnam,Mingalar Aviation Services Company Limited,300.0
Uganda,Preethi Projects Pvt. Ltd.,300.0
Vietnam,Hong Kong King - Rongda Technology Co. Ltd.,300.0
Ghana,Good Future Trading Co Ltd,299.068
Vietnam,Cong Ty Tnhh Cong Nghiep Nhua Xinseng,297.43267000000003
Vietnam,Ngoc Ha Trading And Service Joint Stock Company In Hai Phong,297.3948
Vietnam,Ks Heat Transfer Labels Co. Ltd.,293.0
Vietnam,Viet Nam Constructions And Electrical Equipment Joint Stock Co.,292.93244
Indonesia,Shenzhen Chuanggong Impandexp Co L,292.4
Kenya,Panrui Compressor Co Ltd,291.1
Vietnam,"Yueqing Gq Trading Co., Ltd.",289.86
Vietnam,Smc Corporation Vietnam Company Limited,289.02083
Vietnam,Smc Corporation Viet Nam,289.02083
Vietnam,Smc Corporation Vietnam Co. Ltd.,287.5939
Vietnam,Hkd Hung Thanh Phat Store,286.70409
Vietnam,Ho Kinh Doanh Cua Hang Hung Thanh Phat,286.70409
Vietnam,New Sunshine Industry Co. Ltd.,286.0
Vietnam,Pmp Vina Joint Stock Company,284.94416
Vietnam,Cong Ty Co. Phan Pmp Vina,284.94416
Philippines,Revics Co Ltd,284.6
Indonesia,Baoding Xingxing Fu Mechanical And Electrical Equipment Co Ltd,283.89
Indonesia,Hach Company,282.96
Malaysia,Dongguan Jialong Equipment Co Ltd,282.95
Vietnam,Jingxi City Hengsheng Trade Co Ltd Limited,282.0
Vietnam,Tianjin Gaoguma Technology Development Co. Ltd,281.68
Vietnam,Cong Ty Dien May Ngu Kim Vu Long,281.53064
Vietnam,Guangzhou Looker Machinery Co. Ltd.,281.0
India,Hvm High Vacuum Maintenance Srl,279.88
Indonesia,"Lianyungang Maileng Trading Co., Ltd.",279.22
Vietnam,Shanghai Honest Compressor Co Ltd,278.0
Indonesia,Nsp Tech Pte. Ltd.,277.82
Brazil,American Honda Motor Co Inc,277.81
Philippines,Xiamen Fabulous Trading Co,276.9
Vietnam,Pna Viet Nam Company Ltd.,276.39873
Vietnam,Guangzhou Yushun Import And Export Co. Ltd,275.0
Uganda,Penta Star General Trading Llc,274.43
Vietnam,Fang'S Family Corporation Limited,274.26
Vietnam,Longhorn Intelligent Tech Co. Ltd,273.4
Vietnam,Dongguan Xinyi Paper Products Co,273.0
Vietnam,Cong Ty Tnhh Sao Do Viet Nam,271.84466
Vietnam,Red Star Vietnam Co. Ltd.,271.84466
Philippines,Xiangtan Jin Zheng Tong Yuan Trade Co Ltd,271.5
Brazil,Zhejiang Yinlun Machinery Co. Ltd.,271.0
Kenya,Yiwu Saizhe Import And Expoet Co Ltd,270.63
Vietnam,Thuong Mai Va Dich Vu Ngoc Ha Co Phan,268.3172
Philippines,Dongguan Yunbai Commercial,267.8
Vietnam,Kernal Automation Co Ltd,266.14
Philippines,Iwatani Malaysia Sdn. Bhd.,264.8
Uganda,Brexit Ventures Ltd,264.65
Vietnam,Cong Ty Tnhh Venmer Viet Nam,262.76115
Indonesia,Hangzhou Pengwei Technology Co. Ltd,261.86
Vietnam,Yoyo Trading Holdings Ltd.,260.0
Vietnam,Danyang Zhushi Import And Export Co Ltd,260.0
Ghana,Guangzhou Airhorse Compressor Co Ltd Rm 608 610,258.78
Vietnam,Jinhua Sanjun Import Export Co Ltd,258.5
United States,Adnorte Agribodega S De Rl De Cvaeropuerto,257.2
Indonesia,Halcon Primo Logistics Pte. Ltd.,256.77
Vietnam,Hua Rui Hong Kong Company Ltd.,255.0
Vietnam,Cong Ty Tnhh Thuong Mai & Dich Vu Hoang Anh Khoa Cong Ty Tnhh,254.07915
Vietnam,Hoang An Bac Ninh Trading And Service Co. Ltd.,254.07915
Botswana,China National Electric Engineering Co Ltd,253.01
Brazil,Volvo Group Korea Co Ltd,250.63
Vietnam,Advanced Thermal Sciences,250.46
India,Hangzhou Zhongwang Technology Co Ltd,250.27
Philippines,Huawei International Pte. Ltd.,250.14
Vietnam,Fujian Meimingda Shoes Development Co Ltd,250.0
Vietnam,Yixing Sanfengyi Import And Export Co Ltd,250.0
Vietnam,Chongqing Senci Importexport Trade Co Ltd,249.48
Vietnam,Hoang An Bac Ninh Trading And Service Company Limited,248.54365
Vietnam,Hong Kong Gosen Trade Ltd. Co.,248.0
Vietnam,San Yang Intelligent Technology Limited,248.0
Indonesia,Power Parts Engineering Pte. Ltd.,247.7
Vietnam,Cong Ty Tnhh Thuong Mai Va Dich Vu Hoang An Bac Ninh,247.5822
Vietnam,"Wealth (Zhangjiagang Free Trade Zone) International Trade Co., Ltd.",247.15
Vietnam,Organo Viet Nam Company Limited,244.47439
Vietnam,Cua Hang Viet Tien,242.65358
Indonesia,Shaanxi Yanchang Petroleum Group Rubber Co Ltd,242.18
Brazil,Bravilor Bonamat Bv,240.0
Brazil,Vossko Gmbh Co Kg,238.0
Malaysia,Dr Ing H C F Porsche Ag,237.73
Vietnam,Cong Ty Tnhh Esd Work Vina,236.71864
Vietnam,Jiaxing (Hong Kong) International Investment Ltd,236.0
Indonesia,Zhengzhou Zhonghaiwei Environment Science And Technology Co. Ltd.,233.14
Vietnam,"Shanghai Chanco Enterprise Development Co., Ltd.",233.08
Canada,Gunderson Gimsa S De,233.0
Indonesia,Zenith Van International Ltd.,232.44
Vietnam,Jingguang Plastic Products Dong Nai Viet Nam Co Ltd,232.1083
Indonesia,Hangzhou Saijiu Technology Co Ltd,230.0
Vietnam,Thormacheatgas Garage,230.0
Vietnam,Vintechpro Co. Ltd.,229.98828
Vietnam,Baukat Gmbh And Co Kg,229.86846
Malaysia,Jabil Circuit Guangzhou Ltd,229.38
Vietnam,Dongguan Scenta Electronic Technology Co Ltd,228.0
India,Guangdong Naibang Machinery Technology Co Ltd,227.36
Brazil,Megatron Inc,226.0
Vietnam,Shenzhen Haixi Cross Border Logistics Co Ltd,226.0
Indonesia,Zibo Dingze Chemical Co Ltd,225.66
Vietnam,Suzhou Fengshuojia Electromechanical Technology Co Ltd,224.24
Botswana,Sempre Automotive Trade Ltd,224.16
Kenya,Al Nahda Motors Parts Trading L L,222.2
Vietnam,"Xiamen Unionta Import And Export Trading Co., Ltd.",221.75
Vietnam,Shanghai Chanco Enterprise Development Co Ltd,220.128
Malaysia,Khurram Rabab Maker Lid,218.5
Vietnam,Chi Nhanh Cong Ty Obayashi Viet Nam,216.76128
Vietnam,Obayashi Vietnam Co.,216.50342
Vietnam,Dongguan Xinhuiyuan Trade Co Ltd,215.0
Vietnam,Ningbo Youlin Trading Co Ltd,214.29
Vietnam,Takagi Mink Co. Ltd.,213.13
Vietnam,Dongguan Chaoguang Intelligent Equipment Co. Ltd,212.0
Vietnam,Shenzhen H T Intelligent Control Co Ltd,210.3
Vietnam,Zheng Bo International Ltd,210.0
Indonesia,Fuzhou Risheng Import And Export Co Ltd,208.73
Vietnam,Kingtai International H K Ltd,208.33
Indonesia,Yiwu Dingwen Import And Export Co. Ltd.,205.08
Vietnam,Microtechno Corporation,204.335
Vietnam,Cong Ty Tnhh Xnk Tm Dv Anh Minh,203.04568
Vietnam,Anh Minh Trading And Service Import Export Company Ltd.,203.04568
Vietnam,Pingxiang Youcheng Import And Export Trading Co. Ltd.,200.0
Vietnam,Cong Ty Tnhh Jin Heoung Vina,200.0
Vietnam,Mianyang Jiancheng Hengrui Group Co Ltd,200.0
Vietnam,Jiangsu Justech Precision Industry Co Ltd,200.0
Indonesia,Yiwu Huafu Trading Co. Ltd,200.0
Vietnam,Xnk Hong Phat Trading Co. Ltd.,200.0
Vietnam,Changshu Newyt Business Department,200.0
Vietnam,Runto Trading Co Ltd,199.4
Vietnam,Wenzhou Beidaoy Imp And Exp Trade Co,197.11
Vietnam,Dongguan Strategic Sports Ltd,196.72
Vietnam,Stentek Engineering Inc,195.0
Vietnam,Cong Ty Tnhh Kingmaker Iii Vietnam Footwear,194.17475
Vietnam,Kingmaker Iii Vietnam Footwear Co. Ltd.,194.17475
Vietnam,Huynh Cuong Engineering Company Limited,192.52980000000002
Indonesia,"Yiwu Jiazhong Import And Export Co., Ltd.",192.47
Brazil,Hoshizaki America Inc,191.98
United States,Swep Malaysia Sdn Bhd,191.92
United Arab Emirates,Liang Chi Cooling Tower Sdn. Bhd.,191.84
Vietnam,Tkg Taekwang Moc Bai Joint Stock Co,191.0
South Sudan,Rupe 2016 Groupe,189.935
Vietnam,Shaoxing Sunton Import Export Co Ltd,189.0
Vietnam,Quanzhou Guantang Industry And Trade Co Ltd,187.05
India,Raad Systems Inc,186.2
Vietnam,Tla Materials Company Ltd,185.68664
Vietnam,Cong Ty Tnhh Vat Tu Tla,185.68664
Vietnam,Tkg Taekwang Moc Bai Joint Stock Company,185.0
Vietnam,Cong Ty Cong Ngh Chang Shin Vi T Nam,184.36206
United Arab Emirates,Empire Compressor Private Limited,184.24
Malaysia,Azonic Motion Engineering Sdn Bhd,182.57
Kenya,Qindao Haosail Machinery Co Ltd,182.11
Vietnam,"Jinjiang Kerui Trading Co., Ltd.",182.0
India,Syveco,181.87
Uganda,Neshat Trade Ltd,180.0
Vietnam,Yakuai Trade Limited,180.0
Vietnam,Dongguan Youdao Logistics Co Ltd,180.0
Vietnam,Elang Industrial Shangai Co Ltd,180.0
Brazil,Akmlab Scientific Instruments Zhejiang Co Ltd,180.0
Vietnam,Hk Xiesheng International Trading Ltd.,179.67
India,Haier Biomedical Hk Co Ltd,179.28
Vietnam,Tnhh Ky Thuat Huynh Cuong,177.44481
Vietnam,"Jiangsu Favored Nanotechnology Co., Ltd.",177.42
Vietnam,Linhai Zheyi Arts And Crafts Co. Ltd,176.8
Vietnam,Shanghai Joyrise Trade Co Ltd Chi,175.26
Malaysia,Tinye Trade Ltd,173.82
Kenya,Blue Flame Lpg Fittings And Services,173.7
Brazil,Shandong Lingong Construction Machinery Co. Ltd.,171.7
Vietnam,Hangzhou Datong Technology Co. Ltd.,171.0
Malaysia,Shaanxi Tonly Heavy Indutries,170.78
Vietnam,Lauda Dr Wobser Gmbh Co Kg,170.25135
Vietnam,World Symbol Technology Ltd,170.0
Kenya,Press Suppliers Ltd 7 Park Close Nw2 6Rq London Unted Kingdom,168.7
Ghana,Prs Llc,168.399
Vietnam,Dongguan Shuokelai Pneumatic Hydraulic Equipment Co Ltd,168.0
Vietnam,Lauda Dr R Wobser Gmbh Co Kg,167.96991
Vietnam,The Apollo Group,167.75
Vietnam,Cong Ty Cp Thuong Mai Va Dich Vu Doi Canh Viet,167.11798
Vietnam,Dongguan Xinhonglong Robot Technology Co Ltd,166.7
Vietnam,Pou Sung Vietnam Co.,166.54108
Philippines,Zhongshengyuan Qingdao Machinery,165.0
Vietnam,Cong Ty Tnhh Emc Vina,163.86726
Indonesia,Guangzhou Yuanhengjie Trading Co Ltd,163.21
Vietnam,Pti Production And Trading,161.7357
Uganda,Neshat Tradelimited,160.0
Brazil,Smc Corporation,159.71
Philippines,Jinan Banshan Auto Parts Co Ltd,159.1
Vietnam,Gsi Viet Nam Industrial Equipment Co. Ltd.,157.93647
Vietnam,Cong Ty Tnhh Thiet Bi Cong Nghe So Viet Nam,157.93647
Kenya,Y And T Sister Trading Co Ltd,156.75
Vietnam,Cong Ty Tnhh Dien May Ngu Kim Vu Long,152.26614
Malaysia,Juz Air Services Pte Ltd,151.45
Vietnam,Zhongxinda International Trade Hk Co Limited,151.28
India,Swep Malaysia Sdn Bhd No 2A Jalan Tp 6,151.26
Philippines,Terberg Tractors Malaysia Sdn,150.82
Vietnam,Reddington Co. Ltd.,150.0
India,Swep Malaysia Sendirian Berhad,147.72
Vietnam,Sumitomo Wiring Systems Ltd,145.95999
Vietnam,United Beauty Cosmetics Ltd,144.93
Indonesia,Mazda Motor Corporation,144.84
Vietnam,Yu Ping Import And Export Co Ltd,144.75605
Vietnam,Guangzhou Wanhui Trading Co Ltd,144.0
Malaysia,"Guangzhou Qiyun Trading Co., Ltd.",142.36
Vietnam,Shangdong Stanluk International Trade Co Ltd,141.6
Vietnam,Caterpillar S A R L,141.02
Vietnam,Meyee Toys Ltd.,140.0
Vietnam,Setia Chemical Pte Limited,140.0
Vietnam,Dong Guan Xin Zai Lai Shoes Material Co. Ltd,140.0
Indonesia,"Dongguan Zhuokai Trading Co., Ltd.",139.38
Vietnam,Dongguan Naili Hardware Accessories Co Ltd,134.0
Indonesia,Yiwu Lihuan Import And Export Co Ltd,133.8
Brazil,Formule Logistics Bv,133.0
Vietnam,Dongguan Fengxin E Commerce Co Ltd,131.944
Ghana,Tong Tong Trading Co Ltd,130.282
Vietnam,Fujikako Co. Ltd.,130.2
Vietnam,Chunloung Co Ltd,127.86
Vietnam,Lauda Drr Wobser Gmbh Co,127.53631
Vietnam,Shenzhen Carryingmate Industrial Co Ltd,127.477
Vietnam,"Loctek (Ningbo) International Trading Co., Ltd.",126.61
India,Sweep Malaysia Sdn. Bhd.,126.4
Indonesia,Hangzhou Xi Ao Trading Co Ltd,125.0
Vietnam,Jama Technology Co Ltd,124.80000000000001
Vietnam,Cong Ty Tnhh Co Nhiet Dien Lanh Bach Khoa,123.92462
Vietnam,Vat Lieu My Thuat Phuong Hoang Viet Nam Tnhh,122.328
United States,Durothane S.A. De C.V.,122.0
Brazil,Trutzschler Group Se,120.53
Vietnam,Nhua Jingguang Dong Nai,116.05415
Vietnam,Cong Ty Tnhh Nhua Jingguang Dong Nai,116.05415
United States,Pt Zoetis Animal Health Indonesia,114.0
Brazil,Komatsu Ltd Xe00 Shonan Plant,113.0
India,Taizhou Yisenr Machinery Equipment Co Ltd,111.33
Vietnam,Nanjing Ruiyi International Trading,111.11
Vietnam,Shenzhen Profit Fields Logestics Co Ltd,109.9
Vietnam,Fujian Anxi Foreign Trade Co Ltd,109.81
Vietnam,Cong Ty Tnhh Cong Nghiep Nhua Xinsheng Viet Nam Lo 39B,107.69425000000001
Vietnam,Htv Industrial Tools Company Ltd.,107.63694
Vietnam,Cong Ty Co. Phan Cong Nghiep Va Thuong Mai Htv Viet Nam,107.63694
Malaysia,Azonic Motion & Engineering Sdn. Bhd.,107.59
Vietnam,Alphacool International Gmbh,107.48677
Vietnam,Tsuchiya Tsco Co Ltd Hanoi,106.75116
Vietnam,Fashion Hardwares Co Ltd,105.28
Brazil,Hyundai Mobis,105.26
Vietnam,Jiang Wei Trade Co Ltd,105.0
Brazil,Basetek Limited,104.0
Vietnam,Jinan Sero Import And Export Co. Ltd,104.0
Vietnam,"Fuding Precision Component (Shenzhen) Co., Ltd.",103.44
Vietnam,Cong Ty Tnhh Nang Luong Mat Troi Dehui Viet Nam,102.41704
Ghana,Yeehunt Hk Internation Ltd,101.43
Vietnam,Ctk Corporation,100.02248
Vietnam,Dongguan Lintai Cnc Machinery Co Ltd,100.0
Vietnam,Surcheer Industrial Co Ltd,100.0
Indonesia,Acme Process Systems Pvt. Ltd.,100.0
Vietnam,Runchi Trade Hk Co Ltd,100.0
United States,Industrial Workshops Sa,100.0
Vietnam,Cong Ty Tnhh Co Dien Tu Dong Hoa Hong Thai,99.1316
Vietnam,Hong Thai Automation Electromechanical Co. Ltd.,99.1316
India,Dunham-Bush Industries Sdn. Bhd.,98.72
India,Satish Sundar,98.0
Malaysia,Guangdong Kun Wei Supply Chain Management Co Ltd,97.03
Indonesia,Ruian Honouring Import And Export Co Ltd,96.75
Vietnam,Danang Industrial Gas Co.,96.71179
Brazil,Ford Argentina Sca,96.42
Vietnam,Kbs International Import Export And Trading Company Limited,96.26492
Vietnam,Tetra Pak Technical Service Ab,95.43
Vietnam,Tetra Pak Ca,94.94981
Malaysia,Asl Offshore Marine,94.57000000000001
United States,Akwel Juarez Mexico Sa De Cv,92.24
Vietnam,Cong Ty Tnhh Sieu Thi Cong Nghiep Zhenkunhang (Viet Nam),88.97485
Vietnam,Ruida Trading And Manufacturing Co. Ltd.,88.97485
Ghana,Ocm Marine Group Ltd,81.827
Malaysia,Moka Co Ltd,80.41
Vietnam,Yiww Zijia Electronic Comerce Co,80.0
Vietnam,Dongguan Yuyi Trading Ltd,80.0
Vietnam,Guangzhou Guangyuansheng Trading Co Ltd,80.0
Nigeria,Wenzhou Bluesky Energy Technology Co Ltd,79.531
Brazil,License Sas Industrial,74.4
Vietnam,Cong Ty Tnhh Thiet Bi Cong Nghiep Va Dich Vu Han So Nha,73.50096
Vietnam,Cong Ty Co. Phan Cong Nghe Hop Long,72.34739
United States,B.L. Harbert International L.L.C.,71.94999999999999
Vietnam,Srp Sadid Otomotiv Anonim Sirketi,71.29
Brazil,Tmn Engine Llc,70.0
Vietnam,Universecup International Limited,68.2827
Vietnam,Tetra Pak Trading Shanghai Ltd,67.44
Philippines,Dongguan Hongyi Trading Co Ltd,64.0
Malaysia,Shanghai Smk Technology Co Ltd,62.97
Vietnam,Cong Ty Tnhh Tm Cong Nghiep Cih Vina,61.60954
Vietnam,Cih Vina Industry Trading Company Limited,61.60954
Vietnam,Qingdao Taichen Trading Co Ltd,60.0
Vietnam,Dong Guan Do Hearts Technology Co Ltd,60.0
Vietnam,Shanghai Xinma Freight Transportation Agency,60.0
Vietnam,Tokushu Hashigo Seisakusho Vietnam Company Ltd,59.5498
Vietnam,Ky Thuat Huynh Cuong Co Cty Tnhh,58.57086
Vietnam,Cong Ty Tnhh Khoa Hoc Ki Thuat Co Dien Du Thac Mien Bac Viet Nam,57.78992
Vietnam,Du Thac Northern Vietnam Electrical Mechanical Engineering Science Company Ltd.,57.78992
Vietnam,Zhejiang Jingjie Import And Export Co Ltd,57.32
Vietnam,Cong Ty Thuong Mai Va Dich Vu Ky Thuat Vinh Chinh,55.3052
Indonesia,Beijing Ousaipo Technology And Trade Co. Ltd,55.0
Indonesia,Yiwu Bangna Trade Co. Ltd,55.0
Qatar,Wintech Jewels Equipment Pvt Ltd,54.55
Vietnam,Guangzhou Wanhui Tarding Co Ltd,52.0
Ghana,University Of Bonn Medical Center,51.69
Brazil,Volkswagen Argentina Sa,51.04
Vietnam,Guangxi Liugong Machinery Co. Ltd.,50.98
Uganda,Neshat Trade Limited,50.0
Vietnam,"Guangzhou Xinghang Import And Export Co., Ltd.",50.0
Vietnam,Coretech Ltd,50.0
Vietnam,Cong Ty Tnhh Thuong Mai Va Dich Vu Cong Nghiep,48.35589
Vietnam,Cong Ty Tnhh Thuong Mai & Xay Dung Pk,47.28132
Vietnam,Pk Trading Construction Company Limited,47.28132
Uganda,Freight Systems Africa Uganda,45.0
Malaysia,Neilson Hydraulics Engineering Ltd,39.86
Vietnam,Cong Ty Tnhh Jinsung Electronics Vina,39.65264
Vietnam,Luka Logistics Sorting Hub,38.816
Indonesia,Shenzhen Brother Ice System Co. Ltd.,38.39
Indonesia,Yiwu Sailuo Trading Co Ltd,38.0
Vietnam,Fu Sheng Industrial Co Ltd,37.36
Ghana,Chongyuan Xiamen Fine Chemical Co Ltd,37.303
Indonesia,"Hangzhou Wangjiashi Import, Export Co.",35.73
Brazil,Guizhou Yonghong Heat Transfer Cooling Technology,35.73
Vietnam,Xingtai Naknor Technology Co Ltd,35.0
Vietnam,Shenzhen Weimei International Import And Export Co Ltd,35.0
Philippines,Manitowoc Crane Care,32.8
Vietnam,Gd Midea Living Appliances Trading Co. Ltd.,31.0
Nigeria,Jiangshan Jiangming Import And Expo,29.956
Vietnam,Shouxi Ltd.,29.626576506250004
Vietnam,Cong Ty Tnhh Shouxitang,29.626576506250004
Indonesia,"Hangzhou Dingyue Technology Co., Ltd.",26.67
Indonesia,Tpi All Seasons Company Limited,26.19
Indonesia,"Shandong Huilang International Trading Co., Ltd.",25.97
Philippines,Yiwu Harpy Import And Export Co Limited,25.2
Malaysia,Venice Plus Advance Solution Sdn. Bhd.,22.93
Indonesia,Yiwu Canwen Trade Co. Ltd.,22.8
Vietnam,Dasan Co. Ltd,21.55
Brazil,Ningbo Aquart Electrical Appliance Co Ltd,21.52
Vietnam,Imarket Vietnam Co Ltd,20.29126
Vietnam,Cong Ty Tnhh Imarket Vietnam,20.29126
Vietnam,Cong Ty Tnhh Cong Nghe Muto Ha Noi,19.82632
United States,Consorcio Industrial Mexicano De Autopartes S De R L De C V,19.4
Indonesia,Hangzhou Kaiyue Import And Export Co. Ltd.,18.82
Philippines,Tetra Pak Technical Service Me,18.7
Indonesia,Shandong Brightway Fitness Equipment Co Ltd,16.52
Vietnam,Cong Ty Tnhh Picotrack Viet Nam,15.0
Indonesia,Mazda Sales Thailand Co Ltd,12.87
Vietnam,Thinh Nguyen Viet Nam Technology Co. Ltd.,12.39504
Vietnam,Cong Ty Tnhh Cong Nghe Thinh Nguyen Viet Nam,12.39504
Indonesia,Mazda Sales Thailand,12.15
Indonesia,Hyun Sung Cooling Tower,11.18
Ghana,Kangjia Guangzhou Washing Products Co Ltd,10.184
Brazil,Compair Drucklufttechnik Zweig Nl Der Gardner Denver De Gmbh,9.06
Vietnam,Long Men Co. Ltd.,8.0801012925
Vietnam,Cong Ty Tnhh Thuong Mai Va Dich Vu Long Men,8.0801012925
Brazil,Shenyang Aerti Tech Co Ltd,8.0
Vietnam,Cty Tnhh Hop Thinh,7.96116
Indonesia,Hangzhou Furuida Technology,6.41
Philippines,Xiamen Racewell Import Export Co,6.4
Vietnam,Cn Cong Ty Cp Thuong Mai Va Dich Vu Ngoc Ha Tai Hung Yen,5.94786
Vietnam,Cong Ty Co Phan Thuong Mai Hoang Phan,5.3592
Vietnam,Hoang Phan Commercial Joint Stock Company,5.3592
Vietnam,Sl Global Vina Company Ltd.,4.2696049275
Vietnam,Cong Ty Tnhh 5A Bac Ninh,4.2696049275
Vietnam,Chaewon Corporation,4.0
Vietnam,Mien Trung Gas Joint Stock Company,3.9638764420833335
Vietnam,Cong Ty Co Phan Stavian Toan Cau,2.1262936708333333
Vietnam,Vt Gas - Viet Nam Liquefied Gas Company Ltd.,1.9668423791666667
Vietnam,Cong Ty Tnhh Khi Hoa Long Viet Nam-Vt Gas,1.9668423791666667
Vietnam,Ngoc Ha Trading And Service Joint Stock Company In Hai Duong,1.7447
Vietnam,Cong Ty Co Phan Nang Luong An Phu,1.1436569708333333
United States,3M Mexico S.A. De C.V.,1.01
United States,Productos Rivial S A De C V,1.0
Uganda,Project Cure,0.44
Indonesia,Hngzhqu Wbnxyngfbi Ltd,0.19
Vietnam,Quzhou Dakai Machinery Equipment Co Ltd,0.02
Brazil,Danfoss Micro Channel Heat Exchange Jiaxing Co Ltd,0.0
Indonesia,Snowkey Refrigeration Sdn Bhd,0.0
United States,A S T R A Refrigeranti Srl,0.0
Malaysia,Hamilton Sundstrand Csc Sb,0.0
Malaysia,Flowserve Sihi Germany Gmbh,0.0
Malaysia,Fm Multimodal Services Sdn Bhd,0.0
Saudi Arabia,Riple Plate M Sdn Bhd,0.0
United States,Aircom Zhejiang General Equipment,0.0
United States,Dsv Air Sea Brasil Ltda.,0.0
United States,Dsv Air & Sea Inc.,0.0
United States,Cryospain Sl,0.0
United States,Dekspell Lojistik Ve Dis Ticaret Ltd Sti,0.0
United States,Dekspell Lojistik Ve Dis Ticaret Ltd,0.0
United States,Aggreko Uk Ltd.,0.0
United States,Astra Refrigeranti Srl,0.0
United States,Dynasol Elastomeros S A De C V,0.0
United States,Blue Wing Airline Nv,0.0
United States,Bdp Ugl Global Logistics (India) Pvt. Ltd.,0.0
United States,"C H Robinson Freight Services, China) Ltd.",0.0
United States,Cimc Sanctum Cryogenic,0.0
United States,Hailiang Metal Trading Li,0.0
United States,Hamilton Sundstrand Csc (M) S/B,0.0
United States,Jm Logistic Services S A De C V,0.0
United States,Jintong Transportation Inc,0.0
United States,Jiaofeng Auto Parts Co Ltd,0.0
United States,Jhj International Transportation Co Ltd,0.0
United States,Jg Summit Olefins Corporation,0.0
United States,Inox India Ltd,0.0
United States,Gum Air Suriname Airlines,0.0
India,Lotte Chemical Titan M Sdn Bhd,0.0
United States,Eversail Logistics Incorporation,0.0
United States,Eversail Logistics Inc,0.0
United States,Gfl Environmental Services Inc,0.0
United States,Fives Cryo,0.0
United States,Emo Trans China Ltd Shenzhen,0.0
United States,Infoedge Technology Co Ltd,0.0
United States,Industrias Gutierrez S A De C V,0.0
United States,Industrias Gutierrez Sa,0.0
United States,Cryolor Asia Pacific Pvt Ltd,0.0
United States,Dekspell Lojistik Ve Dis Tic,0.0
United States,Dextrans Worldwide Philippines Inc,0.0
United States,Cryospain,0.0
United States,Svifflug S De R L De C V,0.0
Brazil,Recuperator S P A,0.0
United States,United Aviation Services Nv,0.0
United States,Pt Chandra Asri Pacific Tbk,0.0
Vietnam,Nidec Jue-Choung Electronics (Kunshan) Co. Ltd.,0.0
United States,The Chemours Company Industria E Co,0.0
United States,Tugra Makina Takim Tezgahlari Maden,0.0
United States,U Del Corona Scardigli Srl,0.0
United States,U. Del Corona & Scardigli,0.0
United States,U. Del Corona E Scardigli,0.0
Vietnam,Purnabina Sdn Bhd,0.0
United States,Process West Performance Aluminium,0.0
United States,K Apex Logistics Hk Co Ltd,0.0
United States,Hobi Otomotiv Yan Sanayi Ve Tic Lt,0.0
United States,Refrigerati Srl,0.0
United States,Puma Industrial Co Ltd,0.0
United States,Setoa Italia S P A,0.0
United States,Svifflug S De Rl De Cv,0.0
United States,U.Del Corona Scardigli Srl,0.0
United States,Pt Bdp Indonesia,0.0
United States,Zhangjiagang Cimc Sanctum,0.0
United States,Vrv Asia Pacific Pvt Ltd,0.0
United States,Unique Logistics International,0.0
United States,Shandong Towngas Group Co Ltd,0.0
United States,Shanghai All-Link Logistics Ltd.,0.0
United States,Kbk Chem Engineering Pvt Ltd,0.0
United States,Hobiex Otomotiv As,0.0
United States,Hobi Otomotiv Yan Sanayi Ve Ticaret,0.0
United States,Mcwane India Pvt. Ltd.,0.0
United States,Manitowoc Crane Group Netherlands Bv,0.0
United States,Legacy Commercial Aquatics,0.0
United States,Msc Shipmanagement Ltd,0.0
United States,Mottogas Otomotiv San Ve Tic Ltd Sti,0.0
Ethiopia,Hamilton Sundstrand Csc Sb,0.0
Ghana,Betsima Muhendisklik Sanayi Ve Ticaret Ltd Sti,0.0
United States,Tgl Usa Inc,0.0
United States,The Chemours Company Ind E Com De Produtos Quimicos Ltda,0.0
Vietnam,Jy Outdoor Trading Ltd.,0.0
Vietnam,Inner Mongolia Yonghe Fluorochemical Co Ltd,0.0
Vietnam,Guang Dong Mentek Testing Equipment Co Ltd Company,0.0
Brazil,Ge Precision Healthcare Llc,0.0
Brazil,Digi-Key Electronics,0.0
Brazil,Alfa Laval Technologies Ab Dc Se,0.0
Brazil,Alfa Laval Inc Dist,0.0
