dest_country,shipper,value_usd
United States,Mcwane India Pvt Ltd,25927764.26616768
Kenya,"Jingmen Hongtu Special Aircraft Manufacturing Co., Ltd.",18204113.81
United States,Cryolor Asia Pacific Pvt. Ltd.,9337428.391810173
Nigeria,Tekfen Manufacturing And Engineering Joint Stock Company,5642747.53
United States,Inox India Pvt. Ltd.,5069893.49
Malaysia,Linde Malaysia Sdn Bhd,4885692.5
India,Chart Inc.,4806095.72
Malaysia,Pride Chem Industries Pte Ltd,3016694.17
Malaysia,Linde Malaysia Sdn. Bhd.,2901812.2
United States,Field Fastener Mexico S De Rl De Cv,2759299.45
Ghana,Bharat Tanks And Vessels Llp,2364150.59
Philippines,Hangzhou Yuhang Zhangshan Steel Cyl,2296897.8
Uganda,Ogeco,2295262.0
Malaysia,Smc Corporation,2091685.81
United States,Vrv Asia Pacific Pvt. Ltd.,2084583.0
United States,Acerotek S A De C V,1946993.0
United States,Taylor Warthon Malaysia Sdn Bhd,1772251.14
Nigeria,Tekfen Imalat Ve Muhendislik A S,1739631.4309999999
Saudi Arabia,Inox India Pvt. Ltd.,1655384.4195915195
United States,Taylor Wharton Malaysia Sdn Bhd,1607810.44
United States,Sin Razon Social,1554291.0
Nigeria,Sdp Services Ltd,1476130.654
Vietnam,Chongqing Tonghui Kefa Gas Co Ltd,1420000.0
Malaysia,Nantong Cimc Energy Equipment Co Ltd,1384833.7
United States,Cryogas Equipment Pvt. Ltd.,1319735.98
Saudi Arabia,Inox India Limited,1282681.69
South Africa,Bnh Gas Tanks Llp,1260215.92
Vietnam,Taylor Wharton Beijing Cryogenic Equipment Co Ltd,1236137.0
India,Wesmor Cyrogenics Llc,1223830.98
Vietnam,Rongwei Technology Co Ltd,1191164.3
Vietnam,Rongwei Technology Co Limited,1191164.3
Vietnam,Luxshare Precision Ltd.,1167633.36
Nigeria,Optech Engineering Pvt. Ltd.,1149770.02
United States,Aritas Cryogenic Industri Sanayi Ve Tic A S,1126449.47
Philippines,Lowa Tech Ltd,1070698.9
Vietnam,Messer Hai Phong Industrial Gases Co. Ltd.,1061808.48297
Nigeria,Ahs Makina Dondu Busra Bilgic,1038279.103
Philippines,Hangzhou Yuhang Zangshan Steel Cylineder Co Limited,989550.3
Philippines,Shanghai Qilong High Pressure,980101.9
Vietnam,Shijiangzhuang Enric Gas Equipment Co Ltd,974000.0
Vietnam,Vrv Asia Pacific Pvt. Ltd.,937687.74
Malaysia,Air Liquide Global E C Solutions Japan Ltd,906889.12
Malaysia,Industrial Company Ltd,895042.0
United Arab Emirates,Inox India Limited,852383.14
Qatar,Air Liquide Global E&C Solutions India Pvt. Ltd.,839882.19
Vietnam,Oriental Ocean Chemical Technology Pte Ltd,839200.0
Nigeria,Sharaf Shipping Agency Ltd,830760.625
United Arab Emirates,Cryolor Asia Pacific Pvt. Ltd.,815051.66
Saudi Arabia,Vrv Asia Pacific Pvt. Ltd.,785167.32
Nigeria,Nikkiso Cosmodyne India Pvt. Ltd.,774295.54
Vietnam,Guangxi Pingxiang City Feng Song Import & Export Trading Co. Ltd.,769070.0
United States,Mexicali Directo Al Cliente S De Rl De Cv,757600.0
Vietnam,"Xinxiang Chengde Energy Technology Equipment Co., Ltd.",745120.0
Vietnam,Fujian Unite Material Technology Co Ltd,720000.0
Saudi Arabia,Cryolor Asia Pacific Pvt. Ltd.,699925.65
Malaysia,Hangzhou Hangyang Cryogenic Vessel Co Ltd,694096.59
Vietnam,Tti Partners Spc,683708.4195
Canada,Inox India Pvt. Ltd.,676852.27
Vietnam,Weifang Golden Sail Gas Co Ltd,650000.0
United States,Yazaki Componentes De Mexico S De Rl De Cv,647654.32
Philippines,Hangzhou Xiangertai Import And Export Co Ltd,647081.0
Philippines,Hangzhou Xiangertai Importexport C,639443.6
India,Thermo Fisher Scientific Asheville Llc,632416.88
Vietnam,"Shijiazhuang Enric Gas Equipment Co., Ltd",625500.0
United States,Messer Hai Phong Industrial Gases Co. Ltd.,601250.0
Malaysia,Tomoe Shanghai Specialty Gases Co Ltd,584172.3
United Arab Emirates,Optech Engineering Pvt. Ltd.,579102.99
Malaysia,Linde India Ltd.,571335.38
Canada,Trinity Rail De Mexico S De Rl De Cv,566910.0
India,Technology Llc,556076.26
Vietnam,Cryolor Asia Pacific Pvt. Ltd.,551436.72
Vietnam,Thuy Thanh Chemical Gas Import Export And Trading Company Limited,550000.0
India,He24 Me Gaz A S,549890.0
South Africa,Vrv Asia Pacific Pvt. Ltd.,544473.890478407
Malaysia,China Kide Engineering Corporation,533337.45
Vietnam,Andritz China Ltd,510420.0
Malaysia,Asia Propel Sdn Bhd,508605.01999999996
Malaysia,Taylor Wharton Beijing Cryogenic Equipment Co Ltd,506316.16
United States,Taylorwharton Malaysia Sdn. Bhd.,494787.74
United States,Trinity Rail De Mexico S De Rl De Cv,493901.0
Saudi Arabia,Spark Engineers,488058.95
India,China Triumph International En,487079.62
Vietnam,"Hangzhou Heyi M&E Engineering Co., Ltd.",462260.0
United Arab Emirates,Vrv Asia Pacific Pvt. Ltd.,451210.19
Nigeria,Heritage Maritime Services Limited,449946.474
Vietnam,Zhongheng Viet Nam Manufacturing Co. Ltd.,447866.2132
Nigeria,Heritage Maritime Services Ltd,445122.31500000006
Vietnam,International Transportation Service Corporation,440000.0
Philippines,Shanghai Qilong High Pressure Container Co Ltd,438220.1
Vietnam,Hyundai Engineering & Construction Co. Ltd.,437541.0
Malaysia,China Construction Installation Group Construction Development Co Ltd,436183.07
Philippines,Hangzhou Yumang Zhangshan Steel,413219.30000000005
Vietnam,Balchem N V,412864.44250999996
Uganda,Aguliar Salas Torres,412367.27
Thailand,Tomoe Malaysia Sdn Bhd,400573.38
Vietnam,Hd Hyundai Mipo Co. Ltd,391655.9436
Malaysia,Jiangsu Win Faith International Trade Co Ltd,389848.44
Vietnam,Yunnan Xiangfeng Tonghui New Material Technology Co. Ltd,380000.0
Vietnam,Super Gas Company Ltd.,379665.08262
Nigeria,Agri Chemicals Ltd,376257.655
Malaysia,Suzhou Alton Electrical,372074.94
Nigeria,Paresa Spa,369628.564
Vietnam,Cong Ty Co Phan Nippon Sanso Viet Nam,368942.98571000004
Malaysia,Air Products Malaysia Sdn. Bhd.,365042.56
Vietnam,Daikin Fluorochemical (China) Co. Ltd.,360000.0
Vietnam,Nantong Cimc Energy Equipment Co Ltd,358000.0
Vietnam,Astro Tech Co. Ltd.,358000.0
Malaysia,Deleum Oilfield Services Sdn Bhd,354654.85
United States,Inox India Limited,349866.25
Nigeria,Advanced Gases Ltd,345231.528
Vietnam,Cong Ty Co. Phan Dgc,339998.48636000004
Malaysia,Texas Instruments Malaysia Sdn Bhd,334794.93
Vietnam,Tai Shan Gases Co. Ltd.,323220.0
Vietnam,"Pingxiang New Hope Foreign Trade Co., Ltd.",320403.00771
Nigeria,Yilteks Energy Heat Machinery Manufacturing Industry And Foreign Trade Limited Company,320180.0
Philippines,Hainan Yongan Trade Co Ltd,319894.3
Oman,Inox India Pvt. Ltd.,319871.82
Nigeria,Houpu Clean Energy Co Ltd,317315.856
Vietnam,Inox India Pvt. Ltd.,315835.47
Malaysia,Suzhou Alton Electrical Mechanical Industry Co Ltd,314498.1
Vietnam,Cong Ty Tnhh Tomoe Vietnam,312983.03173
Vietnam,Hd Hyundai Mipo Co Ltd,307842.7291
Vietnam,Air Liquide Thailand Ltd.,305700.0
Vietnam,Danieli C Officine Meccaniche S P A,304888.7394
Vietnam,Cong Ty Tnhh Super Gas,300696.67
Vietnam,Nippon Sanso Vietnam Joint Stock Co.,300457.90341
Nigeria,Hongyang Group Co Ltd,289462.162
Malaysia,Air Liquide Global E C Solutions,286287.33
Vietnam,Zhongheng Vietnam Manufacturing Co. Ltd.,284143.0393
South Africa,Md Ic Ve Foreign Trade Joint Stock Company,279696.02999999997
Vietnam,Chart Cryogenic Engineering Systems (Changzhou) Co. Ltd.,278140.0
Vietnam,Air Liquide Vietnam Co. Ltd.,277596.8
Kenya,Yilteks Energy Heat Machinery Manufacturing Industry And Foreign Trade Limited Company,273420.0
Malaysia,Chart Cryogenic Engineering Systems (Changzhou) Co. Ltd.,271338.21
Vietnam,Tomoe Vietnam Co. Ltd.,270120.48654
Vietnam,Huayuan Trading Ltd.,270000.0
Vietnam,Air Liquide Business Service Sdn Bhd,269596.8
Vietnam,Mve Biological Solutions Us Llc New Prague Mn 56071 Us,267545.988
United Arab Emirates,Llp Caley Energy,263878.0
Vietnam,Astro Tech Co. Ltd,262000.0
United States,Inds Gutierrez S A C V,261981.71000000002
Nigeria,Karbonsan Dry Ice And Pressure Vessels Industry Trade Joint Stock Company,260567.94
United Arab Emirates,Krison Engineering Works,259948.0
Malaysia,Nxp Malaysia Sdn. Bhd.,257556.32
Vietnam,Taylor-Wharton (Beijing) Cryogenic Equipment Co. Ltd,256000.0
United States,Compabia Arizlu S.A. De C.V.,254587.62
Vietnam,Shanghai Lifen Gas,252617.4613
Philippines,Hubei Daly Lpg Cylinder Manufacture Co Ltd,239851.5
Kenya,Socar Shipping Agency S A R L,237122.16999999998
Canada,Taylor Wharton Malaysia Sdn Bhd,231895.3
Vietnam,Huayuan Trading Ltd,230000.0
Nigeria,Jingmen Hongtu Special,228180.166
Philippines,Nohmi Bosai Ltd International Division,227671.3
United Arab Emirates,Cryogas Equipment Pvt. Ltd.,226104.78
Philippines,Sicgil India Ltd.,225150.0
Thailand,Dorado Resources Corporation,225000.0
Ghana,Ltp Solutions Pty Ltd,224662.92600000004
Vietnam,Jade Beauty Trading Investment Co Ltd,221500.0
Vietnam,Mega Alliance Gases Sdn Bhd,220000.0
United Arab Emirates,Inox India Pvt. Ltd.,219261.06
Malaysia,Air Product Malaysia Sdn Bhd,214870.98
Vietnam,Cong Ty Tnhh Khi Cong Nghiep Messer Binh Phuoc,214700.60274
Malaysia,Mexicali Directo Al Cliente S De Rl De Cv,213000.0
Nigeria,Lions Makine Muhendislik Limited Sirketi,212548.20500000002
Vietnam,Shenzhen Pengyu Electromechanical Environmental Protection Equipment,211346.0
Vietnam,Fortune Bright Co. Ltd.,210576.0
Vietnam,Vi Na Industrial Gases Trading & Service Co. Ltd.,209500.0
Vietnam,Hebei Runfeng Low Temperature Equipment Co Ltd,207052.0
Thailand,Tomoe Malaysia Sdn. Bhd.,200993.95
Philippines,Hangzhou Yuhang Zhangshan Steel Cylinder Co Ltd,199807.0
Vietnam,Vinata International Co. Ltd,199555.0656
Vietnam,Cong Ty Tnhh Quoc Te Vinata Chi Nhanh,199555.0656
Vietnam,Brothers Gas Bottling & Distribution Co. Llc,199000.0
Nigeria,Services Machinery And Trucks Maurice Ltd,198915.037
Vietnam,Lg Electronics Wroclaw,197803.08
Vietnam,Sungbo Engineering Co Ltd,197356.3374
Vietnam,"Zhangjiaga Cimc Sanctum Cryogenic Equipment Co., Ltd",196141.54
Vietnam,Air Products Singapore Industrial Gases Pte. Ltd.,194300.0
Vietnam,Cong Ty Tnhh Thuong Mai Va Dich Vu Long Men,193922.43102
Vietnam,Long Men Co. Ltd.,193922.43102
Vietnam,Nippon Sanso Vietnam Joint Stock Company,190522.20069
Vietnam,"Qingdao Ruiming Blue Sky Energy Co., Ltd.",190499.9992
United States,Praxair Mexico S De Rl De Cv,188932.61
Vietnam,Sun Royal Ltd.,188500.0
Nigeria,Inox India Limited,187907.74
India,Industrias Gutierrez S.A. De C.V.,186235.84
Philippines,Bj Services M Sdn Bhd,184808.05
Malaysia,Amkor Technology Malaysia Sdn Bhd,183413.92
Nigeria,Solid Makina San Ve Dis Tic Ltd Sti,179858.093
Canada,Sin Razon Social,178800.0
Vietnam,Guangxi Qinghai Chemical Co Ltd,177064.0
Vietnam,Damen Workboats B.V.,173163.13439
Vietnam,Hk Rongwei Technology Co Limited,172000.0
Vietnam,Gas Vietnam Co. Ltd,171717.96334000002
Kenya,Milkotronic Ltd Dhl Aero Expreso Sa,171710.78
Vietnam,Taian Strength Equipments Co Ltd,171600.0
Vietnam,Cong Ty Tnhh Iwatani Viet Nam,170898.95731
Senegal,Karbonsan Dry Ice And Pressure Vessels Industry Trade Joint Stock Company,167865.39
South Africa,Gokceler Domestic And Foreign Trade Cooling Systems Joint Stock Company,167272.6
Nigeria,Lions Machinery Engineering Ltd,165075.0
Vietnam,Forest Tavern International Co. Ltd.,165000.0
Malaysia,Taizhou Hbkang Trading Co Ltd,164984.63
Vietnam,Hainan Yongan Trade Co Ltd,163576.39984
Philippines,Guangxi Qin An Technology Co Ltd,162093.0
United Arab Emirates,Guven Bombe And Pressure Vessels Joint Stock Company,161306.0
United States,Yingyi Hai Phong Machinery Co. Ltd.,160610.22
Vietnam,J And E International China Co Ltd,160000.0
Vietnam,Vinacomin Mining Chemical Industry Holding Corporation Limited,160000.0
Vietnam,Yunnan Xiangfeng Tonghui New Material Technology Co Ltd,160000.0
Vietnam,Linggas Materials Tianjin Ltd,160000.0
Oman,Yilteks Energy Heat Machinery Manufacturing Industry And Foreign Trade Limited Company,159350.0
Malaysia,Kunshan Fager Mechanical And Electrical Engineering Co Ltd,157311.1
Philippines,Hubei Yaoxing International Trading Co Ltd,156470.0
Vietnam,Rk Engineering Co. Ltd.,156207.54
Vietnam,Cgn Dasheng Electron Accelerator Technology Co Ltd,155000.0
Philippines,Inox India Pvt. Ltd.,153448.47999999998
Vietnam,Huatai Yongchuang Beijing Tech Co Ltd,152520.0
Malaysia,Nxp Malaysia Sdn Bhd,152478.65
Vietnam,Inox India Ltd.,151500.0
Vietnam,Finn & Moa Industrial Co. Ltd.,150750.0
Philippines,Hangzhou Xiangertai Import Export,150392.0
Vietnam,Lowa Tech. Ltd.,150390.0
United Arab Emirates,Karbonsan Dry Ice And Pressure Vessels Industry Trade Joint Stock Company,148773.34
United States,Industrias Gutierrez S.A. De C.V.,146417.46000000002
Uganda,Total Energies Marketing Afrique 92069 Paris La De,145364.0
Saudi Arabia,Ak Steel Pipe Industry Joint Stock Company,144160.0
Vietnam,Cong Ty Tnhh Thiet Bi - He Thong L.P.G,141943.22271
Vietnam,Reamor Industry Hong Kong Ltd.,141075.0
Vietnam,Jiangsu Aricen Electronic Materials Co Ltd,140000.0
Vietnam,Shengbo Electronics Co Ltd,136440.0
Vietnam,Sei Electronic Components Vietnam Ltd,134818.5888
Vietnam,Iwatani Vietnam Co. Ltd.,134810.70387
India,Smc Corporation,133827.89
Uganda,A. Silva Matos Metalomecanica S.A.,133071.35
Qatar,Karbonsan Dry Ice And Pressure Vessels Industry Trade Joint Stock Company,132955.52
Vietnam,Cong Ty Tnhh San Xuat Lop Xe Bridgestone Viet Nam,129243.78277
Vietnam,Wisdri Engineering Research Inc Ltd,128102.0
Vietnam,Cryolor,127229.35636
Vietnam,Chinh Thuong Import Export Trading Investment Company Limited,126000.0
Malaysia,"Zhangjiagang Cimc Sanctum Cryogenic, Equipment Co Ltd",125292.01
Vietnam,Guangxi Nanning Vision Mechanical And Electrical Co Ltd,124408.17
United States,Hypro Engineers,123553.28
Vietnam,Suretank Ltd,122840.8
Vietnam,Cryolor Asia Pacific Pvt Ltd,122753.0
Vietnam,Kim Viet Phat Trading Joint Stock Company,120000.0
United Arab Emirates,Mig Company Ltd.,120000.0
Vietnam,"Shanghai Air Water International Trading Co., Ltd.",119600.0
Vietnam,Sopet Gas One Company Ltd.,119147.86321
Vietnam,Chart Cryogenic Engineer Systems Changzhou Co Ltd,117960.0
Malaysia,Beijing Tianhai Industry Co Ltd,117717.06
Malaysia,Krr Engineering Pvt Ltd,117488.41
Vietnam,Henan Xinlianxin Shenleng Energy Co Ltd,116375.0
United Arab Emirates,Industrias Gutierrez S.A. De C.V.,115439.48000000001
Uganda,De Visser Trading Bv,114562.24
Nigeria,Hubei Chengli Special Automobile Co Ltd,112923.15
Vietnam,Deutsche Lufthansa Aktiengesellschaft,112906.54
United Arab Emirates,Cazgir Construction Heat Systems Trade And Industry Joint Stock Company,112000.0
Saudi Arabia,Taylor Warthon Malaysia Sdn Bhd,111814.99
Vietnam,Chart Cryogenic Distribution Equipment (Changzhou) Co. Ltd.,111730.0
Vietnam,Air Water Vietnam Co Ltd,111700.0
Vietnam,"Huatai Yongchuang (Beijing) Tech., Co. Ltd.",111488.0
Vietnam,Inox India Private Liited,109100.0
Vietnam,Jiangsu Newcoso Machinery Co. Ltd,108628.08
Malaysia,Air Product Malaysia Sdn. Bhd.,108498.79
Namibia,Oeg Offshore Uk Limited,108467.73
Vietnam,Ningbo Mingxin Chemical Machinery Co Ltd,107300.0
Vietnam,Balchem Nv,107230.24700999999
Malaysia,Nanjing Ndt Commercial Trading Co Ltd,106080.17
Nigeria,Landi Renzo S P A And Ngv Systems,105727.13
Philippines,Nohmi Bosai Ltd,105034.8
Vietnam,Guang Dong Foster Fluid Technology Co Ltd,104600.1
Vietnam,Sei Electronics Components Vietnam Ltd,104049.68717
Vietnam,Global Gases Group Fze,104000.0
Vietnam,Solarspace Technology (Laos) Sole Co. Ltd,103217.23
Oman,Mimmak Marketing Import Export Industry And Trade Ltd,102900.0
Vietnam,Fu Sheng Vietnam Industrial Co. Ltd.,102859.33064
Malaysia,Hangzhou Chengyingi Energy Technology Co Ltd,102628.51000000001
Vietnam,Suzhou Oxygen Plant Co Ltd,102000.0
Nigeria,Bdp International Uk Limited,101699.389
Malaysia,Nantong Cimc Energy Eqpt Co Ltd,101692.65
United States,Chandra Asri Pacific Tbk,101518.54000000001
Vietnam,Patel International Ltd.,101280.0
Vietnam,Braden Uk Ltd.,101170.65562
Vietnam,Hunan Zisheng Technology Co Ltd,100530.0
Vietnam,Biz T International Cambodia Co Ltd,100000.0
India,Tianjin Cement Industry Design Reserch Institute,99572.38
Vietnam,Fine Both Trading Wuxi Co Ltd,99284.40000000001
Vietnam,Ningbo Eagle Machinery & Technology Co. Ltd,99000.0
South Sudan,Tononka Steels Limited,96133.301
Philippines,Linde Engineering Apac Co Ltd,95542.1
Philippines,Yangzhou Gao De Bao Gas Appliance M,95478.0
Vietnam,Mien Trung Gas Joint Stock Company,95133.03461
Vietnam,Towin Mechanical And Trading Joint Stock Company,93917.70800000001
Vietnam,Shanghai Lianfeng Gas Co Ltd,93846.35463
Saudi Arabia,Guven Bombe And Pressure Vessels Joint Stock Company,93801.5
Vietnam,"Guangdong Tangshihoa Industry And Trade Co., Ltd.",93200.0
Vietnam,"Nanjing Ocean Industry Co., Ltd.",92965.0
Vietnam,Asia Pacific Gas Enterprises Co. Ltd.,91700.0
Vietnam,Cong Ty Co Phan Tap Doan Investcorp Co. Ltd.,91499.66739
Vietnam,Kashiwa Chemical Company Ltd.,91286.0
South Sudan,Tononka Steels Ltd,91051.969
Vietnam,Vrv Asia Pacific Pvt Ltd,90255.0
Kenya,Optech Engineering Pvt. Ltd.,90135.41
Qatar,Vrv Asia Pacific Pvt. Ltd.,90051.5761662763
Vietnam,Daikin Chemical International Trading Shanghai Co Ltd,90000.0
Vietnam,Astro Engineering Vietnam Company Limited,90000.0
United Arab Emirates,Ak Steel Pipe Industry Joint Stock Company,89600.0
Vietnam,Gt Viet Nam Petrol Technology Joint Stock Company,89251.68325
Vietnam,Oriental Ocean Chemical Technology Pte. Ltd.,87400.0
Vietnam,"Guangxi Nanning Vision Mechanical & Electrical Co., Ltd.",86334.47
India,Flowserve Srl,85771.2
Vietnam,Isgec Heavy Engineering Ltd.,85410.0
Philippines,Jingmen Hongtu Special Aircraf,84928.5
Vietnam,Smart Gas Pte Ltd,84000.0
Kenya,Gasgrup Enerji Sistemleri Ins Taah San Ve Tic As,82332.95999999999
Vietnam,"Guangxi Pingxiang City Feng Song Import & Export Trading Co., Ltd.",82300.0
Vietnam,Yingyi Hai Phong Machinery Co. Ltd.,82069.56
Vietnam,Aj Mechanical Engineering Shanghai Co Ltd,81873.36132
Vietnam,Pingxiang Baihang Foreign Trade Co Ltd,81562.04436
Vietnam,Linde Malaysia Sdn Bhd,81500.0
United Arab Emirates,Svifflug S De Rl De Cv,81427.02
Vietnam,"Quzhou Xinyue Machinery Equipment Co., Ltd.",81020.0
Kenya,Cryotechnic Pressure Vessels Machinery Engineering Project Construction Import Export Industry And Trade Ltd,81000.0
Vietnam,Ningbo Dsw International Co. Ltd.,80520.8
Nigeria,Industrial Medical Gases Nigeria Plc,80246.713
Malaysia,Xiamen Tengsheng Investment Co Ltd,80238.68
Vietnam,Xinxiang Chengde Energy Technology Equipment Co Ltd,80200.0
Vietnam,J E International China Co Ltd,80000.0
United Arab Emirates,Brams Gases Ltd Kenblest Premises,79974.845
Philippines,Linyi Yongquan Import Export Co,79946.0
Philippines,Inox India Limited,79817.05
Vietnam,Fujian Jiuce Gas Co Ltd,79060.0
United Arab Emirates,Mimmak Marketing Import Export Industry And Trade Ltd,79000.0
United States,Mauria Udyog Ltd,78544.3
Vietnam,Cong Ty Trach Nhiem Huu Han Cong Nghiep Fu Sheng Viet Nam,78468.57526
Vietnam,"Jinan Deyang Cryogenic Technology Co., Ltd.",75804.0
United Arab Emirates,Betsima Engineering Industry And Trade Ltd,75500.0
Nigeria,Shangdong Kerui Petroleum Gas Equipment Co Ltd,74592.863
Vietnam,Damen Workboats B V,73633.91018
Vietnam,Precision Parts Uk Ltd.,73327.25943
Malaysia,Jiangsu Qiulin Special Energy,73012.53
Vietnam,Advanced Sciences Technologies Co Ltd,71731.89339
Vietnam,Cong Ty Co Phan Vat Tu Thiet Bi Y Te,71576.54061
Philippines,Hangzhou Tianlong Steel Cylinder Co Ltd,70991.2
Vietnam,Cong Ty Tnhh Gas Venus,70565.71396000001
Vietnam,Seojin System Co Ltd,69364.45
Malaysia,Renesas Semiconductor Kl Sdn Bhd,68701.79000000001
Vietnam,Asia Pacific Gas Enterprises Co Ltd,68550.0
Philippines,Hangzhou Xiangertai Importexport Co Ltd,68353.0
Philippines,Hangzhou Xiangertai Import And Export Co,68174.0
United Arab Emirates,Auriga Gases Services Llp,67529.67
Malaysia,Eleet Cryogenics Inc,67500.92
India,Thermo Fisher Scientific,66905.37
Vietnam,Shandong Zhongneng Zhihua Energy Equipment Technology Co Ltd,66670.0
India,Shanghai Wsmos Fine Chemical Co.,66219.89
Oman,Tedsan Machinery Engineering Contracting Industry And Trade Ltd,65750.0
Vietnam,"Shandong Hongqiao Energy Equipment Technology Co., Ltd.",65600.0
Kenya,Yilteks Enerji,64074.71
Vietnam,"Wuxi Triumph Gases Equipment Co., Ltd.",64000.0
Philippines,Shanghai Qilong High Pressure Conta,63060.5
India,Acre Coking Refractory Engineering Consulting Corporation,62772.3
Saudi Arabia,Karbonsan Dry Ice And Pressure Vessels Industry Trade Joint Stock Company,62700.0
Vietnam,Nha Trang Bay Joint Stock Co Lot B13 1 St Suoi Dau Industrial Zone Cam Lam District,62125.0
Vietnam,Dragon Waves Frozen Food Factory Co. Ltd.,62125.0
Vietnam,Hongkong Bao Zun International Co Limited,61255.0
Vietnam,Advanced Sciences & Technologies Sa,60950.12614
Vietnam,Inox India Ltd,60900.0
Philippines,Cummins Power Generation Ltd,60818.6
Vietnam,Jade Beauty Trading Investment Company Ltd.,60000.0
Vietnam,Huayuan Trading Ltd Ltd,60000.0
Vietnam,Vina Peak View Technology Co. Ltd.,60000.0
India,Md Ic Ve Foreign Trade Joint Stock Company,58832.450000000004
Malaysia,Ningbo Mingxin Chemical Machinery Co Ltd,58774.52
Vietnam,Mk Chemical Co Ltd,58490.0
Qatar,Erkasis Engineering Cooling Industry Trade Joint Stock Company,58200.0
Vietnam,Asia Pacific Gas Enterprise Company Limited,58175.0
Vietnam,Smart Best Co. Ltd. Super Trade Overseas Co. Ltd.,57200.0
Vietnam,Smart Best Co. Ltd.,57200.0
India,Phuc Thanh Viet Nam Joint Stock Company Co.,57000.0
Malaysia,Jiangxi Oxygen Plant Co Ltd,56957.1
Vietnam,Isgec Heavy Engineering Ltd,56700.0
Malaysia,Zjmz Import Export Co Ltd,56052.51
Vietnam,Bs Shipping Pvt. Ltd.,55976.07536
Namibia,Anhui Cox Import Export Trading Co Ltd,55831.61
Vietnam,Azenta Uk Ltd,55231.0
Ghana,Flsmidth Inc.,55193.511999999995
Vietnam,Kunjek Viet Nam Cage No 1 Joint Stock Company,54720.33710999999
Malaysia,Megade Chong Qing Trading Co Ltd,54445.52
Philippines,Hebei Runfeng Low Temperature,54430.1
South Africa,Bharat Tanks And Vessels Llp,54391.0
Philippines,Aarti Industries Ltd,53718.0
Nigeria,Dogumak Ic Ve Dis Ticaret Limited Sirketi,53572.735
Ghana,Karbonsan Kurubuz Ve Basincli Kaplar San. Tic. Ltd. Sti.,53319.372
Malaysia,Wuxi Triump Gases Equipment Co Ltd,53308.229999999996
United States,Pt Lotte Chemical Titan Nusantara,53291.6
Vietnam,Wuhan Rui Sunny Chemical Co Ltd,53280.0
Vietnam,Cong Ty Tnhh Khi Cong Nghiep Vinasanfu,53227.82173
Vietnam,Vinasanfu Industrial Gas Company Ltd.,53227.82173
Vietnam,Cong Ty Tnhh Kobelco Compressors Viet Nam,53065.833889999994
Vietnam,Zilmet S P A,52953.45906
India,Nantong Cimc Energy Equipment Co Ltd,52894.0
Vietnam,Dongguan Mongomery Exhibition Decoration Engineering Co. Ltd.,52797.600000000006
Vietnam,Cryotech Vietnam Joint Stock Company,51850.0
Kenya,Jinja,51274.08
Vietnam,Stavian Viet Nam Holdings Co. Ltd.,51151.9747
Vietnam,Pingxiang New Hope Foreign Trade Co Ltd,51101.03195
Vietnam,Cong Ty Co Phan Stavian Toan Cau,51031.0481
Malaysia,K R R Engineering P Ltd,50998.07
Vietnam,Cisdi Thermal Environmental Engineering Co Ltd,50404.0
Vietnam,Cong Ty Tnhh May Moc Yingyi Hai Phong Lo,50216.82652
Vietnam,Nagoya Vietnam Industry Co. Ltd.,50189.113560000005
Philippines,Hangzhou Xiangertai Import And Export,50034.0
Vietnam,Thuy Thanh Chemical Gas Import Export And Trading Company Ltd,50000.0
Vietnam,Triple Golden Foam Technology Co. Ltd.,50000.0
Vietnam,Cns Electronic Materials (Viet Nam) Company Ltd.,50000.0
Malaysia,Cryolor Asia Pacific Pvt. Ltd.,49880.04
India,Smc Corporation Of America,49690.659999999996
Vietnam,Co Asia Marine Technology Co Ltd,49500.0
Saudi Arabia,Yilteks Energy Heat Machinery Manufacturing Industry And Foreign Trade Limited Company,49350.0
Vietnam,Kunshan Rezota Co,49231.0
Vietnam,Sopet Gas One Cong Ty Trach Nhiem Huu Han,49203.460609999995
Vietnam,Lowa Tech Ltd,49000.0
Vietnam,Lowa Tech Ltd Address Room 602,49000.0
Vietnam,Gas Vietnam Co Ltd,49000.0
Ghana,Steelcon Technovision Pvt Ltd,48702.4
Nigeria,Yilteks Enerji Isi Makina Iml San Ve Dis Tic Ltd Sti,47699.465000000004
Philippines,Chart Cryogenic Engineering,47256.3
Vietnam,"Jiangsu Minsheng Heavy Industry Co., Ltd.",47254.78
Vietnam,Vt Gas - Viet Nam Liquefied Gas Company Ltd.,47204.2171
Vietnam,Cong Ty Tnhh Khi Hoa Long Viet Nam-Vt Gas,47204.2171
Saudi Arabia,Mysore Ammonia Envirotech Private Limited,47144.38
Vietnam,Zhangjiagang Cimc Sanctum Cryogenic Equipment Co Ltd,47100.0
Vietnam,Castem Siam Co Ltd,46840.0
Vietnam,Kobelco Compressors Vietnam Co Ltd,46566.931410000005
Senegal,Vrv Asia Pacific Pvt. Ltd.,46227.65
Vietnam,Vsg Gas Production-Trading Services Co. Ltd.,46200.0
Vietnam,Chongqing Yahua Auto Parts Co Ltd,45735.37
Malaysia,Nantong Cimc Energy Equipment Co,45643.94
Vietnam,Changsha Ruijin Mechanical And Electrical Equipment Co Ltd,45402.0
Nigeria,Dogumak Domestic And Foreign Trade Ltd,45000.0
Vietnam,Peak View International Ltd.,45000.0
Vietnam,Tai Yuan Gases Corporation,45000.0
Vietnam,"Qingdao Sinoesco Energy Technology Co., Ltd.",45000.0
Philippines,Qingdao Hongyangyuhe Import And Export Co Ltd,44767.6
Philippines,Jingmen Hontu Special Aircraft,44000.1
Vietnam,Sperre Air Power As,43918.70192
Vietnam,Innovation Precision Vietnam Co. Ltd.,43659.83229
India,Embraer Aviation International Eai Sas,43657.38
Vietnam,Cong Ty Trach Nhiem Huu Han Sopet Gas One,43561.4912
Vietnam,4K Metal Makine Imalat Insaat Nakliyat Muhendislik Ve Endustriyel Kont,43200.0
Vietnam,Qingdao Baigong Industrial & Trading Co Ltd,43096.5
Philippines,Hangzhou Tianlong Steel Cylinder Co,42812.0
Philippines,Shanghai Eternal Faith Industry,42600.0
Vietnam,Vietnergy Company Ltd,42400.0
Philippines,Chengdu Shichen Trading Co Limited,41280.0
Vietnam,Wenling Champion Trading Ltd,41217.01
Vietnam,Zamboo Industrial Ltd,41182.53954
Uganda,Techno Africa Solutions Ltd,41090.39
Philippines,Henan Jianshen Metal Metenrial,41070.0
Nigeria,Hubei Manten Automobile Co Ltd,40432.153000000006
Vietnam,K.M. Chemical Corporation Ltd.,40320.0
Vietnam,Guangxi Pingxiang Huadong Import Export Trade Co Ltd,40243.0
Philippines,Chengdu Cryostech Equipment Co Ltd,40114.3
Uganda,Carbacid Co2 Ltd,40000.0
Vietnam,Tien Anh Import Export Company Ltd.,40000.0
Vietnam,Hi Tech Gas Equipments Harware,40000.0
Vietnam,International Transportation Serv,40000.0
Uganda,Carbacid Co2 Limited,39982.946
Vietnam,Zhongheng Viet Nam Manufacturing Company Limited,39940.840000000004
Nigeria,Cheng Li Special Automobile Co Ltd,39873.908
Vietnam,Baihang Foreign Trade Co Ltd,39860.01287
Nigeria,Goa Reklam Dsi Tic Ltd,39790.494
Nigeria,Shandong Hongqiao Energy Equipment Technology,39775.197
Vietnam,Ningbo Dsw International Co Ltd,39240.0
Thailand,Inox India Pvt. Ltd.,39209.42
India,Thermo Fisher Scientific Pte Ltd,39201.78
Oman,Lions Machinery Engineering Ltd,39000.0
Vietnam,Deyang Shandong Chemical Co Ltd,38750.0
Vietnam,Cong Ty Tnhh Innovation Precision Viet Nam,38734.99371
Vietnam,Guangxi Nanning Vision Mechanical Electrical Co Ltd,38527.33
Vietnam,Vivablast Thailand Co Ltd,38500.0
Vietnam,Bridgestone Tire Manufacturing Viet Nam Llc,38436.5403
Vietnam,Kun Shan Da Chuang Merchandise Trading Co Ltd,38434.5
United States,Linde Gas Chile S A,38407.0
Vietnam,Qingdao Pingdian Boiler Auxiliary Co Ltd,38118.0
Vietnam,Weifang Haiying Chemical Co Ltd,38000.0
Malaysia,Jiangsu Qiulin Special Energy Equipment Joint Stock Limited Co,37791.93
Vietnam,Yentec Co Ltd,37615.95744
Vietnam,Cryofortune Engineer Supply Co Ltd,37595.0
Nigeria,Gaslin Foreing Trade Company,37503.896
Nigeria,Sonmez Machine Automotive Electronics Industry Trade Ltd,37500.0
Philippines,Jiangsu Minnuo Group Co. Ltd,37171.9
Vietnam,Cong Ty Co Phan Ky Thuat Dau Khi Gt Viet Nam,37048.207259999996
Nigeria,Yilteks Enerji Mikini Iml Ve Dis Tic Ltd Sti,36992.57
Philippines,Chart Cryogenic Engineering Systems (Changzhou) Co. Ltd.,36983.0
Saudi Arabia,Cryogas Equipment Pvt. Ltd.,36771.31
Vietnam,Saifuer Gas Technology Jiangsu Co Ltd,36740.0
Vietnam,Cong Ty Tnhh Cong Nghe Cong Trinh Sheng Huei,36608.57466
United Arab Emirates,Mauria Udyog Ltd,36309.74
Vietnam,Regener International Ltd.,36256.11
Vietnam,Chantier Piriou,36120.820739999996
Nigeria,Ceva Logistics Uae Llc,35973.128
Vietnam,Epsea Electrical Equipment Co. Ltd.,35786.3183
Vietnam,Cong Ty Tnhh Thiet Bi Co Dien Epsea Viet Nam,35786.3183
United Arab Emirates,Md Ic Ve Foreign Trade Joint Stock Company,35693.44
United States,Mehmet Ozen Machinery Industry And Trade Joint Stock Company,35075.0
Philippines,Precision Storage Vessels Pvt Ltd,35009.84
Uganda,United Gas Company Llc,34970.88
Vietnam,Seojin System Co. Ltd.,34923.83
Vietnam,"Sei Electronic Components (Vietnam), Ltd.",34655.3715
Vietnam,Tomoe Vietnam Company Limited,34655.3715
United Arab Emirates,Incryo Systems Pvt. Ltd.,34606.9
Vietnam,Ningbo Weizhe Supply Chain Management Co. Ltd,34138.22102
Vietnam,Hai Au International Joint Stock Company,34080.359339999995
Vietnam,Jiangsu Minsheng Heavy Industry Co Ltd,34020.0
Philippines,Shenzhen Junlai Supply Chain Co,33958.4
Philippines,Jingmen Hongtu Special,33340.0
Vietnam,Hai Phong Industry Gas Installation And Supply Company Limited,32884.09703
Vietnam,Sheng Huei Engineering Technology Co. Ltd.,32869.83306
Philippines,Yangzhou Gao De Bao Gas Appliance Manufacture Co Ltd,32600.0
Vietnam,Cong Ty Tnhh Cung Cap Va Lap Dat Thiet Bi Khi Cong Nghiep Hai Phong,32537.54331
Philippines,Shandong Dl International Co Ltd,32347.0
Vietnam,Cns Electronic Materials Viet Nam Co. Ltd.,32000.0
Vietnam,"Zhongshan Weiqiang Technology Co., Ltd.",31939.27
Vietnam,Cong Ty Tnhh Ky Thuat He Thong Deousi Viet Nam,31521.01192
Vietnam,Vinmed Industrial Equipment Material Equipment Joint Stock Company,31431.00708
Philippines,Ningbo Sintrue Medical Instruments Co Ltd,31222.0
United Arab Emirates,Yilteks Energy Heat Machinery Manufacturing Industry And Foreign Trade Limited Company,30900.0
Vietnam,Cong Ty Co Phan Co Khi Goodtech Thon Son Duxa Nguyen Khe,30837.1535
Vietnam,Integral Materials Investment Ltd.,30720.0
South Africa,Yilteks Energy Heat Machinery Manufacturing Industry And Foreign Trade Limited Company,30700.0
Vietnam,Hongkong Best Share Company Ltd.,30630.9947
South Sudan,Uangzhou Gloryman Import,30377.946
Vietnam,Vrv Asia Paciac Pvt. Ltd.,30100.0
Malaysia,Taylor Whorton Beijing Cryogenic,30064.89
Philippines,Guangzhou City Beileimo Trade Co Lt,30013.0
Vietnam,Daikin Fluorochemicals China Co Ltd Inabata Singapore Pte Ltd,30000.0
Vietnam,Zjmz Import And Export Co Ltd,30000.0
Malaysia,Isky Chemicals Co. Ltd.,29957.99
Qatar,Cryolor Asia Pacific Pvt. Ltd.,29940.0
Malaysia,Krr Engineering Pvt. Ltd.,29689.370000000003
Vietnam,"Guangxi Pingxiang Sheng Jia Import & Export Co., Ltd.",29660.1
Vietnam,Cong Ty Tnhh Khi Cong Nghiep Messer Hai Phong Cn Yen Binh,29601.0
United States,Inoac Polytec De Mexico Sa De Cv,29188.72
Vietnam,Nantong Sanshan Trading Co Ltd,29055.72
South Sudan,Ipt Offshore,29031.388
India,Beximco Pharmaceuticals Ltd.,29003.84
Malaysia,Jiangsu Tianhongan Building,28525.55
Vietnam,Taylor Warthon Malaysia Sdn Bhd,28470.0
Vietnam,Atlas Copco Vietnam Co. Ltd.,28462.47764
Vietnam,Guangzhou Riyu Mechanical Electronic Engineering Co Ltd,28288.0
Vietnam,Goodtech Mechanical Joint Stock Company,28182.393500000002
South Sudan,Pagarani General Trading Co,28053.819
Philippines,The Viking Corporation (Far East) Pte. Ltd.,27837.0
Vietnam,Nanjing Ocean Industry Co. Ltd.,27800.0
Philippines,Zjmz Import And Export Co Ltd,27701.1
Kenya,Anema Trucks And Spare Parts,27524.47
Vietnam,Cong Ty Co Phan Nang Luong An Phu,27447.7673
Vietnam,"Nanning Gaoli Industrial And Trading Co., Ltd.",27363.85054
Vietnam,Shandong Rising International Trade Co Ltd,27246.0
Vietnam,Quang Minh Industrial Gas Trading Co. Ltd.,27189.12435
Vietnam,Cong Ty Tnhh Thuong Mai Khi Cong Nghiep Quang Minh,27189.12435
Vietnam,Mig Company Ltd.,27000.0
Vietnam,Inno Air Co Ltd,27000.0
Philippines,Xinxiang Chengde Energy Technology Equipment Co Ltd,26944.0
Thailand,Lg Electronics Vietnam Hai Phong Coltd,26880.0
Philippines,Hangzhou Shanhai Supply Chain Co. Ltd,26800.899999999998
Malaysia,Dowell Schlumberger M Sdn Bhd,26772.34
Malaysia,Hefei Kefu Import And Export Trading Co Ltd,26704.07
Vietnam,Zamboo Industrial Ltd.,26700.200034
Saudi Arabia,Soylu Exhaust And Automotive Joint Stock Company,26693.75
Vietnam,Hong Kong Hailiang Metal Trading Ltd,26633.47
South Africa,Ergil Grup Construction Machinery Manufacturing Import Export Industry And Trade Ltd Co,26537.28
Vietnam,Cong Ty Tnhh Dau Tu & Che Tao Co Khi Ha Noi,26452.38094
Vietnam,Ha Noi Mechanical Investment Manufacturing Company Ltd,26452.38094
Philippines,Smart Gas Pte Ltd,26373.0
Philippines,Guangzhou Chuankong General,26241.2
Vietnam,Cong Ty Co Phan Ky Thuat Dau Khi Gt,26184.05852
Nigeria,Maru Muhendislik Danismanlik Ithalat Ltd,26112.069
Kenya,Isisan Isi Sanayi Ve Tic As,26097.27
Vietnam,Sed Hong Kong Company Limited,26088.24
Nigeria,Maru Muhendislik Danismanlik Ihracat Ltd Sti,25980.165
Nigeria,Maru Muhendislik Danislik Ithalat Ihracat Ltd Sti,25920.226
Nigeria,Greenville Liquefied Natural Gas Company Ltd,25690.296
Vietnam,Trach Nhiem Huu Han Sopet Gas One Co Ltd,25523.92048
Vietnam,Hefei Cement Research And Design Institute Corp,25188.0
Vietnam,Kg International,25179.0
Vietnam,Supero Seiki Global Vn Company Limited,25031.6
Vietnam,Viet Nam Electronic Material Company Ltd.,25000.0
Philippines,Linyi Yongquan Import Export,24976.0
India,Global Products Industries Singapore Pte Ltd,24950.0
United States,Soylu Exhaust And Automotive Joint Stock Company,24800.0
Vietnam,Cong Ty Tnhh Fine Ms Vina,24795.0
Vietnam,Cong Ty Tnhh Mot Thanh Vien Long Chien,24584.63856
Vietnam,Long Chien Company Ltd.,24584.63856
Vietnam,Grand Intercontinental (Asia) Group Ltd.,24500.0
Vietnam,Zhejiang Jindun Pressure Vessel Co Ltd,24400.0
Vietnam,Mve Biologigal Solutions Us Llc,24139.84
South Africa,Martin Engineering Machine Industry And Trade Ltd,24047.64
Uganda,Zjmz Import And Export Co Ltd,24023.95
Vietnam,Jinko Solar Vietnam Industries Company Limited,24000.0
Vietnam,Deousi System Engineering Co Ltd,23782.06904
Vietnam,Thermo Fisher Scientific,23700.0
Vietnam,Ea Construction Hong Kong Co Ltd,23608.320000000003
Vietnam,Smc Corporation,23557.3502
Nigeria,Yilteks Enerji,23370.31
Saudi Arabia,Fabtech Technologies Limited,23347.74
Vietnam,Kaiping City Wilson Tading Co Ltd,23200.0
Vietnam,Xinxiang Aokai Cylinder Co Ltd,23040.0
United States,Aoc Mexico Sa De,23000.0
Vietnam,Cong Ty Co Phan Xay Dung Sotek,22964.62802
Vietnam,Sotek Construction Corporation,22964.62802
Vietnam,Hunan Jhcrc Cleanroom System Co Ltd,22925.78
Philippines,Hebei Runfeng Low Temperature Equip,22859.4
Vietnam,"Shandong Yongan Heli Cylinder Co., Ltd.",22800.0
Vietnam,Hongkong Best Share Company Limited,22750.2
Vietnam,Mariso Viet Nam Co. Ltd.,22750.0
India,Tuv Sud Rail Gmbh,22366.08
Vietnam,Shandong Yongan Heli Cylinder Co Ltd,22227.92
Vietnam,Guangxi Pingxiang Shengxing Imp Exp Trade Co Ltd,22172.0
Malaysia,Smc Corporation (Singapore) Pte. Ltd.,22104.16
Vietnam,Cong Ty Tnhh Dau Tu Va Phat Trien Dau Khi Nam Viet,22078.35964
Vietnam,Moon Environment Technology Co Ltd,22045.0
Vietnam,Nam Viet Petrol Development And Investment Company Limited,21948.402
Vietnam,Asia Clean Energy Sdn Bhd,21900.0
Malaysia,Shen Zhen Wei Bo Mechanical And Electrical Ltd,21884.65
Vietnam,Bridgestone Tire Manufacturing Vietnam Llc Limited Liability Company,21851.313990000002
Vietnam,Cong Ty Tnhh May Moc Thiet Bi Aofuke Viet Nam,21789.8962
Vietnam,Maritime & Industrial Service,21626.98412
Vietnam,Cong Ty Co. Phan Dich Vu Cong Nghiep Hang Hai,21626.98412
Nigeria,Sino Howo Truck Co Ltd,21550.902
Malaysia,Mega Alliance Gases Viet Nam Co. Ltd.,21532.95
Vietnam,Nanjing Chope International Engineering Co Ltd,21505.0
Vietnam,Sigma Engineering Joint Stock Company,21436.57248
Nigeria,Merit Resources Hongkong Limited,21291.647
Vietnam,Via Mechanics Vietnam Co. Ltd.,21135.57012
Vietnam,Sam Gas Projects (P) Ltd.,21100.0
Vietnam,Kunshan Fulishun Environmental Protection Technology Co. Ltd,21080.0
India,T G Automotive Ltd,21073.489999999998
Philippines,Guangzhou Chuankong,21063.0
Vietnam,Halliburton International Gmbh,21000.0
Vietnam,Moon Enviroment Technology Co Ltd,20966.0
Vietnam,Cong Ty Tnhh Thuong Mai Va Dich Vu Sinh Thinh,20909.12695
Vietnam,Sinh Thinh Trade And Service Co. Ltd.,20884.25392
Vietnam,Ha Long Industrial Gas Co Ltd,20611.12233
Kenya,Tedsan Machinery Engineering Contracting Industry And Trade Ltd,20500.0
Nigeria,Henan Jianshen Metal Metenrial Co L,20420.195
Vietnam,Unika Vie Pan Co. Ltd.,20400.0
Vietnam,Takaishi Industry Co. Ltd.,20400.0
Vietnam,Bach Ho Commercial Petroleum Service One Member Liability Company,20341.80576
Vietnam,Cong Ty Tnhh Mot Thanh Vien Thuong Mai Dich Vu,20341.80576
Vietnam,Ha Long Industrial Gas Co. Ltd,20239.84485
Vietnam,Khi Cong Nghiep Ha Long Cong Ty Tnhh,20239.84485
Malaysia,Air Products Malaysia Sdn Bhd,20184.61
Malaysia,Amkor Technology Malaysia Sdn. Bhd.,20170.54
Vietnam,Zamboo Industrial Limited,20123.160252
Oman,Guven Bombe And Pressure Vessels Joint Stock Company,20085.0
Vietnam,Inox India Limited,20014.66
Vietnam,Vietnergy Co. Ltd.,20000.0
Vietnam,Tien Anh Import Export Company Ltd,20000.0
United States,Praxair Panama Sa,20000.0
Vietnam,Cong Ty Tnhh Vietnergy,20000.0
Vietnam,Mega Alliance Gases Vietnam Co. Ltd.,20000.0
Malaysia,Mat-Gas Trading,20000.0
Vietnam,South Basic Chemicals Joint Stock Company,19960.0
Vietnam,Cong Ty Tnhh Zhongheng Viet Nam Manufacturing Limited Liability Company,19929.0
Malaysia,Taylor Wharton Beijing Cryogenic,19777.96
Qatar,Global Gases Malaysia Sdn Bhd,19711.93
Uganda,Oxymat As,19582.2
India,Connexxions Llc,19564.06
Vietnam,Yangzhou Giant Machinery Co Ltd,19200.0
India,Spectra Oxygen Ltd.,19175.32
Philippines,Shaoxing Kwanmin Fire Fighting Equi,19168.0
Vietnam,Jiangsu China Electronics Advanced Technology Development Co. Ltd,18934.0
Vietnam,Cong Ty Cp Nippon Sanso Viet Nam,18912.62135
Vietnam,Aofuke Vietnam Machinery Equipment Co. Ltd.,18771.74753
Malaysia,Ningbo Forward Relay Corp Ltd,18758.42
Malaysia,Qingdao Lofto Machinery Tech Co Ltd,18717.19
United Arab Emirates,Ergil Grup Construction Machinery Manufacturing Import Export Industry And Trade Ltd Co,18690.0
Vietnam,Cong Ty Tnhh Lap Dat Co,18650.11817
Vietnam,"Jiangsu Meixinting International Trade Co., Ltd.",18650.0
Vietnam,Nanjing Ocean Medical Products Co Ltd,18591.0
Vietnam,Viet Anh Industrial Gas Company Ltd,18468.25905
United States,Ard Viet Nam Company Ltd.,18200.0
India,Lotte Chemical Titan (M) Sdn. Bhd.,18165.74
Nigeria,Dsd Foreign Trade Inc,18000.0
Vietnam,Shaanxi Sinochem Lantian New Chemical Material Co Ltd,17940.0
Vietnam,Cong Ty Tnhh Thiet Bi Co Dien Huada,17918.28747
Kenya,Fe Sa Makina Pet Ins Gida Elekrik Ltd Sti,17911.760000000002
Vietnam,Wuhan Rui Sunny Chemicalco Ltd,17640.0
Vietnam,Cong Ty Tnhh Thiet Bi Dien May Hong Yuan Viet Nam,17590.52513
Philippines,Inox India Private Liited,17485.0
Vietnam,Fuji Trading Co Ltd,17463.59126
Ghana,Dogumak Ic Ve Dis Ticaret Ltd,17450.815
Philippines,Sintrue Medical Instruments,17101.6
Vietnam,Fujian Longking Co Ltd,17000.0
Philippines,Henan Jian Shen Metal Metenrial Co Ltd,16985.6
Vietnam,Innovation Precision Vietnam Company Limited,16931.0743
Vietnam,Indochina Gas Joint Stock Company,16869.23932
Qatar,Emerson Process Management Chennai Pvt Ltd,16861.21
Kenya,Yilteks Enerji Isi Makinaiml San Ve Tic Ltd,16801.16
Vietnam,Cong Ty Tnhh Nichiden Viet Nam,16739.10543
Nigeria,Yantai Jereh Petroleum Equipment Technologies Co Ltd,16735.202
Vietnam,Dragon Waves Frozen Food Factory Company Limited,16625.0
Ghana,H C International Co Ltd,16554.47
Vietnam,Nichiden Vietnam Co. Ltd.,16494.5764
Vietnam,Fuding Mechanical And Electrical Installation Ltd,16333.33331
Malaysia,Linde Malaysia Sdn. Malaysia,16303.07
Vietnam,Jiangsu Minsheng Heavy Industry Co. Ltd.,16281.3
Vietnam,Vsg Gas Production Trading Services Company Limited,16280.0
Vietnam,"Guangxi Pingxiang Hengyi Trading Co., Ltd.",16111.0
Vietnam,Hk Apk Ltd.,16000.0
Vietnam,Cong Ty Tnhh Cong Nghiep Nam Han Viet,15972.08582
Vietnam,Zhejiang Yuanhua Machinery Co Ltd,15900.0
Vietnam,Cong Ty Co Phan Co Dien My Nhat Viet,15861.05712
Vietnam,My Nhat Viet Electrical Engineering Joint Stock Company,15861.05712
South Africa,Gd Automotive Joint Stock Company,15732.27
Vietnam,Sing Swee Bee Vietnam Co. Ltd.,15725.0
Kenya,Fe Sa Makina Petrol Insaat Gida Electrik Ltd,15652.4
Vietnam,Huu Han Sopet Gas One Cong Ty Trach Nhiem Huu Han,15494.343
Vietnam,Long Thanh Petroleum Chemical Joint Stock Company,15415.68163
Vietnam,Cong Ty Co Phan Hoa Chat Dau Khi Long Thanh,15415.68163
Vietnam,Huaxiang Mechanical And Electrical Co Ltd,15248.36349
Vietnam,Cong Ty Tnhh Co Dien Phu Hai,15248.36349
Vietnam,Cong Ty Tnhh Cong Nghiep Qd Viet Nam,15244.895180000001
Vietnam,Suzhou Everich Imp And Exp Co Ltd,15081.0
Vietnam,Galaxy Corp.,15060.0
Vietnam,Fuding Mechanical And Electrical Installation Limited,15039.15678
Vietnam,Cong Ty Trach Nhiem Huu Han Phat Trien Cong Nghe In 3D,15002.04734
Philippines,Ningbo Mingxin Chemical Machinery Co Ltd,15000.0
Uganda,Frozen Busra Bilgic,15000.0
Vietnam,Kunming Xiaoming Trading Co,15000.0
Vietnam,"Shandong Hiking International Commerce Group Co., Ltd.",15000.0
Vietnam,Ga Il Company Ltd.,15000.0
Nigeria,Hebei Juwang Special Purpose Vehicle Manufacture Co Ltd,14974.862
Vietnam,Wuhan Wellsong Intl Co. Ltd.,14940.0
United Arab Emirates,P M Enterprise,14933.939999999999
Vietnam,Guangxi Pingxiang Hongfa Import Export Trade Co Ltd,14829.38464
Vietnam,Cong Ty Tnhh Makoto Sangyo Viet Nam,14747.124650000002
Vietnam,Sopet Gas One Company Limited,14713.7428
Nigeria,Tedsan Machinery Engineering Contracting Industry And Trade Ltd,14550.0
United States,Architectural Lighting Works,14387.74
Vietnam,Jinsung Ind Co. Ltd.,14368.25
Vietnam,Kingtank Container Manufacture Co Ltd,14368.0
Saudi Arabia,Md Ic Ve Foreign Trade Joint Stock Company,14335.57
United Arab Emirates,Yakut Kazan Machinery Manufacturing And Engineering Industry Import Internal Trade Ltd. Co.,14125.43
Vietnam,"Nantong Sanshan Trading Co., Ltd.",14115.420000000002
Nigeria,Guven Bombe And Pressure Vessels Joint Stock Company,14100.0
Uganda,Zhangjiagang City Fill Tech Beverage Machinery Co Ltd,14086.61
Nigeria,Guven Bombe Ve Basincli Kaplar As,14003.068
Ghana,Betsima Engineering Industry And Trade Ltd,14000.0
Vietnam,Hkp Khanh Hoa Company Limited,14000.0
Vietnam,Nam Han Viet Industrial Co. Ltd.,13985.19521
Vietnam,Cong Ty Tnhh Co Dien Huaxiang,13926.49902
Vietnam,Huaxiang Mechanical And Electrical Co. Ltd,13926.49902
Vietnam,Dalian Creditchem Semiconductor Materials Co Ltd,13780.0
Vietnam,Shenzhen Dali General Equipment Co Ltd,13696.0
Philippines,Ningbo Sintrue Medical,13666.2
Malaysia,Cryofortune Engineer Supply Co Ltd,13655.34
Malaysia,Linde Malaysia Sdn Malaysia,13653.01
Philippines,Denair Energy Equipment Co Ltd,13618.199999999999
Vietnam,Lua Viet Industry Company Limited,13607.96563
Vietnam,Cong Ty Tnhh Cong Nghe Lua Viet,13607.96563
Vietnam,Cong Ty Tnhh San Xuat Cong Nghe Biel Crystal,13600.0
Vietnam,Biel Crystal Technology Production Company Limited,13600.0
Nigeria,Goa Reklam Dis Tic Ltd Sti,13459.816
Vietnam,K M Chemical Corporation Ltd,13440.0
Kenya,Tedsan Makine Muhensilik Taahhut San Tic Ltd Sti,13334.03
Philippines,Linyi Yongquan Import And Export Co Ltd,13320.0
Ghana,Akici Trade Freight Ithalat Ihracat Ticaret Ltd Sti,13138.736
Vietnam,Cong Ty Tnhh Thiet Bi Cong Nghiep Na Bi Cong Ty Tnhh,13092.80902
Vietnam,Taizhou Zhongheng Machinery,13071.5611
Vietnam,The Viking Corporation,13050.0
Vietnam,"Taizhou Gelasuo Technology Co., Ltd.",13032.0
Malaysia,Dafeng Hong Rong Trading Co Ltd,13013.67
Nigeria,Jingmen Hongtu Special Aircraft Manufacruring Co Ltd,12990.083
India,Aircom Zhejiang General Equipment,12985.67
Vietnam,Huada Electromechanical Equipment Co. Ltd.,12963.68603
Ghana,Goitom Ghedlu Yosief,12833.203
United States,Upl Ltd.,12825.3
Malaysia,Tri Unity Machinery Co Ltd,12728.119999999999
Vietnam,Cong Ty Tnhh Lap Dat Co Dien Fuding,12722.37192
Vietnam,Cong Ty Tnhh Topscience Viet Nam,12601.18613
Vietnam,Topscience Vietnam Co. Ltd.,12601.18613
Kenya,Cryoteknak Basinali Kaplar Project,12565.0
Vietnam,Vinhthinh Industrial Equipment Co. Ltd.,12558.48162
Vietnam,Yongkang Jingfei Trading Co Ltd,12496.12
India,Xinxiang Jinxin Import And Export Machinery Co Ltd,12483.09
India,Flowserve Fluid Motion And Control,12258.12
Vietnam,Atlas Copco Vietnam Company Limited,12000.0
Vietnam,Fluides Service Technologies,12000.0
Vietnam,Brothers Gas Bottling And Distribution Co. Llc,12000.0
Vietnam,Nam Theun 2 Power Company Ltd,12000.0
Vietnam,Cong Ty Tnhh Linh Kien Dien Tu Sei Viet Nam,11820.33095
Vietnam,Air Water Engineering Inc,11805.63249
Vietnam,Auguste Cryogenics Slovakia S.R.O.,11801.10768
Vietnam,Right Mark International Co. Ltd.,11800.0
United Arab Emirates,Soylu Exhaust And Automotive Joint Stock Company,11781.14
United Arab Emirates,Precision Storage Vessels Pvt Ltd,11780.23
Vietnam,Hanvo Shangha Safety Products Co Ltd,11769.654999999999
India,Hangzhou Linan Xinran Solar Equipment Co Ltd,11728.67
United States,Ingenieria Y Electrosistemas S A De C V,11700.0
Vietnam,Cong Ty Tnhh Linh Kien Dien Tu Sei,11605.41585
Vietnam,Cong Ty Tnhh Cong Nghe Cong Trinh Sheng Hieu,11565.04954
Vietnam,Makoto Sangyo Vietnam Co. Ltd.,11508.772710000001
United Arab Emirates,Global Gases Malaysia Sdn Bhd,11394.109999999999
Vietnam,Khi Cong Nghiep Ha Long Co Ltd,11308.08179
Vietnam,Chantiers Piriou,11258.306639999999
Vietnam,Thanh Phong Production And Trade Ltd. Co.,11203.09455
Vietnam,Ms Gas Corporation,11200.0
Vietnam,G Goog Luck Import Export Co Ltd,11200.0
Vietnam,A Chau Industrial Technology Joint Stock Company,11189.46
Vietnam,Hangzhou Best Gase Co Ltd,11126.34
India,Pt Polytama Propindo,10900.0
India,Polytama Propindo,10900.0
Vietnam,Viet Nhat Technology And Construction Investment Joint Stock Company,10636.4066
Vietnam,Qingdao Newstar Trading Co Ltd,10576.0
Vietnam,Ea Construction Hong Kong Co Limited,10569.849999999999
Vietnam,Shanghai Rich Gas Technology Co Ltd,10500.0
Vietnam,Cong Ty Tnhh Hui Huan Quoc Te Viet Nam,10405.571469999999
Vietnam,Lixun Technology Co. Ltd,10347.0
Vietnam,Xiamen Golden Dragon Bus Co Ltd,10256.0
Vietnam,Qingdao Ruiming Blue Sky Energy Co Ltd,10200.0
Vietnam,Wonbang Tech Vina Co. Ltd.,10101.30023
Vietnam,Cong Ty Tnhh K Ensol Vina,10101.30023
India,Healthcare Pharmaceuticals Ltd,10092.28
Vietnam,Gas Technique & Machinery Co. Ltd.,10005.0
Vietnam,Peak View International Ltd,10000.0
United States,Grupo Coordinador En Comercio Y Reparto S.A. De C.V.,10000.0
United Arab Emirates,Air Liquide Phils Inc,10000.0
Qatar,Linde Philippines Inc.,10000.0
Qatar,Pt. Samator Taiyo Nippon Sanso Indonesia,10000.0
Vietnam,Khi Cong Nghiep Viet Anh Cong Ty Tnhh Thuong Mai,9903.2882
Vietnam,Shanghai Zhong'Anyue Trading Co. Ltd.,9855.0
United Arab Emirates,Globe Gas Equipment Industry Pvt. Ltd.,9766.91
Vietnam,Ct Cp Tu Van Thiet Ke Xay Dung Va Thiet Bi Phong Chay Chua Chay Hp,9708.73786
Vietnam,Hai Phong Fire Fighting Equipment And Construction Design Consulation Joint Stock Company,9708.73786
Vietnam,Suzhou Schweizer Valve Pipe Co. Ltd,9650.0
Vietnam,Tung Nhat Construction Company Ltd.,9593.81044
Vietnam,Na Bii Industrial Equipment Co. Ltd.,9589.20326
Vietnam,Cong Ty Tnhh Cong Trinh Xay Dung Tung Nhat,9549.48016
Vietnam,Cong Ty Tnhh Thiet Bi Cong Nghiep Vinh Thanh,9534.611700000001
Vietnam,Viet Trung Khai Son Import Export Trading Ltd. Co.,9531.96058
Vietnam,Kobelco Compressor Viet Nam Co. Ltd.,9486.96562
Vietnam,Planer Ltd,9387.52926
Malaysia,Pt Winn Appliance,9365.17
Vietnam,Ekin Endustriyel Isitma Sogutma Sanayi Ve Ticaret A S,9350.0
Vietnam,Qd Viet Nam Industry Co. Ltd.,9267.961130000002
Vietnam,Cong Ty Tnhh Ghs Vina,9262.882549999998
Vietnam,Tan Quoc Dung Trading Manufacturing Company Limited,9215.57597
Qatar,Mbm Automation Robotics,9125.4
Vietnam,Nantong Senguo Trading Co Ltd,9037.0
Saudi Arabia,Baldota Valve Fitting Co Pvt Ltd,9033.89
Vietnam,Thermo Fisher Scientific Pte L,9000.0
Vietnam,Qingdao Antech Scientific,9000.0
Nigeria,Frozen Busra Bilgic,9000.0
Vietnam,Cns Development And Investment Joint Stock Company,8970.0
Vietnam,Sinochem Environmental Protection,8970.0
South Sudan,Xingzhou Auto,8956.926
Malaysia,Pelikan Aviation Organization Tourism Advertising Transportation And Trade Ltd,8954.06
Kenya,Thermoway Thermal Devices And Machinery Industry Trade Joint Stock Company,8947.57
United States,Ademco De Juarez S De Rl De Cv,8886.93
Philippines,Multi Ppros Trading Co Ltd,8867.5
Philippines,Southern Refrigeration Engineering Co. Ltd.,8860.0
Vietnam,Delta Construction Group Co. Ltd.,8858.09708
Vietnam,Cong Ty Tnhh Tap Doan Xay Dung Delta,8823.82976
Philippines,Qingdao Big Herdsman Machiney Co Ltd,8800.0
Vietnam,Huizhou Dashun Air Conditioing Engineering Co Ltd,8776.0
Vietnam,Hong Yuan Vietnam Electric Equipment Co. Ltd.,8763.47025
Philippines,Yantai Gaea Rock Split Machinery,8735.5
Philippines,Precision Storage Vessels Private,8713.3
Vietnam,Draegerwerk Ag And Co Kgaa,8670.73952
Vietnam,Tianjin Lin Jiang Fuhai Trade Co Ltd,8655.02
Malaysia,Winn Appliance,8614.3
Philippines,Linyi Lishan Mechanical Group Co Ltd,8612.6
Philippines,Mecfie Engineering Sdn Bhd,8600.0
Vietnam,Reflex Winkelmann Gmbh,8573.21326
Vietnam,Cong Ty Tnhh Thuong Mai Khi Cong Nghiep Viet Anh,8564.97085
Namibia,Frozen Busra Bilgic,8550.0
Vietnam,Vestas Wind Systems,8388.39
Vietnam,G Tech Optoelectronics Corporation,8376.36
Vietnam,Yujin Fluid Viet Nam Co. Ltd.,8316.67332
Vietnam,Cong Ty Tnhh Yujin Fluid Viet Nam,8308.23226
Philippines,Guangzhou Yuanjun Imp And Exp Co Lt,8298.1
Vietnam,Kunshan Rezota Co. Ltd.,8219.0
Vietnam,Ztt Integrated Service Supply Chain Management Co Ltd,8195.21
Philippines,Smc Corporation Australia Pt,8178.7
Uganda,Atlas Copco Airpower N.V.,8174.610000000001
Vietnam,Cong Ty Tnhh Cong Nghiep Swan Viet Nam,8120.75169
Vietnam,Swan Industry Vietnam Co. Ltd.,8120.75169
Oman,Yakut Kazan Machinery Manufacturing And Engineering Industry Import Internal Trade Ltd. Co.,8107.67
Vietnam,Hop Luc Electromechanica Joint Stock Company,8085.10636
United Arab Emirates,Bharat Tanks And Vessels Llp,8078.81
Vietnam,Bao An Technique Service Joint Stock Company,8064.53421
Uganda,Sinopec Petroluem Engineering & Construction Jiangsu Corporation,8039.0
United Arab Emirates,Mbm Automation Robotics,8027.36
Vietnam,"Dalian Creditchem Semiconductor Materials Co., Ltd.",8000.0
Vietnam,Seoul Semiconductor Vina Co. Ltd.,8000.0
Vietnam,Air Products Singapore Industrial Gases Pte Ltd,8000.0
Vietnam,Trong Viet Hung Joint Stock Company,7987.08632
Vietnam,Ntp Group Company Limited,7871.56
Vietnam,Xiamen East Asia Machinery Industr,7853.0
Vietnam,Cong Ty Co Phan Dich Vu Ky Thuat Bao An,7850.44712
Vietnam,Sheng Huei Engineering Technology Company Limited,7773.20388
Vietnam,Hangzhou Zhikeer International Trade Co Ltd,7759.0267
Saudi Arabia,Summits Hygronics P Ltd F 739 Goldwins Avanashi Rd Coimbatore 641 014 India Tel Fax,7716.36
Vietnam,Zibo Pubang Air Compressorsales And Service Co Ltd Limited,7654.0
Vietnam,Nuoyuan Dong Li Co. Ltd.,7589.61902
Philippines,Shaoxing Kwanmin Fire Fighting,7585.4
Vietnam,Cocreation International Trade,7530.0
Vietnam,Cty Tnhh Atlas Copco Vietnam,7495.55985
Nigeria,Qingdao Ruiming Blue Sky Energy Co,7461.858
Philippines,Guangzhou Yuanjun Imp Exp Co Ltd Co Ltd,7446.8
Malaysia,Transocean Metal Products Sdn. Bhd.,7432.4400000000005
Ghana,Goitom Chedlu Yosief,7412.483
Vietnam,Vietnam Deousi System Engineering Co. Ltd.,7341.89522
Vietnam,Compkoreavina Co. Ltd.,7340.88245
Vietnam,Cong Ty Tnhh Com Korea Vina,7340.88245
Vietnam,"Xiamen King Long International Trading Co., Ltd.",7340.724
Vietnam,L K Engineering Vietnam Co Ltd,7271.40428
Vietnam,Cong Ty Tnhh Cong Trinh L & K Viet Nam Cong Ty Tnhh,7271.40428
Vietnam,Shanghai Zhong Anyue Trading Co Ltd,7200.0
Vietnam,Wuxi Xuelang Environmental Technology Co Ltd,7200.0
Uganda,Huludao Jidechang Trading Co. Ltd.,7136.04
Vietnam,Fluid Transfer International Ltd,7115.2871
Vietnam,Sph China Ltd,7097.25
Vietnam,Yantai Dadi Carbon Dioxide Blasting Machinery Equipment Co Ltd,7000.0
Uganda,Shanghai Lucky Import And Export Co Ltd,7000.0
Vietnam,Wuxi Autowell Supply Chain Management Co Ltd,7000.0
Vietnam,Cong Ty Tnhh Cong Nghiep Fu Sheng,6965.05191
United States,Southern Petroleum Construction J S,6950.0
Philippines,Tai Shan Gases Co Ltd,6934.6
Nigeria,Wessington Cryogenics Ltd,6869.122
Vietnam,Zhejiang Yongyu Home Furnishings Co,6864.68154
Vietnam,Cong Ty Co. Phan Giai Phap Cong Nghe Va Truyen Thong Victory Vietnam,6852.72083
Vietnam,"Guangxi Zhongqiao Import And Export Trade Co., Ltd.",6818.0
India,Kongsberg Maritime As,6789.13
Vietnam,Cong Ty Tnhh Cong Nghiep Lua Viet,6764.44079
Malaysia,Uniqs Gmbh,6643.97
Vietnam,Emdees Import Export Pte Ltd,6600.459999999999
Malaysia,Maschinen Und Behaelterbau Gmbh,6600.15
Vietnam,Tkg Taekwang Co Ltd,6579.28
Philippines,Shaoxing Kwanmin Fire Fighting Equipment Co Ltd,6550.0
Vietnam,Guang Dong Foster Fluid Technology Co. Ltd.,6509.24
Vietnam,Damen Shipyards Gorinchem,6503.02832
Philippines,Tai Shan Gases Co. Ltd.,6500.0
Vietnam,Thermax Ltd,6500.0
Philippines,Omega Air D O O Ljubjana,6411.83
Vietnam,Cong Ty Tnhh Thuong Mai Xuat Nhap Khau Viet Trung Khai Son,6318.53383
Uganda,Guven Bombe And Pressure Vessels Joint Stock Company,6300.0
Nigeria,Paras Project Ventures India Pvt Ltd,6289.93
Vietnam,"Dongguan Jinxinjie Intelligent Automation Technology Co., Ltd.",6250.0
Vietnam,Viet A Services And Industrial Equipment Co. Ltd.,6214.6523
Malaysia,Gas Technique & Machinery Co. Ltd.,6178.6
Vietnam,"Qingyuan Keding Electrical Equipment Co., Ltd.",6172.84
Vietnam,Viet Nam Van Vinh Co. Ltd.,6150.79365
Vietnam,Cong Ty Tnhh Van Vinh Viet Nam,6146.15964
Vietnam,Dien Tu Lac Son Co. Ltd.,6090.0
Malaysia,Linde Gas Singapore Pte Ltd,6080.31
Vietnam,Damen Shipyards Gorinchem B.V.,6039.07019
Vietnam,Turbo Srl,6012.399
Vietnam,Kunshan Miaoyuanli Ma Electionic Co Ltd,6000.0
Vietnam,Shanghai Kuangfu Industry Co Ltd,6000.0
Vietnam,Shandong Gamma Gas Engineering Co Ltd,6000.0
Ghana,Ayse Eda Kapakcioglu,5987.835
Nigeria,Sa Ibecor Nv International Beverages Corporation C,5972.897
Philippines,Imarketkorea Inc Or,5956.1
Vietnam,Honghui System Integration Technology (Jiangsu) Co. Ltd,5939.98
Vietnam,Chongqing Sunrise Trade Ltd,5933.33
Vietnam,"Kunshan Palust Industrial Equipment Co., Ltd.",5926.0
Vietnam,Cong Ty Tnhh Thiet Bi Cong Nghiep Na Bi,5918.76204
Vietnam,Jiangsu Tafu International Trade Co Ltd,5915.379999999999
Vietnam,Jiangmen Bochuan International Trade Co Ltd,5862.16
Vietnam,Kunshan Miao Yuanyanli Ma - Electionic Co,5840.0
Vietnam,"Shanghai Yuni Bothwin Industry And Trade Co., Limited",5833.18
Philippines,Modern Global Limited,5825.6
Vietnam,Shenzhen Anxin Trading Co. Ltd.,5800.0
Vietnam,Hong Ru Vietnam Technical Co. Ltd.,5779.88164
Vietnam,Cong Ty Tnhh Ky Thuat Hong Ru Viet Nam,5779.88164
Vietnam,Cong Ty Tnhh Mot Thanh Vien Co Khi & Xay Lap Mt&C,5766.32229
Vietnam,Qingdao Sinoesco Energy Technology Co Ltd,5725.2
Vietnam,Asia Pacific Gas Enterprise Company Ltd,5704.0
Vietnam,Rollman Machinery Tech Co. Ltd.,5700.0
Nigeria,Total,5654.869
Vietnam,Ngoc Ha Trading And Service Joint Stock Company,5627.6865
Philippines,Ateliers Francois Sa,5620.6
Vietnam,Changzhou Longyue Trading Co. Ltd,5620.0
Vietnam,Regener International Ltd,5600.99
Vietnam,Cong Ty Tnhh May Moc Chinh Xac Hanbell Bac Ninh,5593.84855
Nigeria,B. S. Engineering Machinery Pvt. Ltd.,5588.8
India,Hangzhou Kec Fire Chemicals Co Ltd,5588.8
Vietnam,Nagoya Vietnam Industry Co Ltd,5550.63828
South Sudan,Park Guangzhou City Yulong Foreignt,5528.32
Nigeria,Elgi Equipment Ltd.,5505.02
India,Imv Technologies,5476.05
Philippines,Shandong Yongan Heli Cylinder Co Lt,5449.6
Ghana,Crisa Middle East,5448.024
Vietnam,Shanghai Mugong Industrial Co Ltd,5442.0
Vietnam,Cong Ty Tnhh Co Dien Hanzhong,5424.36277
Malaysia,Mastercool Inc,5414.76
United States,Cornelius Manufacturing De Mexico S A De C V,5391.13
Vietnam,Cong Ty Tnhh Nuoyuan Dong Li,5371.88156
Vietnam,Taizhou Snowy Imp Exp Co Ltd,5364.0
Vietnam,"Jiangsu Lichang International Trade Co., Ltd.",5354.0
Vietnam,Go - Higher Trading (Jiangsu) Co Ltd,5353.0
Vietnam,Cong Ty Co Phan Dau Tu Xay Dung Va Cong Nghe Viet Nhat,5318.2033
Vietnam,Mechanical Technology Co Ltd,5301.77514
Vietnam,Cong Ty Tnhh Co Khi Ky Thuat,5301.77514
Vietnam,Guang Xi Rong Jin Im Export Trade Ltd Co,5254.74666
Philippines,Cangzhou Tommy International Tradi,5254.200000000001
Nigeria,Anema Trucks,5224.887
Vietnam,Fukunishi Electrical Co Ltd,5223.5022
United Arab Emirates,St Soguk Technic Inc And Foreign Trade,5200.0
Vietnam,Raybo Trading Co. Ltd.,5200.0
Vietnam,Cong Ty Tnhh Thuong Mai Dich Vu Hop Phong,5176.40137
Vietnam,Cong Ty Tnhh Dich Vu Thiet Bi Co Dien Rongshun Viet Nam,5166.72204
Vietnam,Chongqing Senci Import & Export Trade Co. Ltd.,5155.0864
Kenya,Anhui Heli Indultrial Vegicle Imp Exp Co Ltd,5145.48
Vietnam,Xinhang Hk International Trading Limited,5100.0
Vietnam,Cong Ty Tnhh Organo Viet Nam,5092.40474
Vietnam,Cong Ty Co Phan Ky Thuat Viet Son,5090.41186
Vietnam,Sumisaujana Tcm Chemicals Sdn Bhd,5089.3
Vietnam,Anjiexin Technology Co Ltd,5076.26157
Vietnam,Cong Ty Tnhh Cong Nghe Anjiexin,5076.26157
Vietnam,Cong Ty Tnhh Sp&G Vina,5061.15706
Vietnam,Sp&G Vina Company Ltd.,5061.15706
India,Renata Ltd.,5046.14
Philippines,Shandong Yongan Heli Cylinderco L,5016.1
Vietnam,Cong Ty Tnhh Xay Dung Quoc Te Chuang Xing,5007.05158
United States,Deacero S A P I De C V,5000.0
Vietnam,Joint Stock Company Tehmetall 2002,5000.0
Vietnam,Mt&C Mechanical & Construction Company Ltd.,4998.00078
United Arab Emirates,Kaghan Chemicals Co.,4995.73
Vietnam,Nuo Yuan Co Ltd,4984.21253
United States,Aceti Oxigeno S A,4965.4
Vietnam,"Qingdao Newstar Trading Co., Ltd.",4960.0
Ghana,Akici Trade Freight Lojistik Ithalat Ihracat Ticaret Limited Sirketi,4954.983
Vietnam,Huada Electromechanical Equipment Co Ltd,4954.60144
Vietnam,Cong Ty Tnhh Thuong Mai Xuat Nhap Khau Quang Duc,4933.45402
South Africa,Centre Side Express Sdn Bhd,4932.09
Vietnam,Cong Ty Tnhh Ky Thuat Va Dich Vu Sao Viet,4912.55109
Vietnam,Sao Viet Services And Technical Co. Ltd.,4912.55109
Vietnam,Cong Ty Tnhh Atlas Copco Viet Nam,4905.02224
Vietnam,Rmkh Glove Cambodia Co Ltd,4900.0
Vietnam,Organo Viet Nam Co. Ltd.,4847.9303500000005
Vietnam,Viet Nhat Industry Trading Joint Stock Company,4846.26984
Vietnam,Cong Ty Co Phan Thuong Mai Ky Nghe Viet Nhat,4846.26984
Philippines,Imarketkorea Inc,4845.44
Vietnam,Guangxi He Run Fa Im-Export Trade Ltd. Co.,4828.21744
Philippines,Koinjaya Co Ltd,4819.68
Philippines,Ningbo Yilin Int L Trading,4804.3
Vietnam,Ganzhou Ruike Energy Saving Technology Co Ltd,4800.0
Vietnam,Resonac Specialty Gas Singapore Pte Ltd,4800.0
Malaysia,Asia Technical Gas Co Pte Ltd,4788.87
Vietnam,Investcorp Group Joint Stock Company,4774.022199999999
Vietnam,G&J Electric Co. Ltd,4773.54496
Philippines,Mascot Engineering Construction Sdn Bhd,4753.0
United States,Gunderson Concarril S.A. De C.V.,4750.0
Vietnam,"Shaoxing Tonta Machinery Technology Co., Ltd.",4740.0
Ghana,Anema Trucks And Spare Parts,4706.869000000001
Nigeria,Svanosio Company Limited,4691.404
Vietnam,Global Hitech Solution Vina Company Ltd.,4642.16634
Vietnam,Zhejiang Jinhao Refrigeration Equipment Co Ltd,4641.150000000001
Vietnam,Global Hitech Solution Vina Company Limited,4620.71621
Vietnam,"Nanjing Wonfulay Precision Machinery Co., Ltd.",4620.0
United States,Valvtechnologies Pvt Ltd,4616.75
India,Doosan Bobcate North America,4601.1900000000005
Vietnam,Centec Joint Stock Company,4596.20482
Vietnam,Cong Ty Tnhh Thuong Mai Cong Nghe Nang Luong Marshell Viet Nam,4571.85
Vietnam,Marshell Energy Trading Technology (Vietnam) Company Ltd.,4571.85
Vietnam,Billion Max International Development Ltd.,4571.16
Vietnam,Saitama University,4570.37148
Vietnam,Dongguan Zhenbensi Filter Co Ltd,4570.0
Vietnam,Cong Ty Tnhh Thuong Mai Dich Vu Xuat Nhap Khau Jaguar,4526.83326
Vietnam,Wuxi Jiazeshun Imp Exp Co Ltd,4460.0
Philippines,Smc Corporation Singapore P T,4422.1
Vietnam,Cong Ty Tnhh San Xuat Thuong Mai Tan Quoc Dung,4397.57597
Uganda,Yiwu Laicai Trading Co Ltd,4393.56
Vietnam,Ningbo Jietai Building Materials Co Ltd,4370.23
Vietnam,Cong Ty Tnhh Mtv Nguyen Vu Corp,4366.98556
Vietnam,Nguyen Vu Corp One Member Llc,4366.98556
Vietnam,Nakagawa Chemical Equipment Vietnam Co. Ltd.,4332.68858
Vietnam,Cong Ty Tnhh Thiet Bi Hoa Chat Nakagawa Viet Nam,4332.68858
Vietnam,Clean Energy Technology Services Trading Co. Ltd.,4332.22878
Vietnam,Cong Ty Tnhh Thuong Mai Dich Vu Ky Thuat Nang Luong Sach,4332.22878
Kenya,Govina Metfab Opc Private Limited,4330.799999999999
Vietnam,Pingxiang Dacheng Trading Co Ltd,4320.0
Kenya,Dalgakiran Kompresor San Ve Tic Ltd Sti,4300.46
Vietnam,Haier Biomedical Hk Co Limited,4295.0
Nigeria,Camara Exim Ltd,4289.713
Vietnam,Cong Ty Tnhh Pna Viet Nam,4247.1178
Nigeria,Lancer Shanghai Intl Trading Co Ltd,4244.849
Vietnam,"Sumec International Technology Co., Ltd.",4242.0
Vietnam,Festo Pte. Ltd.,4227.13254
Vietnam,Chuang Xing International Construction Company Ltd.,4213.40079
Philippines,Nanjing Hengda Compressor Co Ltd,4210.0
Vietnam,P R T C Cambodia Co Ltd,4200.0
Vietnam,Ngoc Ha Trading And Service,4179.6256
Vietnam,Hanzhong Mechanical And Electrical Company Ltd,4163.52747
Vietnam,Viet Panel Construction Co. Ltd.,4160.33585
India,Flowserve Fluid Motion And Control Suzhou Co Lt,4134.78
Vietnam,Cong Ty Tnhh Xay Dung Viet Panel,4128.96824
Nigeria,As Agent Only,4105.504
Kenya,Hyster Europe,4094.5
Vietnam,Sk Leaveo Co Ltd,4093.29469
Vietnam,Cong Ty Co Phan Noi Thuong Bac,4088.95222
Vietnam,Cong Ty Tnhh Atlas Copco Vietnam,4043.12668
Vietnam,Fei Er Sheng Vietnam Trading Company Limited,4041.4169
Uganda,Wilmar Plantations Sdn Bhd 50250 Kuala Lumper Kua,4024.0
Vietnam,Cong Ty Tnhh Thuong Mai Fei Er Sheng Viet Nam,4021.88406
Philippines,Guangdong Xinghuoyunto Trading Co,4000.0
Vietnam,Shaoxing Tonta Machinery Technology Co Ltd,3990.0
Malaysia,Guangzhou Headway I E Trading Co Ltd,3984.61
Vietnam,Pna Viet Nam Co. Ltd.,3973.2013699999998
Malaysia,Md Ic Ve Foreign Trade Joint Stock Company,3951.14
Vietnam,Foshan Tengqi Electromechanical Equipment Co Ltd,3940.0
Vietnam,Cong Ty Tnhh Nuo Yuan,3927.60877
Vietnam,Pt. Loesche Indonesia,3910.63985
Vietnam,Damen Shipyards Gorinchem Bv,3908.48722
United States,Ingenieria Y Electrosistemas S.A. De C.V.,3900.0
Vietnam,City Vietnam Development Co. Ltd.,3865.67746
Vietnam,Cong Ty Tnhh Phat Trien Thanh Nam Viet Nam,3865.67746
Vietnam,Shanghai Mucong Industrial Co Ltd,3814.0
Vietnam,Hefei Lcfc Electronics Trading Co. Ltd,3804.0
Vietnam,Messer Llc,3802.35
Vietnam,Buccma Accumulator Tianjin Co Ltd,3800.0
Vietnam,Heesung Electronics Gz Co Ltd,3800.0
Vietnam,Cong Ty Co Phan Thuong Mai Va Dich Vu Doi Canh Viet,3767.30137
Vietnam,Temas Engineering Joint Stock Co.,3756.18494
Vietnam,Cong Ty Co. Phan Ky Thuat Temas,3756.18494
Vietnam,Guangxi Rong Jin Im Export Trade Ltd Co,3751.34304
Vietnam,"Dongxing City Liyuan Trade Co., Ltd.",3743.73221
Vietnam,Texon Co. Ltd.,3738.0
Vietnam,Atc Vina Trading & Service Co. Ltd.,3727.98032
Kenya,Brimax Canvas And Leather,3723.34
Kenya,Naz Intl Motors,3719.69
Kenya,W International Co Ltd,3706.25
Vietnam,Cong Ty Tnhh Thuong Mai Va Xay Dung Hung Phat,3700.38684
Vietnam,"Zhejiang Sike Maohua Cold Chain Technology Co., Ltd.",3667.0
Vietnam,Cong Ty Tnhh Thuong Mai & Dich Vu Atc Vina,3638.54458
Malaysia,Sinochem Lantian Trading Co Ltd,3619.96
Kenya,Guangzhou Lifei International Trade Co Ltd,3608.17
Vietnam,Trina Solar Energy Development Development Company Ltd,3600.0
Vietnam,Phuc Luan Hai Industrial Equipment Co. Ltd.,3569.5450600000004
Vietnam,Cong Ty Tnhh Thiet Bi Cong Nghiep Phuc Luan Hai,3569.54506
Malaysia,Hangzhou Pri Safety Fire Tec Co,3561.6
Vietnam,Viet Son Technology Joint Stock Company Co.,3560.57986
Vietnam,Dongxing City Liyuan Trade Co Ltd,3556.81266
Vietnam,Antek Trade And Technology Co. Ltd.,3546.58332
Vietnam,Cong Ty Tnhh Thuong Mai Va Ky Thuat Antek,3546.58332
Vietnam,Kunming Lvtian Electromechanical Equipment Co. Ltd.,3537.06598
Kenya,Elgi Equipment Ltd.,3536.87
Vietnam,Nissey (Cambodia) Co. Ltd.,3528.26
Kenya,Tvh Parts N V,3503.33
Vietnam,Ot Motor Vina Co. Ltd.,3500.0
Malaysia,Air Products Singapore Industrial,3485.91
Vietnam,Hermes Viet Nam Machinery Company,3481.62462
Vietnam,Quang Duc Import Export Trading Co. Ltd.,3471.46102
Vietnam,Kin Electronics Vietnam Company Limited,3416.33375
Kenya,Wenzhou Joneng Valves Co Ltd,3408.18
Vietnam,"Shandong Yuanle Import & Export Co., Ltd.",3400.0
Vietnam,Vietnam Welding Co Ltd,3392.5049099999997
Vietnam,Cong Ty Tnhh Han Viet Quang,3388.49486
Malaysia,Ase Electronics (M) Sdn. Bhd.,3380.52
Vietnam,Viet Son Technology Joint Stock Company,3340.21045
Philippines,Dongguan Yunbai Commercial And Trade,3334.7
Malaysia,Hysan Technology China Inc,3326.41
Vietnam,Zhejiang Xinyi Trade Co. Ltd,3325.72
Vietnam,Cong Ty Tnhh May Moc Thiet Bi Ke Lai Si Viet Nam,3310.96902
Vietnam,Pentax S P A Viale Deltindustria 37040 Veronella Verona Italy,3308.7225
Vietnam,Syc Cylinders Europe Sa,3288.7629
India,Dbl Pharmaceuticals Ltd,3279.99
India,Doosan Bobcat North America,3271.9
Malaysia,Nolek Ab,3270.97
India,Snf Sa,3254.83
Vietnam,Guangdong Xunyuan Construction Investment Co Ltd,3245.0
Vietnam,Makoto Sangyo Vietnam Company Limited,3238.35194
Vietnam,Cong Ty Trach Nhiem Huu Han Thien Phuc Dong Nai,3234.50134
Uganda,Aaru Internationalindia,3228.0
Vietnam,Thiet Bi Tan Tien Sumiden Viet Nam Dncx Cong Ty Tnhh,3200.0
Vietnam,Ningbo Gemwin Import And Export Co Ltd,3200.0
Vietnam,Sumiden Device Innovations Vietnam Co. Ltd.,3200.0
Malaysia,Airflux Malaysia Sdn. Bhd.,3162.09
Nigeria,Euro Lpg V,3157.625
Uganda,Ateliers Francois Sa Belgium,3156.52
Philippines,Ningbo Greetmed Medical Instruments Co Ltd,3136.0
Vietnam,Le Kien One Member Company Ltd.,3094.77756
Vietnam,Feng Jiang (Vietnam) Electro Mechanical Construction Co. Ltd.,3088.6498
Vietnam,Dong Anh Pressure Equipment Joint Stock Company,3086.1239100000003
Vietnam,Cong Ty Co. Phan Thiet Bi Ap Luc Dong Anh,3086.1239100000003
Vietnam,Ban Mai Engineering And Trading Company Limited,3069.31074
Vietnam,Cong Ty Tnhh Ky Thuat Va Thuong Mai Ban Mai,3069.31074
Vietnam,"Guangxi Dongxing Ruili Machinery Parts Import And Export Co., Ltd.",3042.0
Vietnam,Suzhou Leno Air Compressor Co Ltd,3040.0
Saudi Arabia,Sf Yildiz Machine Automotive Industry And Trade Ltd,3030.0
Vietnam,Cong Ty Tnhh Thiet Bi Cong Nghiep Vinh Thinh,3012.0761899999998
Vietnam,Caterpillar S A R L Singapore Branch,3005.257318
Vietnam,Cong Ty Tnhh Dien Tu Meiko Thang Long Co. Ltd.,3000.0
Vietnam,Mcga Company Limited,3000.0
Vietnam,Meiko Electronics Thang Long Co Ltd,3000.0
Vietnam,Vietnam Terminal Exception Joint Stock Company,3000.0
Vietnam,Cong Ty Tnhh Dien Tu Meiko Thang Long,3000.0
Philippines,Cangzhou Tommy International Trading Co Ltd,3000.0
Vietnam,Cong Ty Tnhh Kobelco Compressors Vietnam,2988.06314
Nigeria,China-Base Ningbo Foreign Trade Co. Ltd.,2985.893
Vietnam,Hua Feng Group Inc,2980.0
Vietnam,Cong Ty Tnhh Khi Cong Nghiep Messer Hai Phong,2973.5481
United Arab Emirates,Sri Venkateshwara Engineering,2971.66
Vietnam,Guangxi Pingxiang Shengxing Imp. & Exp. Trade Co. Ltd.,2966.0
India,Qingdao Hai'Er Biomedical,2951.56
South Africa,Urt Engineering Pressure Vessels Machinery Industry Trade Joint Stock Company,2951.49
Vietnam,Zhejiang Beehive Trading Co,2931.8
Vietnam,Anc Technology And Engineering Company Limited,2927.68577
Vietnam,Cong Ty Tnhh Ky Thuat Va Cong Nghe Anc,2927.68577
Vietnam,Guangzhou Aeomachine Equipment Co Ltd,2927.0
India,Manchester Tank & Equip Co.,2926.8999999999996
United Arab Emirates,Ozak Sinai Ve Tibbi Gaslar Industry And Trade Ltd,2921.0
Vietnam,Cong Ty Tnhh Thiet Bi Cong Nghiep Va Dich Vu Momizi,2916.2490500000004
Vietnam,Hong Kong Highsun Optoelectronic Co. Ltd.,2900.0
India,Tronox France Sas,2894.2
Vietnam,Nsn Construction And Engineering Joint Stock Company,2874.23166
Malaysia,Xinyi Internationaltrading Wuhu Co,2865.01
Malaysia,Jinan Sitrak Import Export Co Ltd,2858.39
Vietnam,Cong Ty Tnhh Xay Lap Va Thiet Bi Cong Nghiep Hanbell Sky,2854.99028
Vietnam,Noi Thuong Bac Joint Stock Company,2851.04122
Vietnam,Hermes Vietnam Machinery Co Ltd,2850.2038199999997
Vietnam,Vo Dai Trade Co Ltd,2850.0
Vietnam,Dongguan Guangqing Trading Co Ltd,2838.0
Vietnam,"Hangzhou Weibang Hydropower Engineering Co., Ltd.",2800.0
Vietnam,Resonac Specialty Gas Singapore Pte.,2800.0
Vietnam,Fujita Corporation Vietnam,2795.50827
Vietnam,Cong Ty Tnhh Fujita Viet Nam,2795.50827
Vietnam,S-Star Viet Nam Co. Ltd.,2786.9903
Vietnam,Cong Ty Tnhh Nuoyuan,2785.2998
Vietnam,Cong Ty Tnhh Sstar Viet Nam,2784.79876
Vietnam,Cong Ty Tnhh Thuong Mai Dich Vu Xuat Nhap Khau Gia Kiet Cong Ty Tnhh,2777.5220799999997
Vietnam,Han You Technology Engineering Joint Stock Company,2776.7065
Vietnam,Tp Inc,2774.07
Malaysia,Stone Inorganic Co Ltd,2758.82
Vietnam,Misumi Corporation,2756.6169200000004
Philippines,Dongguan Yunbai Commercial And Trading Co Ltd,2749.2000000000003
Vietnam,Viet Nam Air Industry Joint Stock Company,2746.13213
Vietnam,Suntra Global Co Ltd,2736.0
Vietnam,Hai Phong Petrolimex Gas Co. Ltd.,2726.9383
Vietnam,"Pingxiang City Yujie Import & Export Trade Co., Ltd.",2714.2857
Vietnam,Cong Ty Tnhh Gas Petrolimex Hai Phong,2713.93945
India,Micavac Ag,2712.84
Vietnam,Southern Refrigeration Engineering Co. Ltd.,2710.0
Vietnam,Shenzhen Jinbao Electromechanical Equipment Co Ltd,2704.0
Vietnam,Big Fish Maldives Pvt. Ltd.,2670.0
Vietnam,"Seize International Trading (Shanghai) Co., Ltd.",2658.0
Vietnam,"Guangxi Bangyou Trade Co., Ltd.",2637.7200000000003
Vietnam,Smc Corp,2636.58199
Vietnam,Changzhou Fairdale Metal Tools Co Ltd,2633.9992
Malaysia,Sri Ranganathar Industries Pvt Ltd,2600.68
Vietnam,Cgn New Energy Integrated Energy Services Shenzhen Co. Ltd.,2600.0
Malaysia,Proline Pte Ltd,2599.64
Vietnam,Chi Nhanh Cong Ty Co Phan Thuong Mai Va Dich Vu Ngoc Ha Tai Hai Phong,2578.40815
Vietnam,Gaim Regiomontana S A De C V,2571.29
Vietnam,Sinopharm Jiangsu Co. Ltd.,2560.0
Vietnam,Viet Industry Group Joint Stock Company,2535.78336
Vietnam,Cong Ty Co Phan Tap Doan Cong Nghiep Viet Phong,2535.78336
Philippines,Vectro Global Pte Ltd,2520.4
Vietnam,Cong Ty Tnhh Tae Seong Equipment Vina,2511.90474
Vietnam,Tae Seong Equipment Vina Co. Ltd.,2511.90474
Vietnam,Yiwu Xinsheng Import And Export Co Ltd,2510.0
Ghana,Foshan Grand Shine Supply Chain Co Ltd,2505.006
Vietnam,Gas Corporation,2500.0
Vietnam,Kansai Vina Production And Construction,2499.30606
Vietnam,Cong Ty Co Phan Xay Dung Va San Xuat Kansai Vina So 21 Louis Viii Kdt,2499.30606
Vietnam,Jianxing Vietnam Construction Development Co. Ltd.,2498.11648
Vietnam,Cong Ty Tnhh Phat Trien Xay Dung Viet Nam Kien Hung,2498.11648
Ghana,Shanghai Unicorn Medical Technology Co Ltd,2496.503
Vietnam,Casetek Singapore Pte Ltd,2492.7
Vietnam,Cong Ty Tnhh Tb Cn Va Dv Viet A,2491.21436
Vietnam,Danieli Co. Ltd.,2464.46
Vietnam,Cong Ty Tnhh Che Tao Thong Minh Jc,2464.3816
Vietnam,"Guangxi Pingxiang Limanying Import & Export Trade Co., Ltd.",2450.0
Vietnam,Xiamen King Long International Trading Co Ltd,2446.908
Nigeria,Amro Investments Pvt. Ltd.,2442.54
Vietnam,Rongshun (Viet Nam) Mechatronics Machinery Services Co. Ltd.,2432.12527
Vietnam,"Jinan Alton Auto Parts Co., Ltd.",2431.0
Vietnam,Guangzhou Smartcot Co. Ltd,2417.28
Vietnam,Cong Ty Tnhh May Moc Hermes Viet Nam,2416.04427
Vietnam,Dong Guan City Shuangxi Import And Export Co Ltd,2413.89
Vietnam,Bitzer Kuhlm Maschinenbau (Pty) Ltd,2405.38324
Vietnam,Energroup Llc,2403.5
Vietnam,Cong Ty Tnhh Cong Trinh Dien May Tengfei,2398.55748
Vietnam,Kunshan Lemon Import & Export Trade Co. Ltd.,2394.94
Vietnam,Shanghai Geso Systems Industrial Plc,2384.0
Philippines,Shanghai Droy Safety Technology,2382.8
Canada,Bimeda Limited Po Box 30620 00100 Nairobi Kenya,2375.134
United States,Bimeda Limited Po Box 30620 00100 Nairobi Kenya,2375.134
Vietnam,Cong Ty Tnhh Quoc Te Dumico Vina,2367.59307
Vietnam,Cong Ty Tnhh Thiet Bi Dien Yu Feng Viet Nam,2362.59145
Vietnam,Yu Feng Electrical Equipment Vietnam Co. Ltd.,2362.59145
Vietnam,"Shenzhen Prest Industrial Equipment Co., Ltd.",2360.0
Vietnam,Cong Ty Tnhh Thuong Mai Quoc Te Kim Thanh Ham Vn,2342.3866
Vietnam,T&T Thang Long Construction And Engineering Ltd. Co.,2334.51536
Vietnam,Cong Ty Tnhh Ky Thuat Va Xay Dung T&T Thang Long,2334.51536
Vietnam,Vinhthinh Industrial Equipment Company Limited,2324.3588600000003
Vietnam,Cong Ty Tnhh Dich Vu Cong Nghiep King Power,2324.19115
Uganda,"Institute For International, Cooperation And Development",2303.53
Philippines,Qingdao Hongyangyuhe Import Export Co Ltd,2297.9
Vietnam,Cty Tnhh Vintechpro,2297.2251499999998
Vietnam,Kind Tools Limited,2293.0
Vietnam,Guangxi Hongfa Trading Co Ltd,2289.8482
Vietnam,"Guangdong Growatt New Energy Co., Ltd.",2289.15
Ghana,Elgi Equipment Ltd.,2283.81
Vietnam,T&S Communications Co. Ltd.,2273.66
Ghana,Vellamo Lojistik Ve Dis Tic Ltd,2272.738
United Arab Emirates,Technomatt Engineering,2272.72
Vietnam,Rongshun (Viet Nam) Mechatronics Machinery Services Company,2272.52515
Vietnam,Cong Ty Tnhh Jaguar Hn,2236.30875
Vietnam,Jaguar Hn Ltd,2236.30875
Vietnam,Haire Biomedical Hk Co Ltd,2206.0
Philippines,Texas Pneumatic Tools Inc,2205.0
Vietnam,Hunan Vanguard Group Co Ltd,2200.0
Vietnam,The Look (Macao Commercial Offshore) Co. Ltd.,2186.13365
Vietnam,Sumisaujana Tcm Chemicals Sdn. Bhd.,2178.6
Vietnam,Unipax Co Ltd,2163.55397
Vietnam,Cong Ty Tnhh Unipax,2163.55397
Vietnam,Smc Corporation Of America,2162.01
Vietnam,Cong Ty Tnhh Air Liquid Vietnam,2139.94402
Vietnam,Hop Phong Service Trading Co. Ltd.,2139.6508999999996
Philippines,Draegerwerk Ag And Co Kgaa,2138.18
India,United Aircraft Corporation Pjsc,2136.96
India,Pjsc Uac,2132.69
Philippines,Plaengi Co Ltd 49 12,2131.1
Vietnam,K T Vina Cong Ty Tnhh Thuong Mai,2129.07297
Vietnam,Khan Industry Shanghai Co Ltd,2100.0
Vietnam,Gbos Laser Inc,2100.0
Malaysia,Scitek Global Co Ltd,2097.38
Vietnam,Yongwang Viet Nam Technology Co. Ltd.,2096.13868
Vietnam,Cong Ty Tnhh Cong Nghe Yongwang Vietnam,2096.13868
Vietnam,Jinan Alton Auto Parts Co Ltd,2093.0
Vietnam,Dai Phuc Electric Mechanical Company Ltd.,2077.79848
Vietnam,Cong Ty Tnhh Co Dien Dai Phuc,2077.79848
Vietnam,Viet Yindustry Equipment Joint Stock Co.,2071.60077
Vietnam,Hanshin Co. Ltd.,2056.89319
Vietnam,Cong Ty Tnhh Hanshin,2056.89319
Vietnam,Zhejiang Chaoyue Trading Co Ltd,2053.5
Vietnam,Cong Ty Tnhh Co Khi Ky Thuat Xay Dung Po Sung Po Sung Phong,2049.33204
Vietnam,Po Sung Mechanical Engineering And Construction Limited Liability Company,2046.8942
Nigeria,Gac Shipping Nigeria Ltd,2025.323
Malaysia,Cesco Enviromental Technologies Pte Ltd,2023.68
United Arab Emirates,Ghani Chemical Industries Ltd,2021.08
Uganda,Danyang Huahang Electric Technology Co Ltd,2019.0
Uganda,Wilmar Plantations Sdn Bhd,2012.0
Vietnam,Van Oord Ship Management B.V.,2007.66953
Vietnam,Chemgas Korea Co Ltd,2000.0
Vietnam,Zhejiang Yonghe Refrigerant Co Ltd,2000.0
Vietnam,Khang Duc Investment And Construction Joint Stock Company,2000.0
Philippines,Liaoning Chenshengyueyang Internatiional Trade Co Ltd,2000.0
Vietnam,Cong Ty Tnhh Ky Thuat Thuong Mai Sta,1999.21903
Vietnam,Sta Commercial Technical Company Ltd.,1999.21903
India,Chemigas Limited,1998.78
Vietnam,Hanbell Precise Machinery Bac Ninh Co. Ltd.,1991.4096
Vietnam,Fujian Laya Outdoor Products Co Ltd,1979.55
Vietnam,Hua Yee Industrial Co Ltd,1970.08
Vietnam,Fuzhun Precision Tooling Jiashan Co Ltd,1958.0
Vietnam,Shanghai Cunhong Marine Lifesaving Appliance Co Ltd,1950.0
Vietnam,Southern Ocean Solutions,1949.71683
Vietnam,Cty Tnhh Cn Fu Sheng Viet Nam,1943.22271
Vietnam,"Guangxi Qisu Electronic Commerce Co., Ltd.",1940.0
Vietnam,Gia Kiet Import Export Trading Services Co. Ltd.,1923.1531599999998
Vietnam,Vintechpro Company Ltd.,1920.55041
Philippines,Shandong Sollant Machinery,1910.2
Vietnam,Guangxi Pingxiang Xunjie Trade Co Ltd,1900.0
Vietnam,"Huanggang E-Port Trading Service Co., Ltd.",1899.17
Vietnam,Tung Son - Ba Ria Company Limited,1893.49112
Vietnam,Cong Ty Tnhh Tung Son Ba Ria Vung Tau,1893.49112
Vietnam,Cong Ty Tnhh Tokin Viet Nam,1891.25295
Vietnam,Psi Viet Nam Industry Joint Stock Co.,1890.60552
Vietnam,Cong Ty Co. Phan Cong Nghiep Psi Viet Nam,1887.37863
Vietnam,Hangzhou Hongxian Technology Co Ltd,1872.1999999999998
Vietnam,Cong Ty Tnhh Co Khi Chinh Xac Nhat Minh,1869.17272
Vietnam,Shanghai Yuzhen Machinery Co Ltd,1869.0
Vietnam,"Jiangsu Tafu International Trade Co., Ltd.",1857.0
Vietnam,Cong Ty Tnhh Mtv Thuong Mai Dich Vu Co Dien Lanh Long Quan Cong Ty Tnhh Mtv,1846.8232400000002
Vietnam,Kangda Board Vietnam Co Ltd,1832.9896800000001
Philippines,Shandong Sparta Machinery Co Ltd,1830.0
Kenya,Sudarshan Plastics,1822.57
Vietnam,Cong Ty Co Phan Trong Viet Hung,1821.3876
United States,Apa Engineering Pvt. Ltd.,1815.46
Vietnam,Taisei Facility Management Vn Company Limited,1812.55407
Vietnam,Viet Son Technology Jsc,1809.78051
Vietnam,Cong Ty Tnhh Phat Trien Dau Tu Xay Dung Va Dich Vu Toan Cau,1794.34656
Malaysia,Zhenhan Jiangxi Science And Technology Co Ltd,1776.35
Vietnam,Yangzhou Jingbai Automation Technology Co Ltd,1768.0
Vietnam,Shimizu Vietnam Co. Ltd.,1766.25336
Vietnam,"Jiangxi Gaojia Optoelectronic Technology Co., Ltd.",1760.0
Vietnam,Qcision Ag,1753.78866
Uganda,Aarvij International,1751.0
Kenya,Laxmi Engg Thermo Pack,1745.74
Vietnam,Cong Ty Co Phan Thiet Bi Ky Thuat Asian,1732.76857
Vietnam,Asian Technology Equipment Joint Stock Company,1732.76857
Vietnam,Viet My Development Technology Pneumatic Company Ltd.,1715.56885
Vietnam,Cong Ty Tnhh Phat Trien Cong Nghe Khi Nen Viet My,1715.56885
Vietnam,Youngone Corporation,1706.3999999999999
Vietnam,Cong Ty Tnhh Xay Dung Zyf Viet Nam,1701.09837
Vietnam,Zyf Viet Nam Construction Company Ltd.,1701.09837
Vietnam,Cong Ty Tnhh Kt Dien Xd Feng Jiang Viet Nam,1687.24443
Kenya,Govina Metfab Opc Pvt Ltd,1685.21
Vietnam,Qingdao Fest International Trading Co Ltd,1670.54
Vietnam,Dai Thuan Trading Co. Ltd.,1653.3496
Vietnam,Jco Woodenware Co Ltd,1650.0
Vietnam,Jiangyin Lingfeng International Trade Co Ltd,1647.83
Vietnam,Cong Ty Tnhh Thuong Mai Dai Thuan,1644.8618099999999
Vietnam,Jiangmen Dali Import And Export Co Ltd,1644.24
Philippines,Shandong Grace Refrigeration Equipments Co Ltd,1642.0
Vietnam,"Jinan Yingjian Auto Parts Co., Ltd.",1638.0
Vietnam,Cong Ty Tnhh Dien Hao Phuc,1631.34746
Vietnam,Hao Phuc Electricity Company Ltd.,1631.34746
Vietnam,Avina Logistics Joint Stock Company,1622.82699
Vietnam,Fukunishi Electrical Co. Ltd.,1620.81024
Malaysia,Hirochiku Asia Thailand Co Ltd,1612.24
Vietnam,Che Tao Thong Minh Jc Cong Ty Tnhh,1609.2843
Vietnam,Jc Smart Manufacturing Co Ltd,1609.2843
Vietnam,Thuc Nghiep Dat Kien Tnhh,1600.93711
Vietnam,Gentent Co. Ltd.,1600.93711
Vietnam,Sunrise Leather International Ltd,1600.0
United Arab Emirates,Lalit Engineers,1590.97
Vietnam,King Power Service Co. Ltd.,1589.74358
Vietnam,Vietnam Van Phong Trading Co. Ltd.,1587.30158
Vietnam,Cong Ty Tnhh Thuong Mai Viet Nam,1587.30158
Philippines,Xiamen Leadsun Corporation,1586.9
Vietnam,Festo Pte Ltd,1573.0589499999999
Vietnam,Saman Machinery Co Ltd Vietnam,1559.49171
Vietnam,Cong Ty Tnhh May Moc Saman Viet Nam,1559.49171
Vietnam,Dongguan Tongda Storage Serve Co. Ltd.,1556.0
Vietnam,Cong Ty Tnhh Daiichi Jitsugyo Viet Nam,1551.20303
Vietnam,"Tangshan Shushi Hardware Tools Manu, Manufacture Co. Ltd.",1549.3
Malaysia,Airflux Malaysia Sdn Bhd,1543.74
Vietnam,Cong Ty Co Phan Vat Tu Thiet Bi Y Te Cong Nghiep Vinmed,1542.614
Philippines,Guangzhou Zhanzhihang Trading,1533.1
Vietnam,Lf International Ltd.,1530.0
Vietnam,Cong Ty Tnhh Bac Ruong Thon Xa Bac Ruong,1522.84263
Vietnam,Bac Ruong Company Limited,1522.84263
Vietnam,Cong Ty Tnhh Tokin Electronics Viet Nam,1522.84263
Vietnam,Kmb Construction Mechanical And Trading Services Joint Stock Company,1520.98575
Philippines,Olymtotech Technology Development Co,1505.0
Philippines,Meltec Corporation,1500.0
Vietnam,Tway Air Co. Ltd.,1500.0
Vietnam,Qingdao Yingxiyuan Trade Co Ltd,1500.0
Vietnam,Iwatani Corporation (Singapore) Pte. Ltd.,1500.0
Vietnam,Long Tuong Mechancial Electrical Company Limited,1497.24192
Vietnam,Long Tuong Mechanical Electrical Company Ltd,1497.24192
Vietnam,Win Tech Worldwide Co. Ltd.,1480.0
Vietnam,Cong Ty Co. Phan Centec,1476.26788
Vietnam,Cong Ty Tnhh Dau Tu Phat Trien Cong Nghe Va Thuong Mai Viet Nam,1474.44699
Vietnam,Cong Ty Tnhh Thuong Mai Dich Vu Cat Phong,1463.2268
Vietnam,Catphong Trading Service Co Ltd,1463.2268
Vietnam,Quang Duc Import Export Trading Company Limited,1463.2268
Malaysia,Wuxi Origin Industry Service Co,1463.01
Vietnam,Jaguar Central Asia Technology Co Ltd,1456.31067
Vietnam,Cong Ty Tnhh Cong Nghe Trung A Jaguar,1456.31067
Vietnam,Denair Energy Equipment Co. Ltd.,1450.0
Vietnam,Hongzhun Precision Tooling Kunshan Co Ltd,1440.0
Vietnam,Loi Dinh Viet Nam Co Ltd,1436.21146
Malaysia,Tong Hang Marine Sdn Bhd,1435.08
Vietnam,Cong Ty Co Phan Indochina Gas,1429.13282
Vietnam,Shining International Trading (Jiashan) Co Ltd,1425.21
Vietnam,Cong Ty Co Phan Cong Nghe Xanh - Ecosafe,1425.03667
Vietnam,Ecosafe Green Technology Joint Stock Company,1425.03667
India,Rubix Gmbh,1419.66
Vietnam,Ziqi Compressor (Shanghai) Co. Ltd.,1408.0
Vietnam,Ningbo Baiyan International Trading Co. Ltd,1403.779992
Vietnam,Cong Ty Tnhh Ky Thuat Dien Xay Dung Feng Jiang Viet Nam,1401.40537
Vietnam,Dongguan Yunbai Commercial And Trading Co Ltd,1400.57
Vietnam,Where The Stem Shanghai Trading Co,1400.0
Vietnam,"Guangzhou Huahan Import & Export Co., Ltd.",1394.47
Vietnam,Cong Ty Tnhh Loi Dinh Viet Nam,1387.84249
Vietnam,Loi Dinh Viet Nam Co. Ltd.,1387.84249
Vietnam,Cong Ty Co Phan Thiet Bi Cong Nghiep Viet Y Co.,1384.2221299999999
Vietnam,First Green Engineering Company Limited,1381.49537
Saudi Arabia,Empire Compressor Private Limited,1380.99
Vietnam,Techcon Vietnam Joint Stock Company,1380.67061
Vietnam,Cong Ty Co Phan Techcon Viet Nam,1380.67061
Vietnam,Cong Ty Co Phan Ky Thuat First Green,1378.22423
United Arab Emirates,Nitroxtec Industrial Machine Compressed Air And Gas Solutions Industry Trade Ltd,1350.0
Vietnam,Offshore Energy Installation Joint Stock Company,1341.57739
Vietnam,Husky Injection Molding Systems Singapore Pte. Ltd.,1341.53
Nigeria,Air Liquide Nigeria,1331.076
Kenya,Denair Energy Equipment Co Ltd,1330.1
Vietnam,Best Four Trading Co. Ltd.,1326.0
Vietnam,Romaco Kilian Gmbh,1316.13732
Vietnam,Cong Ty Tnhh Thiet Bi Cong Nghiep Song Than,1308.5372
Vietnam,Song Thanh Industrial Equipment Co. Ltd.,1308.5372
Vietnam,Djf International Trade Ltd,1303.69
Vietnam,Qingdao Yundalai Trading Co Ltd,1300.0
Vietnam,Dongguan Fangyang Import An Export Co Ltd,1300.0
Vietnam,Assembly Trump Hongkong Electron Co. Ltd.,1300.0
Vietnam,Silk Invest International Co Ltd,1296.86
Vietnam,S-Mac Vina Company Ltd.,1296.68
Vietnam,Cong Ty Trach Nhiem Huu Han S Mac Vina,1296.68
Vietnam,Anhui Higasket Plastics Co Ltd,1295.88999
Vietnam,Yiwu Coolworld Imp And Exp Co Ltd,1287.0
Vietnam,Cong Ty Tnhh Thuong Mai Xuat Nhap Khau Viet Trung Khai Son Thon Tuan Di,1276.59574
Vietnam,Jinan Yingjian Auto Parts Co Ltd,1274.0
Vietnam,Rythern Viet Nam International Co. Ltd.,1272.12
Vietnam,Xuat Nhap Khau Thuong Mai Tan Long Phat Tnhh,1262.13592
Vietnam,Tan Long Phat Import Export Trading Co. Ltd.,1262.13592
Vietnam,Cong Ty Tnhh Viet Nam Recomm,1260.95404
Vietnam,Vietnam Recomm Co. Ltd.,1260.95404
Vietnam,Hanzhong Mechanical And Electrical Company Limited,1260.8353
Vietnam,Runto Trading Co. Ltd.,1260.0
United States,Duru Kompresor Machine Industry And Trade Joint Stock Company,1250.0
Vietnam,Cong Ty Tnhh Vat Tu Dien Cong Nghiep Va Kim Khi Tong Hop Bac Giang,1247.50096
Vietnam,Hustech Energy Joint Stock Company,1235.50579
Vietnam,Cong Ty Co Phan Nang Luong Hustech,1235.50579
Vietnam,Nanning Goertek Trading Co Ltd,1227.09999
Vietnam,Duerr Somac Gmbh,1223.0191499999999
United Arab Emirates,Vizen Solutions,1217.76
Vietnam,Cong Ty Tnhh Thiet Bi Nen Khi Airtec,1214.99013
Vietnam,Airtec Air Compressor Equipment Company Limited,1214.99013
Vietnam,Sms Group Gmbh,1211.2527
Vietnam,Ruey-An Co. Ltd,1200.0
Vietnam,"Heyuan Haojida Communication Equipment Co., Ltd.",1200.0
United Arab Emirates,Cantas Chemical Industry And Trade Joint Stock Company,1200.0
India,Manchester Tank Equip Co,1198.01
Vietnam,Douglas Viet Nam Company Ltd.,1190.47619
Vietnam,Cong Ty Tnhh Douglas Viet Nam,1190.47619
Vietnam,Cong Ty Co. Phan Phat Trien Cong Nghiep Binh Duong,1180.03088
Vietnam,Binh Duong Industrial Development Joint Stock Company,1180.03088
Vietnam,Hefei Corrstone Technology Co Ltd,1180.0
South Africa,Sempre Automotive Trade Ltd,1178.0
Ghana,Tvh Parts N Vbrabantstraat 15 Be 8790 Waregem Belgium,1165.94
Vietnam,Shaoxing Rehow Refrigeration Equipment Co Ltd,1165.0
Malaysia,Shandong Lingong Construction,1163.95
Vietnam,Cong Ty Tnhh Amada Viet Nam,1161.19132
Vietnam,Amada Vietnam Co. Ltd.,1161.19132
Vietnam,Ningbo Qichen International Trade Co Ltd,1152.0
Philippines,Hubei Xingda Imp Exp Trading Co Ltd,1151.2
Vietnam,Sungjin Industrial Co. Ltd.,1148.76
Vietnam,Maitian Import And Export Trade Co Ltd,1146.0
India,Gokceler Domestic And Foreign Trade Cooling Systems Joint Stock Company,1143.03
Vietnam,Billion Max International Development Limited,1138.78
Vietnam,Tetra Pak Trading (Shanghai) Co. Ltd,1134.75
India,Shanghai Sollant Energy Saving Technology Co Ltd,1131.21
Philippines,Buma Compressor Co Ltd,1130.0
Vietnam,Shenzhen Jingyi Machinery Hardware Equipment Technology Co Ltd,1129.0
Vietnam,Watakyu Seimoa Corporation,1128.27636
Philippines,Koncar Power Transformers Ltd,1123.9
Philippines,Guangzhou Zhanzhihang Trading Co,1122.6
Vietnam,Suzhou Huanyuetong International Trade Co Ltd,1122.0
Vietnam,Apex Socks And Textiles Ltd.,1120.0
Vietnam,Pnp Safety,1120.0
Vietnam,Fuel Cell Store,1120.0
United Arab Emirates,Veer Engineering India Llp,1115.63
Vietnam,Tengfei Electrical Hardware Construction Co. Ltd.,1110.27399
Vietnam,Thai Phat Construction Investment Joint Stock Company,1106.9263700000001
Vietnam,Cong Ty Cp Cong Nghanh Co Khi Viet Nam,1106.26882
Vietnam,E Conn Electronic Co Ltd,1100.0
Vietnam,Tayo Industries Sdn Bhd,1100.0
Vietnam,Parker Hannifin Singapore Pte. Ltd.,1100.0
Vietnam,Jiangsu Wankai International Trade Co Ltd,1100.0
Vietnam,Youngjin E C Joint Stock Company,1093.59164
Vietnam,Cong Ty Co Phan Youngjin E C Duong Tran Duy Hungtrung Hoa,1093.59164
Vietnam,An Phat Vina Import-Export Company Ltd.,1093.56257
Vietnam,Cong Ty Tnhh Xnk An Phat Vina,1093.56257
Nigeria,Trans Easy Logistics Co Ltd,1081.993
Uganda,"Zhangjiagang Sky Machine Co., Ltd.",1080.07
Vietnam,Smc Corporation (Vietnam) Co. Ltd.,1079.4799
Vietnam,Cong Ty Tnhh Smc Corporation Viet Nam,1079.4799
United States,American Airlines Inc,1078.74
Vietnam,Hanbell Precise Machinery Bac Ninh Company Limited,1078.16711
Vietnam,Cong Ty Co. Phan Cong Nghe Va Thuong Mai Systech,1076.31347
Vietnam,Cong Ty Tnhh Xinyongsheng,1075.89954
Vietnam,Xinyongsheng Co Ltd,1075.89954
Vietnam,Nouyuan Dong Li Company Ltd,1071.89646
Vietnam,Hd Vina Machinery And Technical Service Joint Stock Company,1070.62134
Vietnam,Cong Ty Tnhh Khkt Luxvisions Innovation,1064.6178
Vietnam,Luxvisions Innovation Science And Technology Company Limited,1064.6178
Vietnam,Cong Ty Tnhh Xay Dung Va Thuong Mai Hdd Viet Nam,1062.69082
Vietnam,Hdd Viet Nam Construction And Trading Co. Ltd.,1062.69082
Nigeria,Elte Intl,1059.868
Vietnam,Ohsung Vina,1056.41351
Nigeria,As Agents Only 25 Oudeleeuwenrui A,1050.962
Nigeria,Visser Trading,1050.962
Nigeria,Elte Internatinal,1050.962
United States,E O A Servicio S A,1050.0
Vietnam,Cong Ty Tnhh Oh Sung Vina,1048.44849
Vietnam,Qifeng Vietnam Decorative Technical Company Limited,1045.49202
Vietnam,Cong Ty Tnhh Ky Thuat Trang Tri Qifeng Viet Nam,1045.49202
Vietnam,Hyorim Vina Company Ltd.,1034.93397
Vietnam,Cong Ty Tnhh Hyorim Vina,1034.93397
Vietnam,Cong Ty Tnhh Thiet Bi Cong Nghiep Nam Phat,1034.75204
Vietnam,Nam Phat I Industrial Equipment Co. Ltd.,1034.75204
Kenya,Well O Matic,1030.04
Vietnam,Cong Ty Tnhh Hanshin Airtotech Vina,1024.17042
Senegal,Funteks Foreign Trade Ltd,1023.82
Nigeria,Motorcraft,1021.14
Saudi Arabia,Gokceler Domestic And Foreign Trade Cooling Systems Joint Stock Company,1018.98
Vietnam,Cong Ty Tnhh Compass Ii,1015.22842
Vietnam,Compass Ii Co. Ltd.,1015.22842
Vietnam,Dong Duong Industry And Service Joint Stock Company,1009.70873
Vietnam,Cong Ty Cp Dich Vu Va Giai Phap Cong Nghiep Viet Nam,1009.70873
Philippines,Sjr Machinery Limited,1008.0
Vietnam,Cong Ty Tnhh Tectiiko Technology,1004.72813
Vietnam,Tectiiko Technology Company Limited,1004.72813
United Arab Emirates,Chemigas Limited,1001.6569999999999
Vietnam,Shanghai Waysmos Fine Chemical Co Ltd,1000.0
Vietnam,China-Base Ningbo Foreign Trade Co. Ltd.,1000.0
Vietnam,Anji Linuo Electronic Technology,1000.0
Vietnam,Nanjing Tupory Power Technology Co Ltd,1000.0
United Arab Emirates,Atee Co,998.67
Vietnam,Zhong Jiang U D E Networking Electronics Corp,997.36
Vietnam,Maruman Viet Nam Machinery Services Trading Co Ltd,996.53446
Vietnam,Cong Ty Tnhh Gtech Vina,995.60175
Vietnam,Ruian Ashton Trading Co Ltd,994.4
Vietnam,Zhongshan Seasky Import Export Co Ltd,990.0
India,Shandong Ruihong Machinery Equipent,989.98
Philippines,Ckd Singapore Pte Ltd,985.3
Vietnam,Intco Recycling Resources Co Ltd,982.9
Vietnam,Cong Ty Tnhh Viet Nam Trung Nguyen,980.633
Vietnam,Ies Vietnam Co. Ltd.,976.78915
Vietnam,Cong Ty Tnhh Ies Vietnam,976.78915
Ghana,Age Enerji Uretim A S,966.364
Vietnam,Shenzhen Changjing Trading Co Ltd,966.0
Vietnam,Vietnam Trading And Technology Development Investment Company Ltd.,964.5810899999999
Philippines,Heng Lee Enterprise Corporatio,960.5
Vietnam,Cong Ty Tnhh Thiet Bi Cong Nghe Va Dich Vu Viet A So,952.38095
Vietnam,Davis Standard,950.0
Malaysia,Tianjin Oubaiwei Corp Ltd,939.94
Uganda,Pine Energy E A Ltd,937.0
India,Bloom Energy,935.01
Malaysia,Teleflex,934.36
Vietnam,Wuxi Weishi Industrial Complete Equipment Co. Ltd.,927.8
Ghana,Wenzhou Wangzheyun Trade Co Ltd,927.32
Vietnam,Kim Vuong Technology Service Trading Investment Company Ltd.,925.62974
Vietnam,Cty Tnhh Dau Tu Tm Dv Ky Thuat Kim Vuong,925.62974
Vietnam,Kim Thanh Ham Vn International Trading Company Limited,924.47591
Vietnam,Viet Trung Khai Son Import Export Trading Limited Company,924.14324
Vietnam,Cong Ty Tnhh Thuong Mai Yq Viet Nam,921.98581
United States,Zoetis Malayisa Sdn Bhd,920.99
Vietnam,Jiangxi Saifu Industry Co Ltd,920.0
Vietnam,Chi Nhanh Cong Ty Tnhh Cong Nghe Ky Thuat Phu Thai Tai Ha Noi,914.5167299999999
Vietnam,Cong Ty Tnhh May Nen Khi Hung Anh,913.70558
Vietnam,Hung Anh Air Compressor Co. Ltd.,913.70558
Vietnam,Cong Ty Tnhh Chenguang Electrical Appliances Viet Nam,912.62135
Malaysia,Shenzhen Bull New Material Tech Co Ltd,911.59
Vietnam,Ct Tnhh Cong Nghiep Qd Vietnam,910.82915
Vietnam,Jaguar Texas Valve Instruments,902.64
Vietnam,Zhejiang Jasan Holding Group Co Ltd,899.66
Vietnam,Cong Ty Tnhh San Xuat Navis Viet Nam,889.74854
Vietnam,Navis Vietnam Production Co. Ltd.,889.74854
Uganda,Fuqing Profit Express Trade Co. Ltd.,889.0
Vietnam,Cong Ty Tnhh Tho Lap Hung Yen,887.57396
Malaysia,Robert Bosch Australiapty Ltd,881.3299999999999
Vietnam,Cong Ty Co Phan Bach Lien,880.7766
Vietnam,Bach Lien Joint Stock Company,880.7766
Vietnam,Baode Energy Saving Technology Co Ltd,880.0
Vietnam,Shengyiheng Trade Co. Ltd.,880.0
United States,Siemens Gas And Power S De R L De Ejericio Nacional,875.0
Vietnam,Cong Ty Tnhh Cong Nghiep Chinh Xac Golden Chest Viet Nam,872.35814
Vietnam,Cme Solar Investment Joint Stock Company,870.743
Vietnam,Cong Ty Co Phan Dau Tu Cme Solar,870.40615
Philippines,Galileo Tp Process Equipment Srl,867.1
Vietnam,Eogas Company Ltd,866.8242
Nigeria,Duru Kompresor Machine Industry And Trade Joint Stock Company,861.92
Vietnam,Gia Kiet Import Export Trading Services Company Limited,854.36892
Vietnam,Ken Viet Nam Engineering Construction Joint Stock Company,854.35339
Vietnam,Cong Ty Co Phan Ky Thuat Xay Dung Token Viet Nam,854.35339
Vietnam,Imarket Vietnam Co. Ltd.,853.77176
Vietnam,Cong Ty Tnhh Imarket Viet Nam-Cn Ho Chi Minh,853.77176
Vietnam,Viet Trung Khai Son,851.06382
Canada,Saigon East Asia Shipping Co. Ltd.,850.26272
Vietnam,Solarspace Technology Laos Sole Co Ltd,850.0
Nigeria,Elit Shoes Machine Parts And Leather Industry Trade Ltd,848.2
Kenya,National Fire Fighting Manufacturing Fzco,847.67
Vietnam,Hefei Panda Import Export Co Ltda,845.0
Vietnam,Cong Ty Tnhh Det May & Vo Apex,840.0
South Sudan,Siemens Healthcare Pty Ltd,837.526
United States,Komsan Compressor Machine Industry And Trade Joint Stock Company,835.0
Vietnam,Yantai Xide Trade Co Ltd,832.0
Vietnam,Cong Ty Tnhh Cong Nghe Trang Tri Leon,827.5297
Vietnam,Kmv Tech Co. Ltd.,825.75727
Vietnam,Cong Ty Tnhh Dich Vu Ky Thuat Mb Solutech,825.75727
Vietnam,Cong Ty Co Phan Xay Dung Thuong Mai Dich Vu Tu Anh Doi,825.46942
Vietnam,Tu Anh Service Trading Construction Joint Stock Company,825.46942
Vietnam,Hubei Jrpacking Technology Co Ltd,820.0
Vietnam,Sz Huiyixiang Imp And Exp Co Ltd,816.0
Vietnam,Cong Ty Tnhh Tm Xnk Viet Trung Khai Son,815.53398
Philippines,Iwatani Corporation Singapore Pte Ltd,815.1
Vietnam,Tetra Pak Jurong Pte. Ltd.,812.414
Vietnam,"Vien Phong Science Technology Trading Co., Ltd.",811.6753
Vietnam,Cong Ty Tnhh Thuong Mai Khoa Hoc Ky Thuat Vien Phong,811.6753
Philippines,Olymtech Technology Development Co Ltd,809.4
Vietnam,Cong Ty Tnhh Ju Neng So,807.72261
United States,Vt Furniture Ltd,802.0
Vietnam,Xiang Nan Xin Zhe Jiang Trading Co Ltd,800.0
Kenya,Quality Packaging Tz Limited,799.95
Vietnam,Chuang Xing International Construction Co. Ltd.,793.65079
Vietnam,Cong Ty Tnhh Mot Thanh Vien Cat Lap,793.03675
Vietnam,Cat Lap One Member Llc,793.03675
Uganda,Healing Water International,792.0
Vietnam,Mensa Industries Company Limited,788.02206
Vietnam,Phu Khai Investment Co,781.2
Vietnam,Jiangxi Lenuan Heating Appliances Co Ltd,781.2
Vietnam,Cong Ty Tnhh Mensa Industries,780.94494
Vietnam,Hk Xingxun Industry Ltd.,774.0
Vietnam,Mt&C Mechanical & Construction Co. Ltd.,768.32151
Vietnam,Chongqing Rato Technology Co Ltd,767.83
Vietnam,Cong Ty Tnhh Dien Xekaman3,766.65382
Philippines,Fwu Kuang Enterprises Co Ltd,763.5
Vietnam,Khang Thinh Phat Global Company Ltd.,759.6961
Nigeria,Procestek Makina Ve Otomasyon San Tic Ltd Sti,759.349
Vietnam,Guangxi Xingshun International Logistics Co. Ltd,755.0
Vietnam,Scw Hong Kong International Group Co Ltd,751.0
Vietnam,Guangdong Zhongjiu Ying Supply Chain Co Ltd,749.01
Vietnam,"Xuancheng Mingte Agro Machinery Co., Ltd.",748.0
Vietnam,Jiangxi Lenuan Heating Appliances Co. Ltd,744.0
Malaysia,Medtronic International Trading P L Nasa,743.76
Vietnam,Topstar Worldwide Group Ltd.,742.7
Vietnam,Siemens Gamesa Renewable Energy Tec,741.61603
Vietnam,Cong Ty Tnhh Smc Corporation,741.539
Vietnam,Thaco Industries Electrical Mechanical Co. Ltd.,738.16
Vietnam,Hefei Yiquan New Energy Co Ltd,737.37
Vietnam,King Power Service Co Ltd,734.44757
Vietnam,Guangdong Jingyuan Equipment Technology Co Ltd,734.04
Vietnam,Hui Zhou Ltk Electronic Cable Ltd.,730.71
Vietnam,Dumico Vina International Co. Ltd.,729.78303
Vietnam,Kaizen Vietnam Engineering Service Company Limited,727.5851
Vietnam,Asiatec Link Trading Co Ltd,724.0
Vietnam,Champion Asia Investment Ltd.,723.41
Philippines,Shy Cloud Technololgy Co Ltd,722.0
Vietnam,L K Engineering Vietnam Co Ltd Limited,719.88882
Vietnam,Cong Ty Tnhh Cong Trinh L K Viet Nam Cao Oc,719.88882
Vietnam,Cong Ty Tnhh Tho Lap Hung Yen So,716.50902
Vietnam,Tha Lap Hung Yen Company Limited,716.50902
Vietnam,Ivory General Services,716.19352
Vietnam,Ho Kinh Doanh Dich Vu Tong Hop Thu Nga,716.19352
Vietnam,Universal Marine Medical Limited,715.1299
Vietnam,Hantek Industrial Equipment Co. Ltd.,710.6796
Vietnam,Cong Ty Tnhh Thiet Bi Cong Nghiep Hantek,710.6796
Philippines,Lancer Worldwide,709.4
Vietnam,Mi Mi Anh One Member Company Limited,709.21985
Vietnam,"Huynh Cuong Engineering Co., Ltd.",706.20353
Vietnam,Loi Dinh Viet Nam Tnhh,706.11438
Vietnam,Cty Tnhh Ky Thuat Huynh Cuong,703.38298
Vietnam,Cong Ty Tnhh Thuong Mai Dich Vu Huang Thanh Anh,702.85044
Vietnam,Dalian Special Gases Co. Ltd,700.0
Vietnam,Hangzhou City Zhiyuan Industrial Company Ltd.,700.0
Philippines,"Shanghai Sumore Industrial Co., Ltd.",697.4
Vietnam,Cong Ty Tnhh Umeco Viet Nam,696.85436
Vietnam,Umeco Viet Nam Co. Ltd.,696.85436
Vietnam,Cong Ty Tnhh Ky Thuat Phuc Hung,694.7477
Vietnam,Phuc Hung Engineering Company Ltd,694.7477
Vietnam,Fdi High-Tech Equipment Import-Export Company Ltd.,690.02434
Vietnam,Cong Ty Tnhh Dau Tu Xay Dung Va Thuong Mai Minh Phat,688.24252
Vietnam,Cong Ty Tnhh Xnk Thiet Bi Cong Nghe Cao Fdi,686.16662
Vietnam,Cong Ty Tnhh Xay Dung Cong Trinh Co Dien Yong Shun Viet Nam,685.57918
Vietnam,Cong Ty Tnhh Dich Vu Va Thuong Mai Dai An,683.32682
Vietnam,Dai An Trade And Service Co. Ltd.,683.32682
Vietnam,Linton Technologies Group,672.0
Vietnam,Srp Sadid Otomotiv Anonim Sirketi A S,665.37
Vietnam,Yuke Sports Co. Ltd,657.54
Vietnam,"Ningbo Iceage Imp. And Exp. Co., Ltd.",648.0
Vietnam,Shen Zhen Wisepower Technology Co,647.32
Vietnam,"Tianjin Morning Silicon Industry Co., Ltd.",642.5
India,Ajax Tocco Magnethermic,641.4
Nigeria,Daewoo Engineering And Construction Nigeria Limite,638.856
Vietnam,Cong Ty Tnhh Quan Ly Tai San Altara Vn,634.1828499999999
Vietnam,S.Power (Hk) Ltd.,631.22
Vietnam,Hk Huifa Trading Development Ltd.,627.25
Vietnam,Hk Wanyang Trading Ltd.,625.0
Vietnam,Cung Phat Company Ltd.,620.0
Vietnam,Genie Hk International Ltd,616.0
Vietnam,Caterpillar Singapore Branch,610.71772
India,Shanghai Sollant Energy Saving,610.11
Vietnam,Jinan Jf Co Ltd,610.0
United States,Empire Compressor Private Limited,607.15
Malaysia,Fu Success Industrial Co Ltd,601.05
Vietnam,Ishiko Viet Nam Industrial Equipment Co Ltd,600.6931
Vietnam,Guangzhou Wanhui Trading Ltd,600.0
Vietnam,Shenghong Precise Mold (Hk) Ltd.,600.0
Philippines,Denair Energy Equipment Co. Ltd.,600.0
Vietnam,Uzumcu Medical Devices And Medical Gas Systems Ind And Trade Joint Stock Company,600.0
Vietnam,Cong Ty Tnhh Quan Ly Tai San Taisei Vn,595.08859
India,Xiamen East Asia Machiney Industrial Co Ltd,591.16
Vietnam,Jiangyin Luckysun Import And Export Trade Co Ltd,590.0
Vietnam,Gianesi Edilio S.R.L.,584.0646
Vietnam,Nord Fluid S.P.A.,580.4583
Vietnam,Nichiden Vietnam Company Limited,579.89988
Vietnam,Cong Ty Tnhh Tm Dv Sakura Viet Nam,579.76809
Vietnam,Suzhou Blade Metalcutting Tools Technology Company Ltd,577.0
Vietnam,Dong Tuong Electrical Engineering Limited Company,574.96332
Vietnam,Cong Ty Tnhh Cong Trinh Co Dien Dong Tuong,574.96332
Uganda,Zhejiang Shenghao Shoes Manufacturing Co. Ltd,574.88
India,Xiamen E Trans Logistics Co Ltd,574.79
Uganda,Healing Waters International,573.0
Vietnam,Top Ye Plastic Hk Ltd.,570.0
Ghana,Jbtrading B.V.,569.979
Vietnam,Nanjing Ningyangxin International Trade Co Ltd,568.0
Philippines,Ruize Limited,565.4
Vietnam,Huizhou City Entai Technology Company Ltd,554.59
Vietnam,Shengzhou Baisihong Import Export Co Ltd,550.0
Vietnam,Guangdong Enlan Hardware Technology Co Ltd,548.86
Vietnam,Fancy Creation Industrial (Hk) Ltd,547.57
Vietnam,Japan Construction Management Joint Stock Company,544.68085
Vietnam,Cong Ty Tnhh San Xuat Cong Nghiep Tan Thai Duong,543.68932
Vietnam,Tan Thai Duong Industrial Production Company Ltd.,543.68932
Vietnam,Cong Ty Co Phan Quan Ly Xay Dung Nhat Ban,542.16403
Vietnam,Tho Lap Viet Nam Co. Ltd.,539.78408
Vietnam,Cong Ty Tnhh Tho Lap Viet Nam,539.78408
Vietnam,Zhejiang Muyuan Import Export Co Ltd,534.0
Vietnam,Cong Ty Tnhh Thuong Mai Ky Thuat Minh Chau Viet Nam,533.98057
Vietnam,Minh Chau Technology Trading Co. Ltd.,533.98057
Vietnam,Sunpack Co Ltd,530.0
Vietnam,High Tech Group Llc,527.83695
Vietnam,Shanghai Lanyue Advanced Material Technologies Co Ltd,527.78
Vietnam,Cong Ty Tnhh May Moc Thiet Bi Han Ming,526.02326
Vietnam,"Han Ming Machinery Equipment Co., Ltd.",526.02326
Philippines,Shenzhen D Port International Logistics Co Ltd,519.3
Uganda,Snb Yedek Parca Otomotiv San Ve Tic Ltd,515.0999999999999
Vietnam,Cong Ty Tnhh Dau Tu Xay Dung Long Thanh,514.39424
Vietnam,Long Thanh Construction Investment Co. Ltd.,514.39424
Vietnam,Khim Gas Trading And Production Joint Stock Company,511.79528
Vietnam,Viet Nam Trading And Technology Development Investment Company Ltd.,511.6777
India,Accuray Incorporated,510.68
Vietnam,Gtech Vina Company Ltd.,509.79608
Vietnam,Cong Ty Tnhh Phat Trien Hoa Thinh,508.07546
Vietnam,Hoa Thinh Development Company Limited,508.07546
Vietnam,Shinfox Far East Company Pte. Ltd.,507.9939
Vietnam,Cong Ty Co Phan Thuong Mai Nam Phat Hung Yen,507.9365
Vietnam,Trung Nguyen Company Limited,507.61421
Vietnam,Sinox International Group Co. Ltd.,506.13
Vietnam,Shanghai Sezer Marine Service Co Ltd,504.5
Vietnam,Nguyen Thi Ngoc Xuyen,502.9126
Vietnam,Cua Hang Kim Thinh,500.9671
Vietnam,Seoul Semiconductor Vina Co Ltd,500.0
Vietnam,"Xingtai Yashida Machinery Manufacturing Co., Ltd.",500.0
Vietnam,Xiamen Sanchang Sanitaryware Technology Co Ltd,500.0
Vietnam,Qua Tech Ltd.,500.0
Vietnam,Beijing Uec Corporation,500.0
Vietnam,Hrc Industry Ltd,498.54
Vietnam,Cong Ty Tnhh Tb Cn Va Dich Vu Viet A,492.51379
Vietnam,Festo Company Llc Trought Sia Lartrans,491.7496
Vietnam,Disa Changzhou Machinery Co,491.11723
Vietnam,Cong Ty Tnhh Festo,490.80102
Malaysia,Keysight Technologies M Sdn Bhd,488.09000000000003
Vietnam,Lam Anh Viet Nam Trading And Construction Joint Stock Company,486.99029
Vietnam,Guangzhou Guozhen Imp Exp Trading Co Ltd,482.0
Vietnam,Smart Top Group Co. Ltd,481.56
Vietnam,Midea America Corp,478.79
Vietnam,New Channel Co Ltd,476.69
Vietnam,Boqun Textile Technology Company Limited,476.0
India,Shandong Magick Intelligent Technology Co Ltd,474.82
Philippines,Histotech Engineering Sdn Bhd,472.8
Philippines,Signal Technology Ltd,469.9
Vietnam,Zibo Tuozhan Trading Co Ltd,466.0
Vietnam,Tumedei S.P.A.,465.0
Vietnam,Cong Ty Tnhh Ky Thuat Va Thiet Bi Cong Nghiep Duc Phat,464.21663
Vietnam,Duc Phat Industrial Equipment And Technology Ltd. Co.,464.21663
Vietnam,Dongguan Chuangqun Precision Machinery Co Ltd,464.178
Vietnam,Cong Ty Tnhh Ky Thuat Dich Vu Kaizen Viet Nam Chi Nhanh Hcm,462.97872
Vietnam,Rongshun Viet Nam Mechatronics Machinery Services Company Limited,462.07162
Vietnam,Ningbo Melan Foreign Trade Service Co Ltd,460.11
Vietnam,Jinan Chubo Machinery Equipment Co Ltd,460.0
Vietnam,Suzhou Dayer Mechatronic Hi Tech,456.72
Vietnam,Cty Cp Dv Ky Thuat Bao An,456.42967
Vietnam,Systech Technology And Trading Joint Stock Company,453.9353
Vietnam,Zhansheng International Trade Co. Ltd.,450.558
Vietnam,Zhejiang Sowingroup Co. Ltd,450.51
Philippines,Seize International Trading Co Ltd,450.0
Vietnam,Cong Ty Tnhh Thuong Mai Va Dich Vu,449.04334
Vietnam,Kang Won Duct Vina Trading And Service Co. Ltd.,449.04334
Philippines,Shaanxi Kaishan Mechanical,443.7
Vietnam,T T Viet Nam Construction Joint Stock Company,442.81863
Vietnam,Cong Ty Co Phan Xay Dung T&T Viet Nam Co.,442.81863
Vietnam,"Yangzhou Jingbaid Automation Technology Co., Ltd.",442.0
Vietnam,Vu Long Electrical Hardware Co. Ltd.,433.91159000000005
Ghana,Hangzhou Zhongwang Technology Co Ltd,430.228
Vietnam,Create Technology & Science Co. Ltd,427.0
Vietnam,Changsha Forland Motor Technology Co,423.83000000000004
Vietnam,Yu Feng Electrical Equipment Vietnam Co Ltd,423.56565
Malaysia,Hcr,420.06
Vietnam,Shenzhen Chengshuang Industrial Equipment Co Ltd,420.0
Vietnam,Cong Ty Tnhh Tri Binh Hung,417.86152
Vietnam,Cong Ty Tnhh San Xuat Va Thuong Mai Dtl Viet Nam,416.35272
Vietnam,Dtl Viet Nam Manufacturing And Trading Ltd. Co.,416.35272
Vietnam,Temas Engineering Joint Stock Company,415.86445
Vietnam,Ajoho Precision Co Ltd,415.28571
Vietnam,Cong Ty Co Phan Xay Dung Cong Nghiep Va Thuong Mai Thien Nhan,414.68253
Vietnam,Thien Nhan Construction Industry And Trading Joint Stock Co.,414.68253
Vietnam,Xiamen Best Market Trading Co. Ltd.,414.48
Vietnam,Cong Ty Co. Phan Sutek,414.42143
Vietnam,Sutek Joint Stock Company,414.42143
Vietnam,Yongkang Gongweiyong Trading Co Ltd,414.0
Vietnam,Dongguan Grand Advance Trading Ltd,413.0
Philippines,Guangzhou Xuerui Nuonuo,411.6
Philippines,Ansgear Com,410.5
Vietnam,Antex International Trading Co. Ltd.,406.0
India,Lighthouse International Software Hardware Solutions Industry And Trade Limited Company,400.75
Vietnam,Beacon Industries International Ltd,400.0
Vietnam,Dongguan Jingneng Machinery Technology Co Ltd,400.0
Vietnam,Jhd Vina Company Ltd.,399.84006
Nigeria,Amro Manufactuers Pvt Ltd,398.787
Vietnam,Cong Ty Tnhh Jhd Vina,396.82539
Vietnam,Cong Ty Tnhh Vintechpro,395.72583
Vietnam,Vintechpro Company Limited,395.72583
India,Richemont Dubai Fze,395.53
Vietnam,Cong Ty Tnhh Ky Thuat Dd,393.61626
Vietnam,Dd Technology Company Ltd,393.61626
Vietnam,Ko Yau Hong Kong Commercial Company Ltd.,392.26
Vietnam,Cong Ty Tnhh Wisol Ha Noi,391.29681000000005
Philippines,Huangshi Genetic Global Trdg Co Ltd,387.6
Vietnam,Cong Ty Tnhh Dau Tu Thuong Mai Power Vn,386.84719
Vietnam,Power Vn Trading Investment Company Limited,386.84719
India,Guangdong Leisolution Internet Technology Pvt Ltd,383.59
Vietnam,Cong Ty Tnhh Thuong Mai Va Ky Thuat Minh Cuong,382.34126
Vietnam,Minh Cuong Trading And Technical Company Ltd.,382.34126
Vietnam,Cong Ty Tnhh Vintechnpro,382.23611
United Arab Emirates,Real Air Technologies Private Limited,382.2
Malaysia,Jiangsu Youcheng Zhixin Mechanical And Electrical Equipment Co Ltd,382.16
Vietnam,"Pingxiang City Maitian Import And Export Trade Co., Ltd.",382.0
Vietnam,Dongguan Yuyi Trading Co Ltd,380.0
Vietnam,"Shenzhen Xingte Technology Co., Ltd.",380.0
Philippines,Hangzhou Fuyang Yixuan Technology Co Ltd,376.0
Vietnam,Cong Ty Co Phan Tkg Taekwang Moc Bai,376.0
Malaysia,Beijing Huachin Hi Tech Inc,374.51
Vietnam,Pingxiang Shunyi Imp And Exp Trade Co Ltd,372.0
Vietnam,San Yang Intelligent Technology Ltd.,372.0
Vietnam,Bigao International Supply Chain Co Ltd,371.35539
Vietnam,Cong Ty Tnhh Chuoi Cung Ung Quoc Te Bigao,371.35539
Vietnam,Tam Nam Phat Trade Co. Ltd.,370.03968
Vietnam,Cong Ty Tnhh Thuong Mai Tam Nam Phat,370.03968
South Africa,Snp Sturdy Quality Parts Automotive Construction Industry And Trade Ltd,367.97
Philippines,Jiangsu Aiyou New Material,367.3
Philippines,Zhejiang Weihuan Machinery Co Ltd,367.3
Philippines,Yangzhou Yome Stayfresh Technology,367.2
Vietnam,Wenling Foreign Trading Co Ltd 16,364.0
Vietnam,Samsung Electronics Co. Ltd,361.91
Vietnam,Cong Ty Tnhh Thuong Mai Xuat Nhap Khau Viet Trung,361.70212
Philippines,Guizhou Huatuolun Trade Co Ltd,360.9
Vietnam,"Hefei Panda Import & Export Co., Ltd.",360.0
Vietnam,May Moc Saman Viet Nam Cong Ty Tnhh,359.76789
Vietnam,Saman Machinery Co. Ltd,359.76789
Vietnam,Quoc Quang Co. Ltd.,358.65648
Vietnam,Cong Ty Tnhh Quoc Quang,358.65648
Nigeria,Arflu Mt Co Ltd,358.065
Vietnam,Aecom Industrial Equipment Company Ltd.,357.83365
Vietnam,Cong Ty Tnhh Thiet Bi Cong Nghiep Aecom,357.83365
Vietnam,Cong Ty Tnhh Testing Lian Xin Viet Nam,357.64031
Vietnam,Sujin Eng Company Ltd.,357.28155
Vietnam,Cong Ty Tnhh Sujin Eng,355.89941
Vietnam,Cong Ty Tnhh San Xuat Thiet Bi Cong Nghiep Thuan Phong,354.91682
Vietnam,Thuan Phong Industry Production Equipment Co. Ltd.,354.91682
Philippines,Dongguan Xiongyi Trade Co Ltd Room,349.3
Vietnam,Vard Singapore Pte. Ltd.,346.728
Ghana,Solipro Limited,346.619
Vietnam,Yong Shun Vietnam Mechanical And Electrical Construction Co Ltd,342.78959
Nigeria,F T Export S R L,342.727
Vietnam,Viet Tien Shop,340.88419
Malaysia,Huizhou Jy Metals Tech Ltd,337.22
Vietnam,Rose Trading And Industrial Services Ltd.,337.04746
Vietnam,Cong Ty Tnhh Thuong Mai Va Dich Vu Cong Nghiep Syn Cong Ty Tnhh,337.04746
Vietnam,Anh Minh Trading And Service Import Export Company Ltd,336.55705
Vietnam,Cong Ty Tnhh Xnk Tm Dv Anh Minh Thon Nham Capxa Dong Lac,335.00192
Vietnam,"Sumitomo Wiring Systems, Ltd.",334.990007
Uganda,Haoen Industry Co Ltd,334.0
Vietnam,Cong Ty Tnhh Thuong Mai Va Dich Vu Ky Thuat Anh Ba,332.93932
Vietnam,Tmas Technical Services And Trading Co. Ltd.,332.93932
Philippines,Smc Corporation,331.53999999999996
Vietnam,Cong Ty Tnhh Thuong Mai Scr Viet Nam,329.22603
Vietnam,Hamasho Corporation,323.27021
Philippines,Guangdong Fuhongsheng Trading,322.5
Ghana,Yiwu Yiyu Trading Company Limited,322.192
Vietnam,Viet Nam Trading Technology Development Investment Company Ltd,322.00563
Vietnam,Cong Ty Tnhh Dau Tu Phat Trien Cong Nghe Anh Duong,322.00563
Vietnam,Innovation Sound Technology Co. Ltd.,320.0
Vietnam,Germany Bauer Compressor Asia Co Ltd,320.0
Philippines,Guangdong Shunde Mengen Electronics Co Ltd,319.6
Kenya,Can Gas Systems Company Limited,316.0
Vietnam,Cong Ty Co Phan Xay Dung Va Dau Tu,312.88201
Vietnam,Visicons Construction And Investment Joint Stock Company,312.88201
Malaysia,Yimili Network Tech Co Ltd,310.55
Vietnam,Caterpillar S.A.R.L.,309.63308
Vietnam,Siemens Gamesa Renewable Energy Eol,306.31392
Vietnam,Pinyou Precision Machinery Huai An Co Ltd,306.02
Vietnam,Kyowa Co. Ltd.,304.48053
Vietnam,Hangzhou Dingyue Technology Co Ltd,302.0
Vietnam,Hk Newflash Trade Co. Ltd.,300.0
Vietnam,Hongkong New Hongtaisheng Industry Limited,300.0
Uganda,Preethi Projects Pvt. Ltd.,300.0
Thailand,Iwatani Vietnam Co. Ltd.,300.0
Vietnam,Fairytale Night Co Ltd,300.0
Vietnam,Mingalar Aviation Services Company Limited,300.0
Ghana,Good Future Trading Co Ltd,299.068
Vietnam,Ngoc Ha Trading And Service Joint Stock Company In Hai Phong,297.3948
Vietnam,Ks Heat Transfer Labels Co. Ltd.,293.0
Vietnam,Viet Nam Constructions And Electrical Equipment Joint Stock Co.,292.93244
Kenya,Panrui Compressor Co Ltd,291.1
Vietnam,"Yueqing Gq Trading Co., Ltd.",289.86
Vietnam,Smc Corporation Vietnam Company Limited,289.02083
Vietnam,Smc Corporation Viet Nam,289.02083
Vietnam,Smc Corporation Vietnam Co. Ltd.,287.5939
Vietnam,Ho Kinh Doanh Cua Hang Hung Thanh Phat,286.70409
Vietnam,Hkd Hung Thanh Phat Store,286.70409
Vietnam,New Sunshine Industry Co. Ltd.,286.0
Vietnam,Cong Ty Co. Phan Pmp Vina,284.94416
Vietnam,Pmp Vina Joint Stock Company,284.94416
Philippines,Revics Co Ltd,284.6
Malaysia,Dongguan Jialong Equipment Co Ltd,282.95
Vietnam,Jingxi City Hengsheng Trade Co Ltd Limited,282.0
Vietnam,Tianjin Gaoguma Technology Development Co. Ltd,281.68
Vietnam,Cong Ty Dien May Ngu Kim Vu Long,281.53064
Vietnam,Guangzhou Looker Machinery Co. Ltd.,281.0
India,Hvm High Vacuum Maintenance Srl,279.88
Vietnam,Shanghai Honest Compressor Co Ltd,278.0
Philippines,Xiamen Fabulous Trading Co,276.9
Vietnam,Pna Viet Nam Company Ltd.,276.39873
Vietnam,Guangzhou Yushun Import And Export Co. Ltd,275.0
Uganda,Penta Star General Trading Llc,274.43
Vietnam,Fang'S Family Corporation Limited,274.26
Vietnam,Longhorn Intelligent Tech Co. Ltd,273.4
Vietnam,Dongguan Xinyi Paper Products Co,273.0
Vietnam,Cong Ty Tnhh Sao Do Viet Nam,271.84466
Vietnam,Red Star Vietnam Co. Ltd.,271.84466
Philippines,Xiangtan Jin Zheng Tong Yuan Trade Co Ltd,271.5
Kenya,Yiwu Saizhe Import And Expoet Co Ltd,270.63
Vietnam,Thuong Mai Va Dich Vu Ngoc Ha Co Phan,268.3172
Philippines,Dongguan Yunbai Commercial,267.8
Philippines,Iwatani Malaysia Sdn. Bhd.,264.8
Uganda,Brexit Ventures Ltd,264.65
Vietnam,Cong Ty Tnhh Venmer Viet Nam,262.76115
Vietnam,Guangzhou Tiege Trading Co Ltd,260.0
Ghana,Guangzhou Airhorse Compressor Co Ltd Rm 608 610,258.78
Vietnam,Jinhua Sanjun Import Export Co Ltd,258.5
United States,Adnorte Agribodega S De Rl De Cvaeropuerto,257.2
Vietnam,Hua Rui Hong Kong Company Ltd.,255.0
Vietnam,Hoang An Bac Ninh Trading And Service Co. Ltd.,254.07915
Vietnam,Cong Ty Tnhh Thuong Mai & Dich Vu Hoang Anh Khoa Cong Ty Tnhh,254.07915
Botswana,China National Electric Engineering Co Ltd,253.01
Vietnam,Advanced Thermal Sciences,250.46
India,Hangzhou Zhongwang Technology Co Ltd,250.27
Philippines,Huawei International Pte. Ltd.,250.14
Vietnam,Fujian Meimingda Shoes Development Co Ltd,250.0
Vietnam,Yixing Sanfengyi Import And Export Co Ltd,250.0
Vietnam,Chongqing Senci Importexport Trade Co Ltd,249.48
Vietnam,Hoang An Bac Ninh Trading And Service Company Limited,248.54365
Vietnam,San Yang Intelligent Technology Limited,248.0
Vietnam,Chongqing Sun Supply Chain Ltd,248.0
Vietnam,Cong Ty Tnhh Thuong Mai Va Dich Vu Hoang An Bac Ninh,247.5822
Vietnam,"Wealth (Zhangjiagang Free Trade Zone) International Trade Co., Ltd.",247.15
Vietnam,Organo Viet Nam Company Limited,244.47439
Vietnam,Cua Hang Viet Tien,242.65358
Vietnam,Cong Ty Tnhh Esd Work Vina,236.71864
Vietnam,"Meici Trading Co., Ltd.",236.0
Vietnam,Jiaxing (Hong Kong) International Investment Ltd,236.0
Vietnam,"Shanghai Chanco Enterprise Development Co., Ltd.",233.08
Canada,Gunderson Gimsa S De,233.0
Vietnam,Thormacheatgas Garage,230.0
Vietnam,Vintechpro Co. Ltd.,229.98828
Vietnam,Dongguan Scenta Electronic Technology Co Ltd,228.0
India,Guangdong Naibang Machinery Technology Co Ltd,227.36
Vietnam,Shenzhen Haixi Cross Border Logistics Co Ltd,226.0
Vietnam,Suzhou Fengshuojia Electromechanical Technology Co Ltd,224.24
Botswana,Sempre Automotive Trade Ltd,224.16
Kenya,Al Nahda Motors Parts Trading L L,222.2
Vietnam,"Xiamen Unionta Import And Export Trading Co., Ltd.",221.75
Vietnam,Shanghai Chanco Enterprise Development Co Ltd,220.128
Vietnam,Yuke Sports Co. Ltd.,219.18
Vietnam,Chi Nhanh Cong Ty Obayashi Viet Nam,216.76128
Vietnam,Obayashi Vietnam Co.,216.50342
Vietnam,Dongguan Xinhuiyuan Trade Co Ltd,215.0
Vietnam,Ningbo Youlin Trading Co Ltd,214.29
Vietnam,Takagi Mink Co. Ltd.,213.13
Vietnam,Dongguan Chaoguang Intelligent Equipment Co. Ltd,212.0
Vietnam,Shenzhen H T Intelligent Control Co Ltd,210.3
Vietnam,Zheng Bo International Ltd,210.0
Vietnam,Kingtai International H K Ltd,208.33
Vietnam,Microtechno Corporation,204.335
Vietnam,Anh Minh Trading And Service Import Export Company Ltd.,203.04568
Vietnam,Cong Ty Tnhh Xnk Tm Dv Anh Minh,203.04568
Vietnam,Guangxi Pingxiang Zhongyue Import And Export Trade Co Ltd,200.0
Vietnam,Xnk Hong Phat Trading Co. Ltd.,200.0
Vietnam,Cong Ty Tnhh Jin Heoung Vina,200.0
Vietnam,Jiangsu Justech Precision Industry Co Ltd,200.0
Vietnam,Changshu Newyt Business Department,200.0
Vietnam,Wenzhou Beidaoy Imp And Exp Trade Co,197.11
Vietnam,Dongguan Strategic Sports Ltd,196.72
Vietnam,Stentek Engineering Inc,195.0
Vietnam,Kingmaker Iii Vietnam Footwear Co. Ltd.,194.17475
Vietnam,Cong Ty Tnhh Kingmaker Iii Vietnam Footwear,194.17475
Vietnam,Huynh Cuong Engineering Company Limited,192.52980000000002
Vietnam,Fenghua Deqian Imp And Exp Co. Ltd,192.0
Vietnam,Tkg Taekwang Moc Bai Joint Stock Co,191.0
South Sudan,Rupe 2016 Groupe,189.935
Vietnam,Shaoxing Sunton Import Export Co Ltd,189.0
Vietnam,Quanzhou Guantang Industry And Trade Co Ltd,187.05
India,Raad Systems Inc,186.2
Vietnam,Cong Ty Tnhh Vat Tu Tla,185.68664
Vietnam,Tla Materials Company Ltd,185.68664
Vietnam,Tkg Taekwang Moc Bai Joint Stock Company,185.0
Vietnam,Cong Ty Cong Ngh Chang Shin Vi T Nam,184.36206
United Arab Emirates,Empire Compressor Private Limited,184.24
Kenya,Qindao Haosail Machinery Co Ltd,182.11
Vietnam,"Jinjiang Kerui Trading Co., Ltd.",182.0
India,Syveco,181.87
Vietnam,Elang Industrial Shangai Co Ltd,180.0
Uganda,Neshat Trade Ltd,180.0
Vietnam,Hk Xiesheng International Trading Ltd.,179.67
India,Haier Biomedical Hk Co Ltd,179.28
Vietnam,Tnhh Ky Thuat Huynh Cuong,177.44481
Vietnam,"Jiangsu Favored Nanotechnology Co., Ltd.",177.42
Vietnam,Linhai Zheyi Arts And Crafts Co. Ltd,176.8
Vietnam,Shanghai Joyrise Trade Co Ltd Chi,175.26
Kenya,Blue Flame Lpg Fittings And Services,173.7
Vietnam,Hangzhou Datong Technology Co. Ltd.,171.0
Malaysia,Shaanxi Tonly Heavy Indutries,170.78
Vietnam,Lauda Dr Wobser Gmbh Co Kg,170.25135
Vietnam,World Symbol Technology Ltd,170.0
Kenya,Press Suppliers Ltd 7 Park Close Nw2 6Rq London Unted Kingdom,168.7
Ghana,Prs Llc,168.399
Vietnam,Lauda Dr R Wobser Gmbh Co Kg,167.96991
Vietnam,The Apollo Group,167.75
Vietnam,Cong Ty Cp Thuong Mai Va Dich Vu Doi Canh Viet,167.11798
Vietnam,Dongguan Xinhonglong Robot Technology Co Ltd,166.7
Vietnam,Pou Sung Vietnam Co.,166.54108
Philippines,Zhongshengyuan Qingdao Machinery,165.0
Vietnam,Cong Ty Tnhh Emc Vina,163.86726
Vietnam,Pti Production And Trading,161.7357
Uganda,Neshat Tradelimited,160.0
Philippines,Jinan Banshan Auto Parts Co Ltd,159.1
Vietnam,Gsi Viet Nam Industrial Equipment Co. Ltd.,157.93647
Vietnam,Cong Ty Tnhh Thiet Bi Cong Nghe So Viet Nam,157.93647
Kenya,Y And T Sister Trading Co Ltd,156.75
Vietnam,Chongqing Sunrise Trade Ltd.,152.78
Vietnam,Cong Ty Tnhh Dien May Ngu Kim Vu Long,152.26614
Malaysia,Juz Air Services Pte Ltd,151.45
Vietnam,Zhongxinda International Trade Hk Co Limited,151.28
Philippines,Terberg Tractors Malaysia Sdn,150.82
Vietnam,Cong Ty Co Phan Xay Dung Va Dau Tu Visicons,150.20499
Vietnam,"Guangxi Pingxiang City Baosheng Import And Export Co., Ltd.",150.0
United States,Nan,150.0
Vietnam,Sumitomo Wiring Systems Ltd,145.95999
Vietnam,Yu Ping Import And Export Co Ltd,144.75605
Vietnam,Guangzhou Wanhui Trading Co Ltd,144.0
Malaysia,"Guangzhou Qiyun Trading Co., Ltd.",142.36
Vietnam,Shangdong Stanluk International Trade Co Ltd,141.6
Vietnam,Caterpillar S A R L,141.02
Vietnam,Setia Chemical Pte Limited,140.0
Vietnam,Dong Guan Xin Zai Lai Shoes Material Co. Ltd,140.0
Vietnam,Dongguan Naili Hardware Accessories Co Ltd,134.0
Vietnam,Dongguan Fengxin E Commerce Co Ltd,131.944
Ghana,Tong Tong Trading Co Ltd,130.282
Vietnam,Fujikako Co. Ltd.,130.2
Vietnam,Lauda Drr Wobser Gmbh Co,127.53631
Vietnam,Shenzhen Carryingmate Industrial Co Ltd,127.477
Vietnam,"Loctek (Ningbo) International Trading Co., Ltd.",126.61
Vietnam,Jama Technology Co Ltd,124.80000000000001
Vietnam,Cong Ty Tnhh Co Nhiet Dien Lanh Bach Khoa,123.92462
Vietnam,Vat Lieu My Thuat Phuong Hoang Viet Nam Tnhh,122.328
United States,Durothane S.A. De C.V.,122.0
Vietnam,Lgd International Ltd,116.4
United States,Pt Zoetis Animal Health Indonesia,114.0
India,Taizhou Yisenr Machinery Equipment Co Ltd,111.33
Vietnam,Nanjing Ruiyi International Trading,111.11
Vietnam,Shenzhen Profit Fields Logestics Co Ltd,109.9
Vietnam,Fujian Anxi Foreign Trade Co Ltd,109.81
Vietnam,Cong Ty Tnhh Cong Nghiep Nhua Xinsheng Viet Nam Lo 39B,107.69425000000001
Vietnam,Cong Ty Co. Phan Cong Nghiep Va Thuong Mai Htv Viet Nam,107.63694
Vietnam,Htv Industrial Tools Company Ltd.,107.63694
Vietnam,Tsuchiya Tsco Co Ltd Hanoi,106.75116
Vietnam,Fashion Hardwares Co Ltd,105.28
Vietnam,Jinan Sero Import And Export Co. Ltd,104.0
Vietnam,"Fuding Precision Component (Shenzhen) Co., Ltd.",103.44
Vietnam,Cong Ty Tnhh Nang Luong Mat Troi Dehui Viet Nam,102.41704
Ghana,Yeehunt Hk Internation Ltd,101.43
Vietnam,Ctk Corporation,100.02248
Vietnam,Hong Kong King - Rongda Technology Co. Ltd.,100.0
United States,Industrial Workshops Sa,100.0
Vietnam,Surcheer Industrial Co Ltd,100.0
Vietnam,Dongguan Lintai Cnc Machinery Co Ltd,100.0
Vietnam,Tkg Taekwang Jinheoung Vina Company Limited,100.0
Vietnam,Tkg Taekwang Jinheoun Young Vina Co. Ltd.,100.0
Vietnam,Runchi Trade Hk Co Ltd,100.0
Vietnam,Hong Thai Automation Electromechanical Co. Ltd.,99.1316
Vietnam,Cong Ty Tnhh Co Dien Tu Dong Hoa Hong Thai,99.1316
India,Satish Sundar,98.0
Vietnam,Danang Industrial Gas Co.,96.71179
Vietnam,Kbs International Import Export And Trading Company Limited,96.26492
Vietnam,Tetra Pak Technical Service Ab,95.43
Vietnam,Tetra Pak Ca,94.94981
United States,Akwel Juarez Mexico Sa De Cv,92.24
Vietnam,Ruida Trading And Manufacturing Co. Ltd.,88.97485
Vietnam,Cong Ty Tnhh Sieu Thi Cong Nghiep Zhenkunhang (Viet Nam),88.97485
Ghana,Ocm Marine Group Ltd,81.827
Malaysia,Moka Co Ltd,80.41
Vietnam,Dongguan Yuyi Trading Ltd,80.0
Vietnam,Yiww Zijia Electronic Comerce Co,80.0
Nigeria,Wenzhou Bluesky Energy Technology Co Ltd,79.531
Vietnam,Cong Ty Tnhh Thiet Bi Cong Nghiep Va Dich Vu Han So Nha,73.50096
Vietnam,Cong Ty Co. Phan Cong Nghe Hop Long,72.34739
United States,B.L. Harbert International L.L.C.,71.94999999999999
Vietnam,Srp Sadid Otomotiv Anonim Sirketi,71.29
Vietnam,Pingxiang Chengjie Imp And Exp Trade Co Ltd,70.3
Vietnam,Universecup International Limited,68.2827
Vietnam,Tetra Pak Trading Shanghai Ltd,67.44
Philippines,Dongguan Hongyi Trading Co Ltd,64.0
Vietnam,Cih Vina Industry Trading Company Limited,61.60954
Vietnam,Cong Ty Tnhh Tm Cong Nghiep Cih Vina,61.60954
Vietnam,Qingdao Taichen Trading Co Ltd,60.0
Vietnam,Dong Guan Do Hearts Technology Co Ltd,60.0
Vietnam,Tokushu Hashigo Seisakusho Vietnam Company Ltd,59.5498
Vietnam,Ky Thuat Huynh Cuong Co Cty Tnhh,58.57086
Vietnam,Cong Ty Tnhh Khoa Hoc Ki Thuat Co Dien Du Thac Mien Bac Viet Nam,57.78992
Vietnam,Du Thac Northern Vietnam Electrical Mechanical Engineering Science Company Ltd.,57.78992
Vietnam,Zhejiang Jingjie Import And Export Co Ltd,57.32
Vietnam,Cong Ty Thuong Mai Va Dich Vu Ky Thuat Vinh Chinh,55.3052
Qatar,Wintech Jewels Equipment Pvt Ltd,54.55
Vietnam,Guangzhou Wanhui Tarding Co Ltd,52.0
Ghana,University Of Bonn Medical Center,51.69
Vietnam,Guangxi Liugong Machinery Co. Ltd.,50.98
Vietnam,Coretech Ltd,50.0
Uganda,Neshat Trade Limited,50.0
Malaysia,Zhaoqing Leoch Battery Technology Co Ltd,48.52
Vietnam,Cong Ty Tnhh Thuong Mai Va Dich Vu Cong Nghiep,48.35589
Vietnam,Pk Trading Construction Company Limited,47.28132
Vietnam,Cong Ty Tnhh Thuong Mai & Xay Dung Pk,47.28132
Uganda,Freight Systems Africa Uganda,45.0
Vietnam,Cong Ty Tnhh Jinsung Electronics Vina,39.65264
Vietnam,Luka Logistics Sorting Hub,38.816
Ghana,Chongyuan Xiamen Fine Chemical Co Ltd,37.303
Vietnam,Xingtai Naknor Technology Co Ltd,35.0
Philippines,Manitowoc Crane Care,32.8
Vietnam,Gd Midea Living Appliances Trading Co. Ltd.,31.0
Nigeria,Jiangshan Jiangming Import And Expo,29.956
Philippines,Yiwu Harpy Import And Export Co Limited,25.2
Vietnam,Dasan Co. Ltd,21.55
Vietnam,Imarket Vietnam Co Ltd,20.29126
Vietnam,Cong Ty Tnhh Imarket Vietnam,20.29126
United States,Consorcio Industrial Mexicano De Autopartes S De R L De C V,19.4
Philippines,Tetra Pak Technical Service Me,18.7
Vietnam,Cong Ty Tnhh Picotrack Viet Nam,15.0
Vietnam,Thinh Nguyen Viet Nam Technology Co. Ltd.,12.39504
Vietnam,Cong Ty Tnhh Cong Nghe Thinh Nguyen Viet Nam,12.39504
Ghana,Kangjia Guangzhou Washing Products Co Ltd,10.184
Vietnam,Cty Tnhh Hop Thinh,7.96116
Philippines,Xiamen Racewell Import Export Co,6.4
Vietnam,Cn Cong Ty Cp Thuong Mai Va Dich Vu Ngoc Ha Tai Hung Yen,5.94786
Vietnam,Hoang Phan Commercial Joint Stock Company,5.3592
Vietnam,Cong Ty Co Phan Thuong Mai Hoang Phan,5.3592
Vietnam,Chaewon Corporation,4.0
Vietnam,Ngoc Ha Trading And Service Joint Stock Company In Hai Duong,1.7447
United States,3M Mexico S.A. De C.V.,1.01
United States,Productos Rivial S A De C V,1.0
Uganda,Project Cure,0.44
Vietnam,Quzhou Dakai Machinery Equipment Co Ltd,0.02
United States,Vrv Asia Pacific Pvt Ltd,0.0
India,Lotte Chemical Titan M Sdn Bhd,0.0
United States,Zhangjiagang Cimc Sanctum,0.0
United States,Msc Shipmanagement Ltd,0.0
United States,Mottogas Otomotiv San Ve Tic Ltd Sti,0.0
United States,Manitowoc Crane Group Netherlands Bv,0.0
United States,Mcwane India Pvt. Ltd.,0.0
United States,Kbk Chem Engineering Pvt Ltd,0.0
United States,Pt Chandra Asri Pacific Tbk,0.0
United States,Tgl Usa Inc,0.0
United States,Svifflug S De Rl De Cv,0.0
United States,Shanghai All-Link Logistics Ltd.,0.0
United States,Shandong Towngas Group Co Ltd,0.0
United States,Setoa Italia S P A,0.0
United States,Refrigerati Srl,0.0
United States,Puma Industrial Co Ltd,0.0
United States,Emo Trans China Ltd Shenzhen,0.0
United States,Pt Bdp Indonesia,0.0
United States,Eversail Logistics Inc,0.0
United States,Eversail Logistics Incorporation,0.0
United States,Jhj International Transportation Co Ltd,0.0
United States,Jiaofeng Auto Parts Co Ltd,0.0
United States,Jintong Transportation Inc,0.0
United States,Dynasol Elastomeros S A De C V,0.0
United States,K Apex Logistics Hk Co Ltd,0.0
United States,Jm Logistic Services S A De C V,0.0
United States,Svifflug S De R L De C V,0.0
United States,Aircom Zhejiang General Equipment,0.0
United States,A S T R A Refrigeranti Srl,0.0
United States,Unique Logistics International,0.0
United States,The Chemours Company Ind E Com De Produtos Quimicos Ltda,0.0
United States,Tugra Makina Takim Tezgahlari Maden,0.0
United States,The Chemours Company Industria E Co,0.0
United States,Dekspell Lojistik Ve Dis Ticaret Ltd,0.0
United States,Dekspell Lojistik Ve Dis Tic,0.0
United States,Cryospain Sl,0.0
United States,Cryospain,0.0
United States,Cryolor Asia Pacific Pvt Ltd,0.0
United States,Hobiex Otomotiv As,0.0
United States,Hobi Otomotiv Yan Sanayi Ve Ticaret,0.0
United States,Hobi Otomotiv Yan Sanayi Ve Tic Lt,0.0
United States,Hailiang Metal Trading Li,0.0
United States,U.Del Corona Scardigli Srl,0.0
United States,U. Del Corona E Scardigli,0.0
United States,U. Del Corona & Scardigli,0.0
United States,U Del Corona Scardigli Srl,0.0
United States,United Aviation Services Nv,0.0
United States,Dsv Air Sea Brasil Ltda.,0.0
United States,Dsv Air & Sea Inc.,0.0
United States,Blue Wing Airline Nv,0.0
United States,Bdp Ugl Global Logistics (India) Pvt. Ltd.,0.0
United States,Astra Refrigeranti Srl,0.0
United States,Inox India Ltd,0.0
United States,Industrias Gutierrez Sa,0.0
United States,Infoedge Technology Co Ltd,0.0
United States,Dextrans Worldwide Philippines Inc,0.0
United States,Industrias Gutierrez S A De C V,0.0
United States,Dekspell Lojistik Ve Dis Ticaret Ltd Sti,0.0
United States,Gfl Environmental Services Inc,0.0
United States,Cimc Sanctum Cryogenic,0.0
United States,"C H Robinson Freight Services, China) Ltd.",0.0
United States,Gum Air Suriname Airlines,0.0
Vietnam,Inner Mongolia Yonghe Fluorochemical Co Ltd,0.0
United States,Jg Summit Olefins Corporation,0.0
Ghana,Betsima Muhendisklik Sanayi Ve Ticaret Ltd Sti,0.0
